CNMC,CPSE,Legacy_Material_Code,Domain,Category,Standardized_National_Description,Original_Description,Normalized_Description,Sub_Type,Primary_Rating,Secondary_Rating,Tolerance,Package_Mounting,Pins_Poles,Voltage_Current,Canonical_Key,Mapping_Status
CNMC-EE-CABL-000001,BHEL,CN9075083068,ELECTRICAL_AND_ELECTRONICS,CABLE_AND_WIRE,CABLE_AND_WIRE,PIDG FASTON RECEPTACLE | LUG FASTON | 9-160583-2 | CBL SIZE:.5-1.5SQMM,PIDG FASTON RECEPTACLE LUG FASTON 9-160583-2 CBL SIZE:.5-1.5SQMM,STANDARD,UNSPECIFIED,UNSPECIFIED,UNSPECIFIED,UNSPECIFIED,UNSPECIFIED,UNSPECIFIED,EE|CABL|STANDARD|UNSPECIFIED|UNSPECIFIED|UNSPECIFIED|UNSPECIFIED|UNSPECIFIED|UNSPECIFIED,AUTO_MAPPED_TO_EXISTING_CNMC
CNMC-EE-CABL-000001,BHEL,DV0688171397,ELECTRICAL_AND_ELECTRONICS,CABLE_AND_WIRE,CABLE_AND_WIRE,CABLE  3X0.24SQMM 600V BLACK | CABLE 3X0.24SQMM 600V BLACK COLOUR | HABIA REF: N 2419 T1 3 | HABIA DWG NO: 700008676,CABLE 3X0.24SQMM 600V BLACK CABLE 3X0.24SQMM 600V BLACK COLOUR HABIA 2419 T1 3 HABIA DWG NO: 700008676,STANDARD,UNSPECIFIED,UNSPECIFIED,UNSPECIFIED,UNSPECIFIED,UNSPECIFIED,UNSPECIFIED,EE|CABL|STANDARD|UNSPECIFIED|UNSPECIFIED|UNSPECIFIED|UNSPECIFIED|UNSPECIFIED|UNSPECIFIED,AUTO_MAPPED_TO_EXISTING_CNMC
CNMC-EE-CABL-000001,BHEL,DV0688171524,ELECTRICAL_AND_ELECTRONICS,CABLE_AND_WIRE,CABLE_AND_WIRE,"SLEEVE FBR GLS SI RBR COATED  ID:12MM | SLEEVE FIBER GLASS WITH SILICON RUBBER | COATING, | RED COLOUR, 2500V. TEMPERATURE: -60 to +220 deg. | C. | INTERNAL DIA: 12MM.",SLEEVE FBR GLS SI RBR COATED ID:12MM SLEEVE FIBER GLASS WITH SILICON RUBBER COATING RED COLOUR 2500V. TEMPERATURE: -60 TO +220 DEG. C. INTERNAL DIA: 12MM.,STANDARD,UNSPECIFIED,UNSPECIFIED,UNSPECIFIED,UNSPECIFIED,UNSPECIFIED,UNSPECIFIED,EE|CABL|STANDARD|UNSPECIFIED|UNSPECIFIED|UNSPECIFIED|UNSPECIFIED|UNSPECIFIED|UNSPECIFIED,AUTO_MAPPED_TO_EXISTING_CNMC
CNMC-EE-CABL-000001,BHEL,DV0688171532,ELECTRICAL_AND_ELECTRONICS,CABLE_AND_WIRE,CABLE_AND_WIRE,"SLEEVE FBR GLS SI RBR COATED  ID:14MM | SLEEVE FIBER GLASS WITH SILICON RUBBER | COATING, | RED COLOUR, 2500V. TEMPERATURE: -60 to +220 deg. | C. | INTERNAL DIA: 14MM.",SLEEVE FBR GLS SI RBR COATED ID:14MM SLEEVE FIBER GLASS WITH SILICON RUBBER COATING RED COLOUR 2500V. TEMPERATURE: -60 TO +220 DEG. C. INTERNAL DIA: 14MM.,STANDARD,UNSPECIFIED,UNSPECIFIED,UNSPECIFIED,UNSPECIFIED,UNSPECIFIED,UNSPECIFIED,EE|CABL|STANDARD|UNSPECIFIED|UNSPECIFIED|UNSPECIFIED|UNSPECIFIED|UNSPECIFIED|UNSPECIFIED,AUTO_MAPPED_TO_EXISTING_CNMC
CNMC-EE-CABL-000001,BHEL,DV0688172300,ELECTRICAL_AND_ELECTRONICS,CABLE_AND_WIRE,CABLE_AND_WIRE,CABLE TIE PLT2M | CABLE TIE PLT2M,CABLE TIE PLT2M CABLE TIE PLT2M,STANDARD,UNSPECIFIED,UNSPECIFIED,UNSPECIFIED,UNSPECIFIED,UNSPECIFIED,UNSPECIFIED,EE|CABL|STANDARD|UNSPECIFIED|UNSPECIFIED|UNSPECIFIED|UNSPECIFIED|UNSPECIFIED|UNSPECIFIED,AUTO_MAPPED_TO_EXISTING_CNMC
CNMC-EE-CABL-000001,BHEL,DV0688172636,ELECTRICAL_AND_ELECTRONICS,CABLE_AND_WIRE,CABLE_AND_WIRE,"FLEXIBLE WRAPPABLE SLEEVE 6.35MM, BLACK | FLEXIBLE WRAPPABLE SLEEVE 6.35MM, | BLACK | Item to be quoted and supplied in | #METER# as an UNITS. | ALPHA make part numbers: | PART NO.: GRP 130 1/4 BK007 | (comes in 50 FT ROLL) | 1 ROLL = 50 FT = 15.24 METER | PART NO.: GRP 130 1/4 BK004 | (comes in 200 FT ROLL) | 1 ROLL = 200FT = 60.94 METER | TECHFLEX make Part numbers: | PART NO.: F6N0.25BK100 | (comes in 100 FT ROLL) | 1 ROLL = 100 FT = 30.48 METER | PART NO.: F6N0.25BK200 | (comes in 200 FT ROLL) | 1 ROLL = 200FT = 60.94 METER",FLEXIBLE WRAPPABLE SLEEVE 6.35MM BLACK FLEXIBLE WRAPPABLE SLEEVE 6.35MM BLACK ITEM TO BE QUOTED AND SUPPLIED IN METER AS AN UNITS. ALPHA MAKE PART NUMBERS: PART NO.: GRP 130 1/4 BK007 COMES IN 50 FT ROLL 1 ROLL 50 FT 15.24 METER PART NO.: GRP 130 1/4 BK004 COMES IN 200 FT ROLL 1 ROLL 200FT 60.94 METER TECHFLEX MAKE PART NUMBERS: PART NO.: F6N0.25BK100 COMES IN 100 FT ROLL 1 ROLL 100 FT 30.48 METER PART NO.: F6N0.25BK200 COMES IN 200 FT ROLL 1 ROLL 200FT 60.94 METER,STANDARD,UNSPECIFIED,UNSPECIFIED,UNSPECIFIED,UNSPECIFIED,UNSPECIFIED,UNSPECIFIED,EE|CABL|STANDARD|UNSPECIFIED|UNSPECIFIED|UNSPECIFIED|UNSPECIFIED|UNSPECIFIED|UNSPECIFIED,AUTO_MAPPED_TO_EXISTING_CNMC
CNMC-EE-CABL-000001,BHEL,DV0688172644,ELECTRICAL_AND_ELECTRONICS,CABLE_AND_WIRE,CABLE_AND_WIRE,"SLEEVE FBR GLS SI RBR COATED ID:7MM | SLEEVE FIBER GLASS WITH SILICON RUBBER | COATING, RED COLOUR, 10kV. | TEMPERATURE: -60 to +220 deg. C. INTERNAL DIA: | 7MM.",SLEEVE FBR GLS SI RBR COATED ID:7MM SLEEVE FIBER GLASS WITH SILICON RUBBER COATING RED COLOUR 10KV. TEMPERATURE: -60 TO +220 DEG. C. INTERNAL DIA: 7MM.,STANDARD,UNSPECIFIED,UNSPECIFIED,UNSPECIFIED,UNSPECIFIED,UNSPECIFIED,UNSPECIFIED,EE|CABL|STANDARD|UNSPECIFIED|UNSPECIFIED|UNSPECIFIED|UNSPECIFIED|UNSPECIFIED|UNSPECIFIED,AUTO_MAPPED_TO_EXISTING_CNMC
CNMC-EE-CABL-000001,BHEL,DV0688182224,ELECTRICAL_AND_ELECTRONICS,CABLE_AND_WIRE,CABLE_AND_WIRE,TRMNL END CU RING 50SQMM M10 | CABLE LUG 50SQMM-M10,TRMNL END CU RING 50SQMM M10 CABLE LUG 50SQMM-M10,STANDARD,UNSPECIFIED,UNSPECIFIED,UNSPECIFIED,UNSPECIFIED,UNSPECIFIED,UNSPECIFIED,EE|CABL|STANDARD|UNSPECIFIED|UNSPECIFIED|UNSPECIFIED|UNSPECIFIED|UNSPECIFIED|UNSPECIFIED,AUTO_MAPPED_TO_EXISTING_CNMC
CNMC-EE-CABL-000001,BHEL,DV0688182666,ELECTRICAL_AND_ELECTRONICS,CABLE_AND_WIRE,CABLE_AND_WIRE,"TRMNL END CU RING 1SQMM M10, INSL- RED | TRMNL END CABLE LUG CU RING, | INSL-RED | PLASTI-GRIP M10 0.5-1.0 SQMM | GUSTAV KLAUKE Part no.: 62010",TRMNL END CU RING 1SQMM M10 INSL- RED TRMNL END CABLE LUG CU RING INSL-RED PLASTI-GRIP M10 0.5-1.0 SQMM GUSTAV KLAUKE PART NO.: 62010,STANDARD,UNSPECIFIED,UNSPECIFIED,UNSPECIFIED,UNSPECIFIED,UNSPECIFIED,UNSPECIFIED,EE|CABL|STANDARD|UNSPECIFIED|UNSPECIFIED|UNSPECIFIED|UNSPECIFIED|UNSPECIFIED|UNSPECIFIED,AUTO_MAPPED_TO_EXISTING_CNMC
CNMC-EE-CABL-000001,BHEL,DV0688182879,ELECTRICAL_AND_ELECTRONICS,CABLE_AND_WIRE,CABLE_AND_WIRE,"Tyrap bracket (3.65"") | Cable tie bracket 3.65"" Strukton Ref: TC375",TYRAP BRACKET 3.65 CABLE TIE BRACKET 3.65 STRUKTON,STANDARD,UNSPECIFIED,UNSPECIFIED,UNSPECIFIED,UNSPECIFIED,UNSPECIFIED,UNSPECIFIED,EE|CABL|STANDARD|UNSPECIFIED|UNSPECIFIED|UNSPECIFIED|UNSPECIFIED|UNSPECIFIED|UNSPECIFIED,AUTO_MAPPED_TO_EXISTING_CNMC
CNMC-EE-CABL-000001,BHEL,DV0692223037,ELECTRICAL_AND_ELECTRONICS,CABLE_AND_WIRE,CABLE_AND_WIRE,CBL 0.5MM2 RADOX125 GREEN/YELLOW | CABLE 0.5 RADOX125 | GREEN/YELLOW | HZN451869P0406,CBL 0.5MM2 RADOX125 GREEN/YELLOW CABLE 0.5 RADOX125 GREEN/YELLOW HZN451869P0406,STANDARD,UNSPECIFIED,UNSPECIFIED,UNSPECIFIED,UNSPECIFIED,UNSPECIFIED,UNSPECIFIED,EE|CABL|STANDARD|UNSPECIFIED|UNSPECIFIED|UNSPECIFIED|UNSPECIFIED|UNSPECIFIED|UNSPECIFIED,AUTO_MAPPED_TO_EXISTING_CNMC
CNMC-EE-CABL-000001,BHEL,DV0692223339,ELECTRICAL_AND_ELECTRONICS,CABLE_AND_WIRE,CABLE_AND_WIRE,CABLE GLAND TYPE 1060.07.075 | SLEEVE METAL | HZN451989P0009 | OEM:Agro AG | OEM P/N:1060.07.075 | Clamping dia: 7.5mm required for | Trafag thermostat 414262032227,CABLE GLAND SLEEVE METAL HZN451989P0009 AG :1060.07.075 CLAMPING DIA: 7.5MM REQUIRED FOR TRAFAG THERMOSTAT 414262032227,STANDARD,UNSPECIFIED,UNSPECIFIED,UNSPECIFIED,UNSPECIFIED,UNSPECIFIED,UNSPECIFIED,EE|CABL|STANDARD|UNSPECIFIED|UNSPECIFIED|UNSPECIFIED|UNSPECIFIED|UNSPECIFIED|UNSPECIFIED,AUTO_MAPPED_TO_EXISTING_CNMC
CNMC-EE-CABL-000001,BHEL,DV0692228802,ELECTRICAL_AND_ELECTRONICS,CABLE_AND_WIRE,CABLE_AND_WIRE,MULTIPLE BASE CABLE TIE PL | MULTIPLE BASE CABLE | TIE | GMN937124P0025,MULTIPLE BASE CABLE TIE PL MULTIPLE BASE CABLE TIE GMN937124P0025,STANDARD,UNSPECIFIED,UNSPECIFIED,UNSPECIFIED,UNSPECIFIED,UNSPECIFIED,UNSPECIFIED,EE|CABL|STANDARD|UNSPECIFIED|UNSPECIFIED|UNSPECIFIED|UNSPECIFIED|UNSPECIFIED|UNSPECIFIED,AUTO_MAPPED_TO_EXISTING_CNMC
CNMC-EE-CABL-000001,BHEL,DV0692332439,ELECTRICAL_AND_ELECTRONICS,CABLE_AND_WIRE,CABLE_AND_WIRE,CABLE CAT6 DPU-MR BACKUP | CABLE CAT6 DPU-MR BACKUP Valmet ref: LD049228 | Make   : M/s Panduit GmbH | Part no: UTPSP3Y,CABLE CAT6 DPU-MR BACKUP CABLE CAT6 DPU-MR BACKUP VALMET MAKE : M/S PANDUIT GMBH PART NO: UTPSP3Y,STANDARD,UNSPECIFIED,UNSPECIFIED,UNSPECIFIED,UNSPECIFIED,UNSPECIFIED,UNSPECIFIED,EE|CABL|STANDARD|UNSPECIFIED|UNSPECIFIED|UNSPECIFIED|UNSPECIFIED|UNSPECIFIED|UNSPECIFIED,AUTO_MAPPED_TO_EXISTING_CNMC
CNMC-EE-CABL-000001,BHEL,DV0692350080,ELECTRICAL_AND_ELECTRONICS,CABLE_AND_WIRE,CABLE_AND_WIRE,"INSULATOR SLEEVE D3X1 | Powernet partno : 65023001 | Used for fixing V1, V11, V26, V27 to heatsink.",INSULATOR SLEEVE D3X1 POWERNET PARTNO : 65023001 USED FOR FIXING V1 V11 V26 V27 TO HEATSINK.,STANDARD,UNSPECIFIED,UNSPECIFIED,UNSPECIFIED,UNSPECIFIED,UNSPECIFIED,UNSPECIFIED,EE|CABL|STANDARD|UNSPECIFIED|UNSPECIFIED|UNSPECIFIED|UNSPECIFIED|UNSPECIFIED|UNSPECIFIED,AUTO_MAPPED_TO_EXISTING_CNMC
CNMC-EE-CABL-000001,BHEL,DV0692360705,ELECTRICAL_AND_ELECTRONICS,CABLE_AND_WIRE,CABLE_AND_WIRE,"CONN ETHERNET CABLE CAT5e RPCE | ETHERNET CABLE ASSEMBLY LENGTH 9.84""",CONN ETHERNET CABLE CAT5E RPCE ETHERNET CABLE ASSEMBLY LENGTH 9.84,STANDARD,UNSPECIFIED,UNSPECIFIED,UNSPECIFIED,UNSPECIFIED,UNSPECIFIED,UNSPECIFIED,EE|CABL|STANDARD|UNSPECIFIED|UNSPECIFIED|UNSPECIFIED|UNSPECIFIED|UNSPECIFIED|UNSPECIFIED,AUTO_MAPPED_TO_EXISTING_CNMC
CNMC-EE-CABL-000001,BHEL,DV0692400298,ELECTRICAL_AND_ELECTRONICS,CABLE_AND_WIRE,CABLE_AND_WIRE,Cable clamp for cable 5-7mm,CABLE CLAMP FOR CABLE 5-7MM,STANDARD,UNSPECIFIED,UNSPECIFIED,UNSPECIFIED,UNSPECIFIED,UNSPECIFIED,UNSPECIFIED,EE|CABL|STANDARD|UNSPECIFIED|UNSPECIFIED|UNSPECIFIED|UNSPECIFIED|UNSPECIFIED|UNSPECIFIED,AUTO_MAPPED_TO_EXISTING_CNMC
CNMC-EE-CABL-000001,BHEL,DV0692400301,ELECTRICAL_AND_ELECTRONICS,CABLE_AND_WIRE,CABLE_AND_WIRE,Cable clamp 7-10mm,CABLE CLAMP 7-10MM,STANDARD,UNSPECIFIED,UNSPECIFIED,UNSPECIFIED,UNSPECIFIED,UNSPECIFIED,UNSPECIFIED,EE|CABL|STANDARD|UNSPECIFIED|UNSPECIFIED|UNSPECIFIED|UNSPECIFIED|UNSPECIFIED|UNSPECIFIED,AUTO_MAPPED_TO_EXISTING_CNMC
CNMC-EE-CABL-000001,BHEL,DV0692404961,ELECTRICAL_AND_ELECTRONICS,CABLE_AND_WIRE,CABLE_AND_WIRE,SCREENED CABLE  3X0.5 SQMM 600V | SCRND CABLE 3X0.5 SQMM 600V | P/N: 004-12551-020 | MAKE: HABIA CABLE AB,SCREENED CABLE 3X0.5 SQMM 600V SCRND CABLE 3X0.5 SQMM 600V P/N: 004-12551-020 MAKE: HABIA CABLE AB,STANDARD,UNSPECIFIED,UNSPECIFIED,UNSPECIFIED,UNSPECIFIED,UNSPECIFIED,UNSPECIFIED,EE|CABL|STANDARD|UNSPECIFIED|UNSPECIFIED|UNSPECIFIED|UNSPECIFIED|UNSPECIFIED|UNSPECIFIED,AUTO_MAPPED_TO_EXISTING_CNMC
CNMC-EE-CABL-000001,BHEL,DV0692404980,ELECTRICAL_AND_ELECTRONICS,CABLE_AND_WIRE,CABLE_AND_WIRE,"CABLE H-BBM 0.5SQMM, RED | CABLE H-BBM 0.5SQMM,2000V RED COLOUR",CABLE H-BBM 0.5SQMM RED CABLE H-BBM 0.5SQMM 2000V RED COLOUR,STANDARD,UNSPECIFIED,UNSPECIFIED,UNSPECIFIED,UNSPECIFIED,UNSPECIFIED,UNSPECIFIED,EE|CABL|STANDARD|UNSPECIFIED|UNSPECIFIED|UNSPECIFIED|UNSPECIFIED|UNSPECIFIED|UNSPECIFIED,AUTO_MAPPED_TO_EXISTING_CNMC
CNMC-EE-CAP-000001,BHEL,CT7420499047,ELECTRICAL_AND_ELECTRONICS,CAPACITOR,CAPACITOR,SW PB 0.5A BLACK 1.840.9008 +1.840.0031 | SWITCH P.B.+ CAP BLK | 1.840.9008 + 1.840.0031 | CONTACT RATING=0.5A | Both Control knob and Push Button Switch to be supplied | as one item packaged in same Enclosure,SWITCH PB 0.5A BLACK 1.840.9008 +1.840.0031 SWITCH P.B.+ CAP BLK 1.840.9008 + 1.840.0031 CONTACT RATING 0.5A BOTH CONTROL KNOB AND PUSH BUTTON SWITCH TO BE SUPPLIED AS ONE ITEM PACKAGED IN SAME ENCLOSURE,STANDARD,UNSPECIFIED,UNSPECIFIED,UNSPECIFIED,UNSPECIFIED,UNSPECIFIED,UNSPECIFIED,EE|CAP|STANDARD|UNSPECIFIED|UNSPECIFIED|UNSPECIFIED|UNSPECIFIED|UNSPECIFIED|UNSPECIFIED,AUTO_MAPPED_TO_EXISTING_CNMC
CNMC-EE-CAP-000001,BHEL,DV0692302379,ELECTRICAL_AND_ELECTRONICS,CAPACITOR,CAPACITOR,"PLUNGER CAP BLACK DIA 0.1 INCH  EP&TP | PLUNGER CAP BLACK | DIA 0.1 INCH, EP&TP",PLUNGER CAP BLACK DIA 0.1 INCH EP TP PLUNGER CAP BLACK DIA 0.1 INCH EP TP,STANDARD,UNSPECIFIED,UNSPECIFIED,UNSPECIFIED,UNSPECIFIED,UNSPECIFIED,UNSPECIFIED,EE|CAP|STANDARD|UNSPECIFIED|UNSPECIFIED|UNSPECIFIED|UNSPECIFIED|UNSPECIFIED|UNSPECIFIED,AUTO_MAPPED_TO_EXISTING_CNMC
CNMC-EE-CONN-000011,BHEL,CN9068410059,ELECTRICAL_AND_ELECTRONICS,CONNECTOR,"CONNECTOR, TEST JACK, 2MM",TEST JACK DBL POLE 2MM | SOC TEST DBL POLE 1812-2235,TEST JACK DOUBLE POLE 2MM SOCKET TEST DOUBLE POLE 1812-2235,TEST_JACK,2MM,UNSPECIFIED,UNSPECIFIED,UNSPECIFIED,UNSPECIFIED,UNSPECIFIED,EE|CONN|TEST_JACK|2MM|UNSPECIFIED|UNSPECIFIED|UNSPECIFIED|UNSPECIFIED|UNSPECIFIED,AUTO_MAPPED_TO_EXISTING_CNMC
CNMC-EE-CONN-000011,BHEL,CN9068410091,ELECTRICAL_AND_ELECTRONICS,CONNECTOR,"CONNECTOR, TEST JACK, 2MM",SWITCH JACK 2MM | SOC TEST 1.817.2131,SWITCH JACK 2MM SOCKET TEST 1.817.2131,TEST_JACK,2MM,UNSPECIFIED,UNSPECIFIED,UNSPECIFIED,UNSPECIFIED,UNSPECIFIED,EE|CONN|TEST_JACK|2MM|UNSPECIFIED|UNSPECIFIED|UNSPECIFIED|UNSPECIFIED|UNSPECIFIED,AUTO_MAPPED_TO_EXISTING_CNMC
CNMC-EE-CONN-000011,BHEL,CN9068426001,ELECTRICAL_AND_ELECTRONICS,CONNECTOR,"CONNECTOR, TEST JACK, 2MM",CNCTR SOC TEST DBL POLE 2MM | SOC TEST PB040.1111 | BLACK | XN400774P1,CONNECTOR SOCKET TEST DOUBLE POLE 2MM SOCKET TEST PB040.1111 BLACK XN400774P1,TEST_JACK,2MM,UNSPECIFIED,UNSPECIFIED,UNSPECIFIED,UNSPECIFIED,UNSPECIFIED,EE|CONN|TEST_JACK|2MM|UNSPECIFIED|UNSPECIFIED|UNSPECIFIED|UNSPECIFIED|UNSPECIFIED,AUTO_MAPPED_TO_EXISTING_CNMC
CNMC-EE-CONN-000011,BHEL,CN9068426141,ELECTRICAL_AND_ELECTRONICS,CONNECTOR,"CONNECTOR, TEST JACK, 2MM",CNCTR SOC TEST DBL POLE 2MM | SOC TEST | BLACK | PB 0040.1151 | DRG:HETT400129P1,CONNECTOR SOCKET TEST DOUBLE POLE 2MM SOCKET TEST BLACK PB 0040.1151,TEST_JACK,2MM,UNSPECIFIED,UNSPECIFIED,UNSPECIFIED,UNSPECIFIED,UNSPECIFIED,EE|CONN|TEST_JACK|2MM|UNSPECIFIED|UNSPECIFIED|UNSPECIFIED|UNSPECIFIED|UNSPECIFIED,AUTO_MAPPED_TO_EXISTING_CNMC
CNMC-EE-CONN-000011,BHEL,CN9068426150,ELECTRICAL_AND_ELECTRONICS,CONNECTOR,"CONNECTOR, TEST JACK, 2MM",CNCTR SOC TEST DBL POLE 2MM | SOC TEST | PB040.1290,CONNECTOR SOCKET TEST DOUBLE POLE 2MM SOCKET TEST PB040.1290,TEST_JACK,2MM,UNSPECIFIED,UNSPECIFIED,UNSPECIFIED,UNSPECIFIED,UNSPECIFIED,EE|CONN|TEST_JACK|2MM|UNSPECIFIED|UNSPECIFIED|UNSPECIFIED|UNSPECIFIED|UNSPECIFIED,AUTO_MAPPED_TO_EXISTING_CNMC
CNMC-EE-CONN-000012,BHEL,CN9075142021,ELECTRICAL_AND_ELECTRONICS,CONNECTOR,CONNECTOR,CNCTR RECEPTACLE FOR SL CRMPG,CONNECTOR RECEPTACLE FOR SL CRMPG,STANDARD,UNSPECIFIED,UNSPECIFIED,UNSPECIFIED,UNSPECIFIED,UNSPECIFIED,UNSPECIFIED,EE|CONN|STANDARD|UNSPECIFIED|UNSPECIFIED|UNSPECIFIED|UNSPECIFIED|UNSPECIFIED|UNSPECIFIED,AUTO_MAPPED_TO_EXISTING_CNMC
CNMC-EE-CONN-000012,BHEL,CN9075319509,ELECTRICAL_AND_ELECTRONICS,CONNECTOR,CONNECTOR,CNCTR POWER | CNCTR 350824-2 | GE REF:218A4629P4,CONNECTOR POWER CONNECTOR 350824-2 GE,STANDARD,UNSPECIFIED,UNSPECIFIED,UNSPECIFIED,UNSPECIFIED,UNSPECIFIED,UNSPECIFIED,EE|CONN|STANDARD|UNSPECIFIED|UNSPECIFIED|UNSPECIFIED|UNSPECIFIED|UNSPECIFIED|UNSPECIFIED,AUTO_MAPPED_TO_EXISTING_CNMC
CNMC-EE-CONN-000012,BHEL,CN9075319541,ELECTRICAL_AND_ELECTRONICS,CONNECTOR,CONNECTOR,CNCTR RT ANGLE HDR-RS232C RECEPTACLE | CNCTR RT ANGLE HDR- | RS232C RECEPTACLE | 745105-2 278A3465P1,CONNECTOR RT ANGLE HDR-RS232C RECEPTACLE CONNECTOR RT ANGLE HDR- RS232C RECEPTACLE 745105-2 278A3465P1,STANDARD,UNSPECIFIED,UNSPECIFIED,UNSPECIFIED,UNSPECIFIED,UNSPECIFIED,UNSPECIFIED,EE|CONN|STANDARD|UNSPECIFIED|UNSPECIFIED|UNSPECIFIED|UNSPECIFIED|UNSPECIFIED|UNSPECIFIED,AUTO_MAPPED_TO_EXISTING_CNMC
CNMC-EE-CONN-000012,BHEL,CN9075319746,ELECTRICAL_AND_ELECTRONICS,CONNECTOR,CONNECTOR,CNCTR POWER PIN | PIN FOR POWER CNCTR | 350713-2 | GE REF:218A4647P1,CONNECTOR POWER PIN PIN FOR POWER CONNECTOR 350713-2 GE,STANDARD,UNSPECIFIED,UNSPECIFIED,UNSPECIFIED,UNSPECIFIED,UNSPECIFIED,UNSPECIFIED,EE|CONN|STANDARD|UNSPECIFIED|UNSPECIFIED|UNSPECIFIED|UNSPECIFIED|UNSPECIFIED|UNSPECIFIED,AUTO_MAPPED_TO_EXISTING_CNMC
CNMC-EE-CONN-000012,BHEL,DV0692223967,ELECTRICAL_AND_ELECTRONICS,CONNECTOR,CONNECTOR,ADAPTER PLUGNBT200235P0511 | Adapter plug | NBT200235P0511,ADAPTER PLUGNBT200235P0511 ADAPTER PLUG NBT200235P0511,STANDARD,UNSPECIFIED,UNSPECIFIED,UNSPECIFIED,UNSPECIFIED,UNSPECIFIED,UNSPECIFIED,EE|CONN|STANDARD|UNSPECIFIED|UNSPECIFIED|UNSPECIFIED|UNSPECIFIED|UNSPECIFIED|UNSPECIFIED,AUTO_MAPPED_TO_EXISTING_CNMC
CNMC-EE-CONN-000012,BHEL,DV0692224386,ELECTRICAL_AND_ELECTRONICS,CONNECTOR,CONNECTOR,CABLE CONNECTOR 3 POLIG TYPE 510-25 | PLUG | EIN400236P0003 | DRG:EIN400236P0003 | REF TYPE NO 510-25,CABLE CONNECTOR 3 POLIG PLUG EIN400236P0003 NO 510-25,STANDARD,UNSPECIFIED,UNSPECIFIED,UNSPECIFIED,UNSPECIFIED,UNSPECIFIED,UNSPECIFIED,EE|CONN|STANDARD|UNSPECIFIED|UNSPECIFIED|UNSPECIFIED|UNSPECIFIED|UNSPECIFIED|UNSPECIFIED,AUTO_MAPPED_TO_EXISTING_CNMC
CNMC-EE-CONN-000012,BHEL,DV0692225633,ELECTRICAL_AND_ELECTRONICS,CONNECTOR,CONNECTOR,CNCTR PIN CONTACT | PIN CONTACT | 8656-0352-066 | DRG:HESN454591P0100,CONNECTOR PIN CONTACT PIN CONTACT 8656-0352-066,STANDARD,UNSPECIFIED,UNSPECIFIED,UNSPECIFIED,UNSPECIFIED,UNSPECIFIED,UNSPECIFIED,EE|CONN|STANDARD|UNSPECIFIED|UNSPECIFIED|UNSPECIFIED|UNSPECIFIED|UNSPECIFIED|UNSPECIFIED,AUTO_MAPPED_TO_EXISTING_CNMC
CNMC-EE-CONN-000012,BHEL,DV0692225641,ELECTRICAL_AND_ELECTRONICS,CONNECTOR,CONNECTOR,CNCTR PIN CASE 15 POLES | PIN CASE 15 POLES | 8656-15pl LTX | DRG:HESN454591P0115,CONNECTOR PIN CASE 15 POLES PIN CASE 15 POLES 8656-15PL LTX,STANDARD,UNSPECIFIED,UNSPECIFIED,UNSPECIFIED,UNSPECIFIED,UNSPECIFIED,UNSPECIFIED,EE|CONN|STANDARD|UNSPECIFIED|UNSPECIFIED|UNSPECIFIED|UNSPECIFIED|UNSPECIFIED|UNSPECIFIED,AUTO_MAPPED_TO_EXISTING_CNMC
CNMC-EE-CONN-000012,BHEL,DV0692274758,ELECTRICAL_AND_ELECTRONICS,CONNECTOR,CONNECTOR,TERMINAL RECEPTACL FOR SL CRMPG- 63241-3 | Terminal RCPT FASTIN-FASTON 110 SERIES 63241-3 | CNCTR RECEPTACLE FOR SL CRMPG | Termination Style: Crimp,TERMINAL RECEPTACL FOR SL CRMPG- 63241-3 TERMINAL RCPT FASTIN-FASTON 110 SERIES 63241-3 CONNECTOR RECEPTACLE FOR SL CRMPG TERMINATION STYLE: CRIMP,STANDARD,UNSPECIFIED,UNSPECIFIED,UNSPECIFIED,UNSPECIFIED,UNSPECIFIED,UNSPECIFIED,EE|CONN|STANDARD|UNSPECIFIED|UNSPECIFIED|UNSPECIFIED|UNSPECIFIED|UNSPECIFIED|UNSPECIFIED,AUTO_MAPPED_TO_EXISTING_CNMC
CNMC-EE-CONN-000012,BHEL,DV0692332782,ELECTRICAL_AND_ELECTRONICS,CONNECTOR,CONNECTOR,"CONNECTOR 2X17 PINS | maxDNA PART REF: LD082604,A | RoHS DEVICE WITH BACKWARD COMPATIBILITY.",CONNECTOR 2X17 PINS MAXDNA PART A,STANDARD,UNSPECIFIED,UNSPECIFIED,UNSPECIFIED,UNSPECIFIED,UNSPECIFIED,UNSPECIFIED,EE|CONN|STANDARD|UNSPECIFIED|UNSPECIFIED|UNSPECIFIED|UNSPECIFIED|UNSPECIFIED|UNSPECIFIED,AUTO_MAPPED_TO_EXISTING_CNMC
CNMC-EE-CONN-000012,BHEL,DV0692332804,ELECTRICAL_AND_ELECTRONICS,CONNECTOR,CONNECTOR,"CONNECTOR RJ45 W/ MAGNETICS | maxDNA PART REF: LD082568,A | RoHS DEVICE WITH BACKWARD COMPATIBILITY.",CONNECTOR RJ45 W/ MAGNETICS MAXDNA PART A,STANDARD,UNSPECIFIED,UNSPECIFIED,UNSPECIFIED,UNSPECIFIED,UNSPECIFIED,UNSPECIFIED,EE|CONN|STANDARD|UNSPECIFIED|UNSPECIFIED|UNSPECIFIED|UNSPECIFIED|UNSPECIFIED|UNSPECIFIED,AUTO_MAPPED_TO_EXISTING_CNMC
CNMC-EE-CONN-000012,BHEL,DV0692332855,ELECTRICAL_AND_ELECTRONICS,CONNECTOR,CONNECTOR,"CONNECTOR RJ45 JK0-0036NL | maxDNA PART REF: LD094004,A | ROHS WITH BACKWARD COMPATIBILITY",CONNECTOR RJ45 JK0-0036NL MAXDNA PART A ROHS WITH BACKWARD COMPATIBILITY,STANDARD,UNSPECIFIED,UNSPECIFIED,UNSPECIFIED,UNSPECIFIED,UNSPECIFIED,UNSPECIFIED,EE|CONN|STANDARD|UNSPECIFIED|UNSPECIFIED|UNSPECIFIED|UNSPECIFIED|UNSPECIFIED|UNSPECIFIED,AUTO_MAPPED_TO_EXISTING_CNMC
CNMC-EE-CONN-000012,BHEL,DV0692333277,ELECTRICAL_AND_ELECTRONICS,CONNECTOR,CONNECTOR,CONNECTOR 4-PORT 100 BASE-T | VALMET REF: 094276 DATE CODE TO BE LESS THAN | 24 MONTHS OF THE INVOICE | DATE. BHEL'S WRITTEN APPROVAL IS REQUIRED IN | CASE OF ANY DEVIATION AS | ABOVE.,CONNECTOR 4-PORT 100 BASE-T VALMET,STANDARD,UNSPECIFIED,UNSPECIFIED,UNSPECIFIED,UNSPECIFIED,UNSPECIFIED,UNSPECIFIED,EE|CONN|STANDARD|UNSPECIFIED|UNSPECIFIED|UNSPECIFIED|UNSPECIFIED|UNSPECIFIED|UNSPECIFIED,AUTO_MAPPED_TO_EXISTING_CNMC
CNMC-EE-CONN-000012,BHEL,DV0692333285,ELECTRICAL_AND_ELECTRONICS,CONNECTOR,CONNECTOR,CONNECTOR 7X2 POS. 2.54 PITCH | VALMET REF: 094284 DATE CODE TO BE LESS THAN | 24 MONTHS OF THE INVOICE | DATE. BHEL'S WRITTEN APPROVAL IS REQUIRED IN | CASE OF ANY DEVIATION AS | ABOVE.,CONNECTOR 7X2 POS. 2.54 PITCH VALMET,STANDARD,UNSPECIFIED,UNSPECIFIED,UNSPECIFIED,UNSPECIFIED,UNSPECIFIED,UNSPECIFIED,EE|CONN|STANDARD|UNSPECIFIED|UNSPECIFIED|UNSPECIFIED|UNSPECIFIED|UNSPECIFIED|UNSPECIFIED,AUTO_MAPPED_TO_EXISTING_CNMC
CNMC-EE-CONN-000012,BHEL,DV0692348042,ELECTRICAL_AND_ELECTRONICS,CONNECTOR,CONNECTOR,"CONNECTOR 16CON MCV 1,5/16-GF-3,81 | MA PART NO: 71000319,0",CONNECTOR 16CON MCV 1 5/16-GF-3 81 MA PART NO: 71000319 0,STANDARD,UNSPECIFIED,UNSPECIFIED,UNSPECIFIED,UNSPECIFIED,UNSPECIFIED,UNSPECIFIED,EE|CONN|STANDARD|UNSPECIFIED|UNSPECIFIED|UNSPECIFIED|UNSPECIFIED|UNSPECIFIED|UNSPECIFIED,AUTO_MAPPED_TO_EXISTING_CNMC
CNMC-EE-CONN-000012,BHEL,DV0692349510,ELECTRICAL_AND_ELECTRONICS,CONNECTOR,CONNECTOR,"CONNECTOR DUAL RJ45 MIC24A10-0101W-LF3 | METSODNA PART REF:71102410,0",CONNECTOR DUAL RJ45 MIC24A10-0101W-LF3 METSODNA PART 0,STANDARD,UNSPECIFIED,UNSPECIFIED,UNSPECIFIED,UNSPECIFIED,UNSPECIFIED,UNSPECIFIED,EE|CONN|STANDARD|UNSPECIFIED|UNSPECIFIED|UNSPECIFIED|UNSPECIFIED|UNSPECIFIED|UNSPECIFIED,AUTO_MAPPED_TO_EXISTING_CNMC
CNMC-EE-CONN-000012,BHEL,DV0692402110,ELECTRICAL_AND_ELECTRONICS,CONNECTOR,CONNECTOR,PC104 CNCTR 32X2 NON STACK M20-6113245 | PC104 CONNECTOR | 32X2 NON-STACK THROUGH | OEM: HARWIN | P/N: M20-6113245,PC104 CONNECTOR 32X2 NON STACK M20-6113245 PC104 CONNECTOR 32X2 NON-STACK THROUGH P/N: M20-6113245,STANDARD,UNSPECIFIED,UNSPECIFIED,UNSPECIFIED,UNSPECIFIED,UNSPECIFIED,UNSPECIFIED,EE|CONN|STANDARD|UNSPECIFIED|UNSPECIFIED|UNSPECIFIED|UNSPECIFIED|UNSPECIFIED|UNSPECIFIED,AUTO_MAPPED_TO_EXISTING_CNMC
CNMC-EE-CONN-000012,BHEL,DV0692405690,ELECTRICAL_AND_ELECTRONICS,CONNECTOR,CONNECTOR,PC104 STACK CNCTR 32X2 STACK | 4P02-2A02-DA  - 3M ELECTRONIC PRODUCTS DIVISION,PC104 STACK CONNECTOR 32X2 STACK 4P02-2A02-DA - 3M ELECTRONIC PRODUCTS DIVISION,STANDARD,UNSPECIFIED,UNSPECIFIED,UNSPECIFIED,UNSPECIFIED,UNSPECIFIED,UNSPECIFIED,EE|CONN|STANDARD|UNSPECIFIED|UNSPECIFIED|UNSPECIFIED|UNSPECIFIED|UNSPECIFIED|UNSPECIFIED,AUTO_MAPPED_TO_EXISTING_CNMC
CNMC-EE-CONN-000012,BHEL,DV0692431301,ELECTRICAL_AND_ELECTRONICS,CONNECTOR,CONNECTOR,HOUSING SCREW CNCTR SACC-BP-F-M12-7 THR | HOUSING SCREW CNCTR SACC-BP-F-M12-7 THR | P/N.1414003 OEM:PHOENIX CONTACT,HOUSING SCREW CONNECTOR SACC-BP-F-M12-7 THR HOUSING SCREW CONNECTOR SACC-BP-F-M12-7 THR P/N.1414003 CONTACT,STANDARD,UNSPECIFIED,UNSPECIFIED,UNSPECIFIED,UNSPECIFIED,UNSPECIFIED,UNSPECIFIED,EE|CONN|STANDARD|UNSPECIFIED|UNSPECIFIED|UNSPECIFIED|UNSPECIFIED|UNSPECIFIED|UNSPECIFIED,AUTO_MAPPED_TO_EXISTING_CNMC
CNMC-EE-CONN-000014,BHEL,CN9075319576,ELECTRICAL_AND_ELECTRONICS,CONNECTOR,"CONNECTOR, IDC",CNCTR IDC HDR WITHOUT EJECTORS | HDR WITHOUT EJECTORS | 87942-1 | GE REF:218A4807P1,CONNECTOR IDC HDR WITHOUT EJECTORS HDR WITHOUT EJECTORS 87942-1 GE,IDC,UNSPECIFIED,UNSPECIFIED,UNSPECIFIED,UNSPECIFIED,UNSPECIFIED,UNSPECIFIED,EE|CONN|IDC|UNSPECIFIED|UNSPECIFIED|UNSPECIFIED|UNSPECIFIED|UNSPECIFIED|UNSPECIFIED,AUTO_MAPPED_TO_EXISTING_CNMC
CNMC-EE-CONN-000014,BHEL,CN9075319584,ELECTRICAL_AND_ELECTRONICS,CONNECTOR,"CONNECTOR, IDC",CNCTR IDC HDR WITHOUT EJECTORS | HDR WITHOUT EJECTORS | 87942-2 | GE REF:218A4807P4,CONNECTOR IDC HDR WITHOUT EJECTORS HDR WITHOUT EJECTORS 87942-2 GE,IDC,UNSPECIFIED,UNSPECIFIED,UNSPECIFIED,UNSPECIFIED,UNSPECIFIED,UNSPECIFIED,EE|CONN|IDC|UNSPECIFIED|UNSPECIFIED|UNSPECIFIED|UNSPECIFIED|UNSPECIFIED|UNSPECIFIED,AUTO_MAPPED_TO_EXISTING_CNMC
CNMC-EE-CONN-000014,BHEL,CN9075319592,ELECTRICAL_AND_ELECTRONICS,CONNECTOR,"CONNECTOR, IDC",CNCTR IDC HDR WITHOUT EJECTORS | HDR WITHOUT EJECTORS | 87942-3 | GE REF:218A4807P3,CONNECTOR IDC HDR WITHOUT EJECTORS HDR WITHOUT EJECTORS 87942-3 GE,IDC,UNSPECIFIED,UNSPECIFIED,UNSPECIFIED,UNSPECIFIED,UNSPECIFIED,UNSPECIFIED,EE|CONN|IDC|UNSPECIFIED|UNSPECIFIED|UNSPECIFIED|UNSPECIFIED|UNSPECIFIED|UNSPECIFIED,AUTO_MAPPED_TO_EXISTING_CNMC
CNMC-EE-CONN-000014,BHEL,CN9075319606,ELECTRICAL_AND_ELECTRONICS,CONNECTOR,"CONNECTOR, IDC",CNCTR IDC HDR WITHOUT EJECTORS | HDR WITHOUT EJECTORS | 87942-4 | GE REF:218A4807P2,CONNECTOR IDC HDR WITHOUT EJECTORS HDR WITHOUT EJECTORS 87942-4 GE,IDC,UNSPECIFIED,UNSPECIFIED,UNSPECIFIED,UNSPECIFIED,UNSPECIFIED,UNSPECIFIED,EE|CONN|IDC|UNSPECIFIED|UNSPECIFIED|UNSPECIFIED|UNSPECIFIED|UNSPECIFIED|UNSPECIFIED,AUTO_MAPPED_TO_EXISTING_CNMC
CNMC-EE-CONN-000014,BHEL,CN9075319614,ELECTRICAL_AND_ELECTRONICS,CONNECTOR,"CONNECTOR, IDC",CNCTR IDC HDR WITHOUT EJECTORS | HDR WITHOUT EJECTORS | 87942-5,CONNECTOR IDC HDR WITHOUT EJECTORS HDR WITHOUT EJECTORS 87942-5,IDC,UNSPECIFIED,UNSPECIFIED,UNSPECIFIED,UNSPECIFIED,UNSPECIFIED,UNSPECIFIED,EE|CONN|IDC|UNSPECIFIED|UNSPECIFIED|UNSPECIFIED|UNSPECIFIED|UNSPECIFIED|UNSPECIFIED,AUTO_MAPPED_TO_EXISTING_CNMC
CNMC-EE-CONN-000016,BHEL,CN9075319754,ELECTRICAL_AND_ELECTRONICS,CONNECTOR,"CONNECTOR, TEST JACK",CNCTR POWER SOC | SOC FOR POWER CNCTR | 350829-2 | GE REF:350829-2,CONNECTOR POWER SOCKET SOCKET FOR POWER CONNECTOR 350829-2 GE,TEST_JACK,UNSPECIFIED,UNSPECIFIED,UNSPECIFIED,UNSPECIFIED,UNSPECIFIED,UNSPECIFIED,EE|CONN|TEST_JACK|UNSPECIFIED|UNSPECIFIED|UNSPECIFIED|UNSPECIFIED|UNSPECIFIED|UNSPECIFIED,AUTO_MAPPED_TO_EXISTING_CNMC
CNMC-EE-CONN-000016,BHEL,DV0692358305,ELECTRICAL_AND_ELECTRONICS,CONNECTOR,"CONNECTOR, TEST JACK","CONNECTOR CRIMP SOCKET | VALMET REF:71050079,0 DATE CODE TO BE LESS | THAN 24 MONTHS OF THE INVOICE | DATE. BHEL'S WRITTEN APPROVAL IS REQUIRED IN | CASE OF ANY DEVIATION AS | ABOVE.",CONNECTOR CRIMP SOCKET VALMET 0,TEST_JACK,UNSPECIFIED,UNSPECIFIED,UNSPECIFIED,UNSPECIFIED,UNSPECIFIED,UNSPECIFIED,EE|CONN|TEST_JACK|UNSPECIFIED|UNSPECIFIED|UNSPECIFIED|UNSPECIFIED|UNSPECIFIED|UNSPECIFIED,AUTO_MAPPED_TO_EXISTING_CNMC
CNMC-EE-CONN-000035,BHEL,DV0692333301,ELECTRICAL_AND_ELECTRONICS,CONNECTOR,"CONNECTOR, PKG SMD",CONNECTOR USB MICRO-B SMD | VALMET REF: 094301 DATE CODE TO BE LESS THAN | 24 MONTHS OF THE INVOICE | DATE. BHEL'S WRITTEN APPROVAL IS REQUIRED IN | CASE OF ANY DEVIATION AS | ABOVE.,CONNECTOR USB MICRO-B SMD VALMET,STANDARD,UNSPECIFIED,UNSPECIFIED,UNSPECIFIED,SMD,UNSPECIFIED,UNSPECIFIED,EE|CONN|STANDARD|UNSPECIFIED|UNSPECIFIED|UNSPECIFIED|SMD|UNSPECIFIED|UNSPECIFIED,AUTO_MAPPED_TO_EXISTING_CNMC
CNMC-EE-CONN-000035,BHEL,DV0692334238,ELECTRICAL_AND_ELECTRONICS,CONNECTOR,"CONNECTOR, PKG SMD","CONNECTOR PC TEST POINT MINIATURE SMD | ""DATE CODE TO BE LESS THAN 24 MONTHS | FROM INVOICE DATE.",CONNECTOR PC TEST POINT MINIATURE SMD,STANDARD,UNSPECIFIED,UNSPECIFIED,UNSPECIFIED,SMD,UNSPECIFIED,UNSPECIFIED,EE|CONN|STANDARD|UNSPECIFIED|UNSPECIFIED|UNSPECIFIED|SMD|UNSPECIFIED|UNSPECIFIED,AUTO_MAPPED_TO_EXISTING_CNMC
CNMC-EE-CONN-000035,BHEL,DV0692344012,ELECTRICAL_AND_ELECTRONICS,CONNECTOR,"CONNECTOR, PKG SMD","CONNECTOR SMD 2X9 PIN RIGHT ANGLE | MA PART NO: 71170918,0 OEM PACKING ONLY.",CONNECTOR SMD 2X9 PIN RIGHT_ANGLED MA PART NO: 71170918 0 ONLY.,STANDARD,UNSPECIFIED,UNSPECIFIED,UNSPECIFIED,SMD,UNSPECIFIED,UNSPECIFIED,EE|CONN|STANDARD|UNSPECIFIED|UNSPECIFIED|UNSPECIFIED|SMD|UNSPECIFIED|UNSPECIFIED,AUTO_MAPPED_TO_EXISTING_CNMC
CNMC-EE-CONN-000035,BHEL,DV0692344020,ELECTRICAL_AND_ELECTRONICS,CONNECTOR,"CONNECTOR, PKG SMD","CONNECTOR SMD 2X10 PIN RIGHT ANGLE | MA PART NO: 71170920,0",CONNECTOR SMD 2X10 PIN RIGHT_ANGLED MA PART NO: 71170920 0,STANDARD,UNSPECIFIED,UNSPECIFIED,UNSPECIFIED,SMD,UNSPECIFIED,UNSPECIFIED,EE|CONN|STANDARD|UNSPECIFIED|UNSPECIFIED|UNSPECIFIED|SMD|UNSPECIFIED|UNSPECIFIED,AUTO_MAPPED_TO_EXISTING_CNMC
CNMC-EE-CONN-000035,BHEL,DV0692348158,ELECTRICAL_AND_ELECTRONICS,CONNECTOR,"CONNECTOR, PKG SMD",CONNECTOR SD-MEMORY CARD SMD | MA PART NO: 71005738,CONNECTOR SD-MEMORY CARD SMD MA PART NO: 71005738,STANDARD,UNSPECIFIED,UNSPECIFIED,UNSPECIFIED,SMD,UNSPECIFIED,UNSPECIFIED,EE|CONN|STANDARD|UNSPECIFIED|UNSPECIFIED|UNSPECIFIED|SMD|UNSPECIFIED|UNSPECIFIED,AUTO_MAPPED_TO_EXISTING_CNMC
CNMC-EE-CONN-000035,BHEL,DV0692349340,ELECTRICAL_AND_ELECTRONICS,CONNECTOR,"CONNECTOR, PKG SMD","CONNECTOR 2X5 PINS SMD TSM-105-01-L-DV | METSODNA PART REF:71172105,0",CONNECTOR 2X5 PINS SMD TSM-105-01-L-DV METSODNA PART 0,STANDARD,UNSPECIFIED,UNSPECIFIED,UNSPECIFIED,SMD,UNSPECIFIED,UNSPECIFIED,EE|CONN|STANDARD|UNSPECIFIED|UNSPECIFIED|UNSPECIFIED|SMD|UNSPECIFIED|UNSPECIFIED,AUTO_MAPPED_TO_EXISTING_CNMC
CNMC-EE-CONN-000035,BHEL,DV0692349502,ELECTRICAL_AND_ELECTRONICS,CONNECTOR,"CONNECTOR, PKG SMD","CONNECTOR 230POS AS0B326-S78N-7F SMD | METSODNA PART REF:71123078,0",CONNECTOR 230POS AS0B326-S78N-7F SMD METSODNA PART 0,STANDARD,UNSPECIFIED,UNSPECIFIED,UNSPECIFIED,SMD,UNSPECIFIED,UNSPECIFIED,EE|CONN|STANDARD|UNSPECIFIED|UNSPECIFIED|UNSPECIFIED|SMD|UNSPECIFIED|UNSPECIFIED,AUTO_MAPPED_TO_EXISTING_CNMC
CNMC-EE-CONN-000035,BHEL,DV0692359400,ELECTRICAL_AND_ELECTRONICS,CONNECTOR,"CONNECTOR, PKG SMD",CONNECTOR SD-MEMORY CARD SMD,CONNECTOR SD-MEMORY CARD SMD,STANDARD,UNSPECIFIED,UNSPECIFIED,UNSPECIFIED,SMD,UNSPECIFIED,UNSPECIFIED,EE|CONN|STANDARD|UNSPECIFIED|UNSPECIFIED|UNSPECIFIED|SMD|UNSPECIFIED|UNSPECIFIED,AUTO_MAPPED_TO_EXISTING_CNMC
CNMC-EE-CONN-000036,BHEL,DV0692343130,ELECTRICAL_AND_ELECTRONICS,CONNECTOR,"CONNECTOR, MALE","CONNECTOR FEMALE IPS1-104-01-S-D-RA | MA PART NO: 71000108,0 OEM PACKING ONLY. DATE | CODE TO BE LESS THAN 24 | MONTHS FROM INVOICE DATE. BHEL'S WRITTEN | APPROVAL IS REQUIRED IN CASE OF | ANY DEVIATION FROM THE ABOVE.",CONNECTOR FEMALE IPS1-104-01-S-D-RA MA PART NO: 71000108 0 ONLY.,STANDARD,UNSPECIFIED,UNSPECIFIED,UNSPECIFIED,UNSPECIFIED,UNSPECIFIED,UNSPECIFIED,EE|CONN|STANDARD|UNSPECIFIED|UNSPECIFIED|UNSPECIFIED|UNSPECIFIED|UNSPECIFIED|MALE,AUTO_MAPPED_TO_EXISTING_CNMC
CNMC-EE-CONN-000036,BHEL,DV0692343148,ELECTRICAL_AND_ELECTRONICS,CONNECTOR,"CONNECTOR, MALE","CONNECTOR MALE IPT1-104-01-S-D-RA | MA PART NO: 71000114,0 OEM PACKING ONLY. DATE | CODE TO BE LESS THAN 24 | MONTHS FROM INVOICE DATE. BHEL'S WRITTEN | APPROVAL IS REQUIRED IN CASE OF",CONNECTOR MALE IPT1-104-01-S-D-RA MA PART NO: 71000114 0 ONLY.,STANDARD,UNSPECIFIED,UNSPECIFIED,UNSPECIFIED,UNSPECIFIED,UNSPECIFIED,UNSPECIFIED,EE|CONN|STANDARD|UNSPECIFIED|UNSPECIFIED|UNSPECIFIED|UNSPECIFIED|UNSPECIFIED|MALE,AUTO_MAPPED_TO_EXISTING_CNMC
CNMC-EE-CONN-000038,BHEL,DV0692344055,ELECTRICAL_AND_ELECTRONICS,CONNECTOR,"CONNECTOR, PKG SMD, MALE","CONNECTOR SMD 2X5 FEMALE STRAIGHT | MA PART NO: 71171010,0",CONNECTOR SMD 2X5 FEMALE STRAIGHT MA PART NO: 71171010 0,STANDARD,UNSPECIFIED,UNSPECIFIED,UNSPECIFIED,SMD,UNSPECIFIED,UNSPECIFIED,EE|CONN|STANDARD|UNSPECIFIED|UNSPECIFIED|UNSPECIFIED|SMD|UNSPECIFIED|MALE,AUTO_MAPPED_TO_EXISTING_CNMC
CNMC-EE-CONN-000038,BHEL,DV0692344063,ELECTRICAL_AND_ELECTRONICS,CONNECTOR,"CONNECTOR, PKG SMD, MALE","CONNECTOR SMD 2X3 FEMALE STRAIGHT | MA PART NO: 71171013,0",CONNECTOR SMD 2X3 FEMALE STRAIGHT MA PART NO: 71171013 0,STANDARD,UNSPECIFIED,UNSPECIFIED,UNSPECIFIED,SMD,UNSPECIFIED,UNSPECIFIED,EE|CONN|STANDARD|UNSPECIFIED|UNSPECIFIED|UNSPECIFIED|SMD|UNSPECIFIED|MALE,AUTO_MAPPED_TO_EXISTING_CNMC
CNMC-EE-CONN-000038,BHEL,DV0692344080,ELECTRICAL_AND_ELECTRONICS,CONNECTOR,"CONNECTOR, PKG SMD, MALE","CONNECTOR SMD 2X10 FEMALE STRAIGHT | MA PART NO: 71171020,0",CONNECTOR SMD 2X10 FEMALE STRAIGHT MA PART NO: 71171020 0,STANDARD,UNSPECIFIED,UNSPECIFIED,UNSPECIFIED,SMD,UNSPECIFIED,UNSPECIFIED,EE|CONN|STANDARD|UNSPECIFIED|UNSPECIFIED|UNSPECIFIED|SMD|UNSPECIFIED|MALE,AUTO_MAPPED_TO_EXISTING_CNMC
CNMC-EE-CONN-000040,BHEL,DV0692344209,ELECTRICAL_AND_ELECTRONICS,CONNECTOR,"CONNECTOR, PKG STRAIGHT, MALE","CONNECTOR 2X9 PIN FEMALE STRAIGHT | MA PART NO: 71173018,0",CONNECTOR 2X9 PIN FEMALE STRAIGHT MA PART NO: 71173018 0,STANDARD,UNSPECIFIED,UNSPECIFIED,UNSPECIFIED,STRAIGHT,UNSPECIFIED,UNSPECIFIED,EE|CONN|STANDARD|UNSPECIFIED|UNSPECIFIED|UNSPECIFIED|STRAIGHT|UNSPECIFIED|MALE,AUTO_MAPPED_TO_EXISTING_CNMC
CNMC-EE-CONN-000040,BHEL,DV0692344225,ELECTRICAL_AND_ELECTRONICS,CONNECTOR,"CONNECTOR, PKG STRAIGHT, MALE","CONNECTOR 2X10 PIN FEMALE STRAIGHT | MA PART NO: 71173020,0",CONNECTOR 2X10 PIN FEMALE STRAIGHT MA PART NO: 71173020 0,STANDARD,UNSPECIFIED,UNSPECIFIED,UNSPECIFIED,STRAIGHT,UNSPECIFIED,UNSPECIFIED,EE|CONN|STANDARD|UNSPECIFIED|UNSPECIFIED|UNSPECIFIED|STRAIGHT|UNSPECIFIED|MALE,AUTO_MAPPED_TO_EXISTING_CNMC
CNMC-EE-CONN-000047,BHEL,DV0692400352,ELECTRICAL_AND_ELECTRONICS,CONNECTOR,"CONNECTOR, D SUB, MALE","D-Sub Crimpcntct female gold pltd 0,5mm²",D-SUB CRIMPCNTCT FEMALE GOLD PLTD 0 5MM²,D_SUB,UNSPECIFIED,UNSPECIFIED,UNSPECIFIED,UNSPECIFIED,UNSPECIFIED,UNSPECIFIED,EE|CONN|D_SUB|UNSPECIFIED|UNSPECIFIED|UNSPECIFIED|UNSPECIFIED|UNSPECIFIED|MALE,AUTO_MAPPED_TO_EXISTING_CNMC
CNMC-EE-CONN-000047,BHEL,DV0692400360,ELECTRICAL_AND_ELECTRONICS,CONNECTOR,"CONNECTOR, D SUB, MALE","D-Sub Crimpcntct male gold pltd 0,5mm²",D-SUB CRIMPCNTCT MALE GOLD PLTD 0 5MM²,D_SUB,UNSPECIFIED,UNSPECIFIED,UNSPECIFIED,UNSPECIFIED,UNSPECIFIED,UNSPECIFIED,EE|CONN|D_SUB|UNSPECIFIED|UNSPECIFIED|UNSPECIFIED|UNSPECIFIED|UNSPECIFIED|MALE,AUTO_MAPPED_TO_EXISTING_CNMC
CNMC-EE-CONN-000048,BHEL,DV0692400850,ELECTRICAL_AND_ELECTRONICS,CONNECTOR,"CONNECTOR, PIN HEADER, 2.54MM, PKG THROUGH_HOLE",HEADER 5X2 2.54MM 90131-0765 TH | HEADER 5X2 2.54MM TH | OEM:MOLEX | P/N:90131-0765,HEADER 5X2 2.54MM 90131-0765 THROUGH_HOLE HEADER 5X2 2.54MM THROUGH_HOLE P/N:90131-0765,PIN_HEADER,2.54MM,UNSPECIFIED,UNSPECIFIED,THROUGH_HOLE,UNSPECIFIED,UNSPECIFIED,EE|CONN|PIN_HEADER|2.54MM|UNSPECIFIED|UNSPECIFIED|THROUGH_HOLE|UNSPECIFIED|UNSPECIFIED,AUTO_MAPPED_TO_EXISTING_CNMC
CNMC-EE-CONN-000048,BHEL,DV0692400869,ELECTRICAL_AND_ELECTRONICS,CONNECTOR,"CONNECTOR, PIN HEADER, 2.54MM, PKG THROUGH_HOLE",HEADER 7X2 2.54MM 90131-0767 TH | HEADER 7X2 2.54MM TH NO. PIN 3 | (REMOVE MANUALLY) | OEM:MOLEX | P/N:90131-0767,HEADER 7X2 2.54MM 90131-0767 THROUGH_HOLE HEADER 7X2 2.54MM THROUGH_HOLE NO. PIN 3 REMOVE MANUALLY P/N:90131-0767,PIN_HEADER,2.54MM,UNSPECIFIED,UNSPECIFIED,THROUGH_HOLE,UNSPECIFIED,UNSPECIFIED,EE|CONN|PIN_HEADER|2.54MM|UNSPECIFIED|UNSPECIFIED|THROUGH_HOLE|UNSPECIFIED|UNSPECIFIED,AUTO_MAPPED_TO_EXISTING_CNMC
CNMC-EE-CONN-000048,BHEL,DV0692403205,ELECTRICAL_AND_ELECTRONICS,CONNECTOR,"CONNECTOR, PIN HEADER, 2.54MM, PKG THROUGH_HOLE",HEADER 5X2 2.54MM DW-5-15-L-D-236 TH | CONNECTOR HEADER 5X2 2.54MM TH | OEM:SAMTEC | P/N:DW-5-15-L-D-236,HEADER 5X2 2.54MM DW-5-15-L-D-236 THROUGH_HOLE CONNECTOR HEADER 5X2 2.54MM THROUGH_HOLE P/N:DW-5-15-L-D-236,PIN_HEADER,2.54MM,UNSPECIFIED,UNSPECIFIED,THROUGH_HOLE,UNSPECIFIED,UNSPECIFIED,EE|CONN|PIN_HEADER|2.54MM|UNSPECIFIED|UNSPECIFIED|THROUGH_HOLE|UNSPECIFIED|UNSPECIFIED,AUTO_MAPPED_TO_EXISTING_CNMC
CNMC-EE-CONN-000048,BHEL,DV0692405219,ELECTRICAL_AND_ELECTRONICS,CONNECTOR,"CONNECTOR, PIN HEADER, 2.54MM, PKG THROUGH_HOLE","HEADER 5X2 2.54MM VERT LONG LATCH | ERT LATCHES SHROUDED TH 10 pins, | straight, long lever",HEADER 5X2 2.54MM VERT LONG LATCH ERT LATCHES SHROUDED THROUGH_HOLE 10 PINS STRAIGHT LONG LEVER,PIN_HEADER,2.54MM,UNSPECIFIED,UNSPECIFIED,THROUGH_HOLE,UNSPECIFIED,UNSPECIFIED,EE|CONN|PIN_HEADER|2.54MM|UNSPECIFIED|UNSPECIFIED|THROUGH_HOLE|UNSPECIFIED|UNSPECIFIED,AUTO_MAPPED_TO_EXISTING_CNMC
CNMC-EE-CONN-000048,BHEL,DV0692410023,ELECTRICAL_AND_ELECTRONICS,CONNECTOR,"CONNECTOR, PIN HEADER, 2.54MM, PKG THROUGH_HOLE",HEADER 7X2 2.54MM VERT SHROUDED TH | HEADER 7X2 2.54MM VERT SHROUDED TH | OEM:AMP/TYCO P/N:281272-2,HEADER 7X2 2.54MM VERT SHROUDED THROUGH_HOLE HEADER 7X2 2.54MM VERT SHROUDED THROUGH_HOLE P/N:281272-2,PIN_HEADER,2.54MM,UNSPECIFIED,UNSPECIFIED,THROUGH_HOLE,UNSPECIFIED,UNSPECIFIED,EE|CONN|PIN_HEADER|2.54MM|UNSPECIFIED|UNSPECIFIED|THROUGH_HOLE|UNSPECIFIED|UNSPECIFIED,AUTO_MAPPED_TO_EXISTING_CNMC
CNMC-EE-CONN-000048,BHEL,DV0692410589,ELECTRICAL_AND_ELECTRONICS,CONNECTOR,"CONNECTOR, PIN HEADER, 2.54MM, PKG THROUGH_HOLE",HEADER 8X2 2.54MM VERT SHROUDED TH | HEADER 8X2 2.54MM VERT SHROUDED TH | OEM:AMP/TYCO P/N:281273-2,HEADER 8X2 2.54MM VERT SHROUDED THROUGH_HOLE HEADER 8X2 2.54MM VERT SHROUDED THROUGH_HOLE P/N:281273-2,PIN_HEADER,2.54MM,UNSPECIFIED,UNSPECIFIED,THROUGH_HOLE,UNSPECIFIED,UNSPECIFIED,EE|CONN|PIN_HEADER|2.54MM|UNSPECIFIED|UNSPECIFIED|THROUGH_HOLE|UNSPECIFIED|UNSPECIFIED,AUTO_MAPPED_TO_EXISTING_CNMC
CNMC-EE-CONN-000051,BHEL,DV0692402071,ELECTRICAL_AND_ELECTRONICS,CONNECTOR,"CONNECTOR, 48P",BRACKET NUT 48P CNCTR LEFT 09060009966 | BRACKET WITH NUT FOR 48P CONNECTOR(LEFT) | OEM:HARTING | P/N:09060009966,BRACKET NUT 48P CONNECTOR LEFT 09060009966 BRACKET WITH NUT FOR 48P CONNECTOR LEFT P/N:09060009966,STANDARD,UNSPECIFIED,UNSPECIFIED,UNSPECIFIED,UNSPECIFIED,48P,UNSPECIFIED,EE|CONN|STANDARD|UNSPECIFIED|UNSPECIFIED|UNSPECIFIED|UNSPECIFIED|48P|UNSPECIFIED,AUTO_MAPPED_TO_EXISTING_CNMC
CNMC-EE-CONN-000051,BHEL,DV0692402080,ELECTRICAL_AND_ELECTRONICS,CONNECTOR,"CONNECTOR, 48P",BRACKET NUT 48P CNCTR RIGHT 09060009967 | BRACKET WITH NUT FOR 48P CONNECTOR(RIGHT) | OEM:HARTING | P/N:09060009967,BRACKET NUT 48P CONNECTOR RIGHT 09060009967 BRACKET WITH NUT FOR 48P CONNECTOR RIGHT P/N:09060009967,STANDARD,UNSPECIFIED,UNSPECIFIED,UNSPECIFIED,UNSPECIFIED,48P,UNSPECIFIED,EE|CONN|STANDARD|UNSPECIFIED|UNSPECIFIED|UNSPECIFIED|UNSPECIFIED|48P|UNSPECIFIED,AUTO_MAPPED_TO_EXISTING_CNMC
CNMC-EE-CONN-000052,BHEL,DV0692402098,ELECTRICAL_AND_ELECTRONICS,CONNECTOR,"CONNECTOR, PIN HEADER, 2.54MM",HEADER SHORT 8X2 2.54MM RA 09185166913 | HEADER 8X2 2.54MM RA FLATCABLE SHORT LEVERS | OEM:HARTING | P/N:09185166913,HEADER SHORT 8X2 2.54MM RA 09185166913 HEADER 8X2 2.54MM RA FLATCABLE SHORT LEVERS P/N:09185166913,PIN_HEADER,2.54MM,UNSPECIFIED,UNSPECIFIED,UNSPECIFIED,UNSPECIFIED,UNSPECIFIED,EE|CONN|PIN_HEADER|2.54MM|UNSPECIFIED|UNSPECIFIED|UNSPECIFIED|UNSPECIFIED|UNSPECIFIED,AUTO_MAPPED_TO_EXISTING_CNMC
CNMC-EE-CONN-000052,BHEL,DV0692402128,ELECTRICAL_AND_ELECTRONICS,CONNECTOR,"CONNECTOR, PIN HEADER, 2.54MM",HEADER 3X2 2.54MM RAM20-9950345 | HEADER 3X2 2.54MM RA | OEM: HARWIN | P/N: M20-9950345,HEADER 3X2 2.54MM RAM20-9950345 HEADER 3X2 2.54MM RA P/N: M20-9950345,PIN_HEADER,2.54MM,UNSPECIFIED,UNSPECIFIED,UNSPECIFIED,UNSPECIFIED,UNSPECIFIED,EE|CONN|PIN_HEADER|2.54MM|UNSPECIFIED|UNSPECIFIED|UNSPECIFIED|UNSPECIFIED|UNSPECIFIED,AUTO_MAPPED_TO_EXISTING_CNMC
CNMC-EE-CONN-000054,BHEL,DV0692402896,ELECTRICAL_AND_ELECTRONICS,CONNECTOR,"CONNECTOR, PIN HEADER, 4.20MM, PKG THROUGH_HOLE",HEADER 7X2 4.20MM VERT 39-28-9148 TH | HEADER 7X2 4.20MM VERTICAL PEGS | DRAIN HOLES MINI-FIT JR. | OEM:MOLEX | P/N:39-28-9148,HEADER 7X2 4.20MM VERT 39-28-9148 THROUGH_HOLE HEADER 7X2 4.20MM VERTICAL PEGS DRAIN HOLES MINI-FIT JR. P/N:39-28-9148,PIN_HEADER,4.20MM,UNSPECIFIED,UNSPECIFIED,THROUGH_HOLE,UNSPECIFIED,UNSPECIFIED,EE|CONN|PIN_HEADER|4.20MM|UNSPECIFIED|UNSPECIFIED|THROUGH_HOLE|UNSPECIFIED|UNSPECIFIED,AUTO_MAPPED_TO_EXISTING_CNMC
CNMC-EE-CONN-000054,BHEL,DV0692404163,ELECTRICAL_AND_ELECTRONICS,CONNECTOR,"CONNECTOR, PIN HEADER, 4.20MM, PKG THROUGH_HOLE",HEADER 2X2 4.20MM RA PEGS 39-30-1042  TH | HEADER 2X2 4.20MM RIGHT ANGLE | WITH PEGS MOLEX 5569 TH | OEM:MOLEX | P/N:39-30-1042,HEADER 2X2 4.20MM RA PEGS 39-30-1042 THROUGH_HOLE HEADER 2X2 4.20MM RIGHT_ANGLED WITH PEGS MOLEX 5569 THROUGH_HOLE P/N:39-30-1042,PIN_HEADER,4.20MM,UNSPECIFIED,UNSPECIFIED,THROUGH_HOLE,UNSPECIFIED,UNSPECIFIED,EE|CONN|PIN_HEADER|4.20MM|UNSPECIFIED|UNSPECIFIED|THROUGH_HOLE|UNSPECIFIED|UNSPECIFIED,AUTO_MAPPED_TO_EXISTING_CNMC
CNMC-EE-CONN-000056,BHEL,DV0692404244,ELECTRICAL_AND_ELECTRONICS,CONNECTOR,"CONNECTOR, PIN HEADER, 2.54MM, PKG SMD",HEADER 5X2 2.54MM HTST-105-01-L-DV SMD | HEADER 5X2 2.54MM SHROUDED SMT | OEM:SAMTEC | P/N:HTST-105-01-L-DV,HEADER 5X2 2.54MM HTST-105-01-L-DV SMD HEADER 5X2 2.54MM SHROUDED SMD P/N:HTST-105-01-L-DV,PIN_HEADER,2.54MM,UNSPECIFIED,UNSPECIFIED,SMD,UNSPECIFIED,UNSPECIFIED,EE|CONN|PIN_HEADER|2.54MM|UNSPECIFIED|UNSPECIFIED|SMD|UNSPECIFIED|UNSPECIFIED,AUTO_MAPPED_TO_EXISTING_CNMC
CNMC-EE-CONN-000056,BHEL,DV0692405003,ELECTRICAL_AND_ELECTRONICS,CONNECTOR,"CONNECTOR, PIN HEADER, 2.54MM, PKG SMD",HEADER 3X2 2.54MM VERT SMD | HEADER 3X2 2.54MM VERT SMT PIN LENGTH | 8.133MM,HEADER 3X2 2.54MM VERT SMD HEADER 3X2 2.54MM VERT SMD PIN LENGTH 8.133MM,PIN_HEADER,2.54MM,UNSPECIFIED,UNSPECIFIED,SMD,UNSPECIFIED,UNSPECIFIED,EE|CONN|PIN_HEADER|2.54MM|UNSPECIFIED|UNSPECIFIED|SMD|UNSPECIFIED|UNSPECIFIED,AUTO_MAPPED_TO_EXISTING_CNMC
CNMC-EE-CONN-000063,BHEL,DV0692511290,ELECTRICAL_AND_ELECTRONICS,CONNECTOR,"CONNECTOR, D SUB, 9P, PKG THROUGH_HOLE, MALE",CONN D-SUB 9P MALE RA SOLDER TH | OEM P/N:09661636813 OEM:HARTING,CONN D-SUB 9P MALE RA SOLDER THROUGH_HOLE :09661636813,D_SUB,UNSPECIFIED,UNSPECIFIED,UNSPECIFIED,THROUGH_HOLE,9P,UNSPECIFIED,EE|CONN|D_SUB|UNSPECIFIED|UNSPECIFIED|UNSPECIFIED|THROUGH_HOLE|9P|MALE,AUTO_MAPPED_TO_EXISTING_CNMC
CNMC-EE-CONN-000063,BHEL,DV0692511571,ELECTRICAL_AND_ELECTRONICS,CONNECTOR,"CONNECTOR, D SUB, 9P, PKG THROUGH_HOLE, MALE","CONN D-SUB 9P FEMALE RA SOLDER TH | OEM:HARTING CONNECTOR P/N.09661536612 ""OEM | PACKAGING ONLY. DATE CODE TO | BE | LESS | THAN | MONTHS | FROM | INVOICE | DATE.BHEL'S WRITTEN APPROVAL IS | REQUIRED IN CASE OF ANY DEVIATION FROM THE | ABOVE."" Loose packets and | boxes not acceptable Tape and Reel only",CONN D-SUB 9P FEMALE RA SOLDER THROUGH_HOLE CONNECTOR P/N.09661536612,D_SUB,UNSPECIFIED,UNSPECIFIED,UNSPECIFIED,THROUGH_HOLE,9P,UNSPECIFIED,EE|CONN|D_SUB|UNSPECIFIED|UNSPECIFIED|UNSPECIFIED|THROUGH_HOLE|9P|MALE,AUTO_MAPPED_TO_EXISTING_CNMC
CNMC-EE-CONN-000069,BHEL,DV0692344284,ELECTRICAL_AND_ELECTRONICS,CONNECTOR,"CONNECTOR, PKG RIGHT_ANGLED, MALE","CONNECTOR 2X7/5 ELEV FEMALE RIGHT ANGLE | MA PART NO:71176910,0",CONNECTOR 2X7/5 ELEV FEMALE RIGHT_ANGLED MA PART NO:71176910 0,STANDARD,UNSPECIFIED,UNSPECIFIED,UNSPECIFIED,RIGHT_ANGLED,UNSPECIFIED,UNSPECIFIED,EE|CONN|STANDARD|UNSPECIFIED|UNSPECIFIED|UNSPECIFIED|RIGHT_ANGLED|UNSPECIFIED|MALE,AUTO_MAPPED_TO_EXISTING_CNMC
CNMC-EE-CONN-000069,BHEL,DV0692344292,ELECTRICAL_AND_ELECTRONICS,CONNECTOR,"CONNECTOR, PKG RIGHT_ANGLED, MALE","CONNECTOR 2X7 ELEV FEMALE RIGHT ANGLE | MA PART NO:71176914,0",CONNECTOR 2X7 ELEV FEMALE RIGHT_ANGLED MA PART NO:71176914 0,STANDARD,UNSPECIFIED,UNSPECIFIED,UNSPECIFIED,RIGHT_ANGLED,UNSPECIFIED,UNSPECIFIED,EE|CONN|STANDARD|UNSPECIFIED|UNSPECIFIED|UNSPECIFIED|RIGHT_ANGLED|UNSPECIFIED|MALE,AUTO_MAPPED_TO_EXISTING_CNMC
CNMC-EE-FUSE-000003,BHEL,CN9073160049,ELECTRICAL_AND_ELECTRONICS,FUSE,FUSE,FUSE SPR BASE 1/4INCH 102071 | FUSE SPR BASE 1/4 | INCH 102071,FUSE SPR BASE 1/4INCH 102071 FUSE SPR BASE 1/4 INCH 102071,STANDARD,UNSPECIFIED,UNSPECIFIED,UNSPECIFIED,UNSPECIFIED,UNSPECIFIED,UNSPECIFIED,EE|FUSE|STANDARD|UNSPECIFIED|UNSPECIFIED|UNSPECIFIED|UNSPECIFIED|UNSPECIFIED|UNSPECIFIED,AUTO_MAPPED_TO_EXISTING_CNMC
CNMC-EE-FUSE-000003,BHEL,CN9073161029,ELECTRICAL_AND_ELECTRONICS,FUSE,FUSE,FUSE BASE 273 PCB281007 | FUSE BASE 273 PCB,FUSE BASE 273 PCB281007 FUSE BASE 273 PCB,STANDARD,UNSPECIFIED,UNSPECIFIED,UNSPECIFIED,UNSPECIFIED,UNSPECIFIED,UNSPECIFIED,EE|FUSE|STANDARD|UNSPECIFIED|UNSPECIFIED|UNSPECIFIED|UNSPECIFIED|UNSPECIFIED|UNSPECIFIED,AUTO_MAPPED_TO_EXISTING_CNMC
CNMC-EE-FUSE-000003,BHEL,DV0692301275,ELECTRICAL_AND_ELECTRONICS,FUSE,FUSE,FUSE HOLDER P.C. MT.MAXPART:47386 | MAXPART:47386 | DATE CODE CLAUSE: | DATE CODE OF THE ITEMS SUPPLIED SHALL BE | LESS THAN OR EQUAL TO 24 MONTHS FROM THE | INVOICE DATE. PRIOR APPROVAL TO BE TAKEN | BY VENDOR IN CASE OF ANY DEVIATION FROM | THIS CLAUSE.,FUSE HOLDER P.C. MT.MAXPART:47386 MAXPART:47386,STANDARD,UNSPECIFIED,UNSPECIFIED,UNSPECIFIED,UNSPECIFIED,UNSPECIFIED,UNSPECIFIED,EE|FUSE|STANDARD|UNSPECIFIED|UNSPECIFIED|UNSPECIFIED|UNSPECIFIED|UNSPECIFIED|UNSPECIFIED,AUTO_MAPPED_TO_EXISTING_CNMC
CNMC-EE-IC-000001,BHEL,CN9065547010,ELECTRICAL_AND_ELECTRONICS,INTEGRATED_CIRCUIT,INTEGRATED_CIRCUIT,IC LIN VOLTAGE REF 10V | IC LIN LH0070-OH | VOLREF TO-5 | -55 TO 125øC 10V,IC LIN VOLTAGE IC LIN LH0070-OH VOLREF TO-5 -55 TO 125ØC 10V,STANDARD,UNSPECIFIED,UNSPECIFIED,UNSPECIFIED,UNSPECIFIED,UNSPECIFIED,UNSPECIFIED,EE|IC|STANDARD|UNSPECIFIED|UNSPECIFIED|UNSPECIFIED|UNSPECIFIED|UNSPECIFIED|UNSPECIFIED,AUTO_MAPPED_TO_EXISTING_CNMC
CNMC-EE-IC-000001,BHEL,CN9065701010,ELECTRICAL_AND_ELECTRONICS,INTEGRATED_CIRCUIT,INTEGRATED_CIRCUIT,IC MP PROGRAMMABLE INTRVL TIMR 82C54 | CMS,IC MP PROGRAMMABLE INTRVL TIMR 82C54 CMS,STANDARD,UNSPECIFIED,UNSPECIFIED,UNSPECIFIED,UNSPECIFIED,UNSPECIFIED,UNSPECIFIED,EE|IC|STANDARD|UNSPECIFIED|UNSPECIFIED|UNSPECIFIED|UNSPECIFIED|UNSPECIFIED|UNSPECIFIED,AUTO_MAPPED_TO_EXISTING_CNMC
CNMC-EE-IC-000001,BHEL,CN9065702016,ELECTRICAL_AND_ELECTRONICS,INTEGRATED_CIRCUIT,INTEGRATED_CIRCUIT,IC MP COMMUNICATION IF 8251A | IC MP P8251A | NMOS,IC MP COMMUNICATION IF 8251A IC MP P8251A NMOS,STANDARD,UNSPECIFIED,UNSPECIFIED,UNSPECIFIED,UNSPECIFIED,UNSPECIFIED,UNSPECIFIED,EE|IC|STANDARD|UNSPECIFIED|UNSPECIFIED|UNSPECIFIED|UNSPECIFIED|UNSPECIFIED|UNSPECIFIED,AUTO_MAPPED_TO_EXISTING_CNMC
CNMC-EE-IC-000001,BHEL,CN9065714014,ELECTRICAL_AND_ELECTRONICS,INTEGRATED_CIRCUIT,INTEGRATED_CIRCUIT,IC MP NMS 82288 | IC MP P82288 | NMS,IC MP NMS 82288 IC MP P82288 NMS,STANDARD,UNSPECIFIED,UNSPECIFIED,UNSPECIFIED,UNSPECIFIED,UNSPECIFIED,UNSPECIFIED,EE|IC|STANDARD|UNSPECIFIED|UNSPECIFIED|UNSPECIFIED|UNSPECIFIED|UNSPECIFIED|UNSPECIFIED,AUTO_MAPPED_TO_EXISTING_CNMC
CNMC-EE-IC-000001,BHEL,CN9065843019,ELECTRICAL_AND_ELECTRONICS,INTEGRATED_CIRCUIT,INTEGRATED_CIRCUIT,IC DGTL FZH115B | IC DGTL FZH115B,IC DGTL FZH115B IC DGTL FZH115B,STANDARD,UNSPECIFIED,UNSPECIFIED,UNSPECIFIED,UNSPECIFIED,UNSPECIFIED,UNSPECIFIED,EE|IC|STANDARD|UNSPECIFIED|UNSPECIFIED|UNSPECIFIED|UNSPECIFIED|UNSPECIFIED|UNSPECIFIED,AUTO_MAPPED_TO_EXISTING_CNMC
CNMC-EE-IC-000001,BHEL,CN9065886001,ELECTRICAL_AND_ELECTRONICS,INTEGRATED_CIRCUIT,INTEGRATED_CIRCUIT,IC DGTL FZK105 | IC DGTL FZK105,IC DGTL FZK105 IC DGTL FZK105,STANDARD,UNSPECIFIED,UNSPECIFIED,UNSPECIFIED,UNSPECIFIED,UNSPECIFIED,UNSPECIFIED,EE|IC|STANDARD|UNSPECIFIED|UNSPECIFIED|UNSPECIFIED|UNSPECIFIED|UNSPECIFIED|UNSPECIFIED,AUTO_MAPPED_TO_EXISTING_CNMC
CNMC-EE-IC-000001,BHEL,CN9066212055,ELECTRICAL_AND_ELECTRONICS,INTEGRATED_CIRCUIT,INTEGRATED_CIRCUIT,IC IF TTL QUAD LINE RECVR 26LS32 | IC IF DS26LS32CN | AM26LS32PC,IC IF TTL QUAD LINE RECVR 26LS32 IC IF DS26LS32CN AM26LS32PC,STANDARD,UNSPECIFIED,UNSPECIFIED,UNSPECIFIED,UNSPECIFIED,UNSPECIFIED,UNSPECIFIED,EE|IC|STANDARD|UNSPECIFIED|UNSPECIFIED|UNSPECIFIED|UNSPECIFIED|UNSPECIFIED|UNSPECIFIED,AUTO_MAPPED_TO_EXISTING_CNMC
CNMC-EE-IC-000001,BHEL,CN9066223049,ELECTRICAL_AND_ELECTRONICS,INTEGRATED_CIRCUIT,INTEGRATED_CIRCUIT,IC MP NMS INTERRUPT CONTROLLER 8259 | IC MP 8259A | NMS,IC MP NMS INTERRUPT CONTROLLER 8259 IC MP 8259A NMS,STANDARD,UNSPECIFIED,UNSPECIFIED,UNSPECIFIED,UNSPECIFIED,UNSPECIFIED,UNSPECIFIED,EE|IC|STANDARD|UNSPECIFIED|UNSPECIFIED|UNSPECIFIED|UNSPECIFIED|UNSPECIFIED|UNSPECIFIED,AUTO_MAPPED_TO_EXISTING_CNMC
CNMC-EE-IC-000001,BHEL,CN9066225106,ELECTRICAL_AND_ELECTRONICS,INTEGRATED_CIRCUIT,INTEGRATED_CIRCUIT,IC MP 8 BIT BUS TRANSCVR 8287 | IC MP P8287,IC MP 8 BIT BUS TRANSCVR 8287 IC MP P8287,STANDARD,UNSPECIFIED,UNSPECIFIED,UNSPECIFIED,UNSPECIFIED,UNSPECIFIED,UNSPECIFIED,EE|IC|STANDARD|UNSPECIFIED|UNSPECIFIED|UNSPECIFIED|UNSPECIFIED|UNSPECIFIED|UNSPECIFIED,AUTO_MAPPED_TO_EXISTING_CNMC
CNMC-EE-IC-000001,BHEL,CN9066243015,ELECTRICAL_AND_ELECTRONICS,INTEGRATED_CIRCUIT,INTEGRATED_CIRCUIT,IC MEM NMS EPROM 16K*8 27128 | IC MEM AM27128A-1DC,IC MEM NMS EPROM 16K 8 27128 IC MEM AM27128A-1DC,STANDARD,UNSPECIFIED,UNSPECIFIED,UNSPECIFIED,UNSPECIFIED,UNSPECIFIED,UNSPECIFIED,EE|IC|STANDARD|UNSPECIFIED|UNSPECIFIED|UNSPECIFIED|UNSPECIFIED|UNSPECIFIED|UNSPECIFIED,AUTO_MAPPED_TO_EXISTING_CNMC
CNMC-EE-IC-000001,BHEL,CN9066249056,ELECTRICAL_AND_ELECTRONICS,INTEGRATED_CIRCUIT,INTEGRATED_CIRCUIT,IC MEM CMS RAM 8K*8 6264 | IC MEM RAM CMOS | 8K*8 150NS  PDIP-28 | HM6264LP-15,IC MEM CMS RAM 8K 8 6264 IC MEM RAM CMOS 8K 8 150NS PDIP-28 HM6264LP-15,STANDARD,UNSPECIFIED,UNSPECIFIED,UNSPECIFIED,UNSPECIFIED,UNSPECIFIED,UNSPECIFIED,EE|IC|STANDARD|UNSPECIFIED|UNSPECIFIED|UNSPECIFIED|UNSPECIFIED|UNSPECIFIED|UNSPECIFIED,AUTO_MAPPED_TO_EXISTING_CNMC
CNMC-EE-IC-000001,BHEL,CN9066321016,ELECTRICAL_AND_ELECTRONICS,INTEGRATED_CIRCUIT,INTEGRATED_CIRCUIT,IC IF ADC 12 BIT 0085 | IC IF ADC85CQ12-5,IC IF ADC 12 BIT 0085 IC IF ADC85CQ12-5,STANDARD,UNSPECIFIED,UNSPECIFIED,UNSPECIFIED,UNSPECIFIED,UNSPECIFIED,UNSPECIFIED,EE|IC|STANDARD|UNSPECIFIED|UNSPECIFIED|UNSPECIFIED|UNSPECIFIED|UNSPECIFIED|UNSPECIFIED,AUTO_MAPPED_TO_EXISTING_CNMC
CNMC-EE-IC-000001,BHEL,CN9066328010,ELECTRICAL_AND_ELECTRONICS,INTEGRATED_CIRCUIT,INTEGRATED_CIRCUIT,IC IF TTL DUAL LINE DRVR 3691 | IC IF DS3691M,IC IF TTL DUAL LINE DRVR 3691 IC IF DS3691M,STANDARD,UNSPECIFIED,UNSPECIFIED,UNSPECIFIED,UNSPECIFIED,UNSPECIFIED,UNSPECIFIED,EE|IC|STANDARD|UNSPECIFIED|UNSPECIFIED|UNSPECIFIED|UNSPECIFIED|UNSPECIFIED|UNSPECIFIED,AUTO_MAPPED_TO_EXISTING_CNMC
CNMC-EE-IC-000001,BHEL,CN9066330015,ELECTRICAL_AND_ELECTRONICS,INTEGRATED_CIRCUIT,INTEGRATED_CIRCUIT,IC IF TTL QUAD LINE RECVR 98934 | IC-IF-SN98934N,IC IF TTL QUAD LINE RECVR 98934 IC-IF-SN98934N,STANDARD,UNSPECIFIED,UNSPECIFIED,UNSPECIFIED,UNSPECIFIED,UNSPECIFIED,UNSPECIFIED,EE|IC|STANDARD|UNSPECIFIED|UNSPECIFIED|UNSPECIFIED|UNSPECIFIED|UNSPECIFIED|UNSPECIFIED,AUTO_MAPPED_TO_EXISTING_CNMC
CNMC-EE-IC-000001,BHEL,CN9066411031,ELECTRICAL_AND_ELECTRONICS,INTEGRATED_CIRCUIT,INTEGRATED_CIRCUIT,IC MEM NMS EPROM 32K*8 27256 | IC MEM ID27C256-2 | CMS,IC MEM NMS EPROM 32K 8 27256 IC MEM ID27C256-2 CMS,STANDARD,UNSPECIFIED,UNSPECIFIED,UNSPECIFIED,UNSPECIFIED,UNSPECIFIED,UNSPECIFIED,EE|IC|STANDARD|UNSPECIFIED|UNSPECIFIED|UNSPECIFIED|UNSPECIFIED|UNSPECIFIED|UNSPECIFIED,AUTO_MAPPED_TO_EXISTING_CNMC
CNMC-EE-IC-000001,BHEL,CN9066419024,ELECTRICAL_AND_ELECTRONICS,INTEGRATED_CIRCUIT,INTEGRATED_CIRCUIT,IC MEM TTL PROM 2K*8 76161 | IC MEM HM3-76161-5,IC MEM TTL PROM 2K 8 76161 IC MEM HM3-76161-5,STANDARD,UNSPECIFIED,UNSPECIFIED,UNSPECIFIED,UNSPECIFIED,UNSPECIFIED,UNSPECIFIED,EE|IC|STANDARD|UNSPECIFIED|UNSPECIFIED|UNSPECIFIED|UNSPECIFIED|UNSPECIFIED|UNSPECIFIED,AUTO_MAPPED_TO_EXISTING_CNMC
CNMC-EE-IC-000001,BHEL,CN9066438100,ELECTRICAL_AND_ELECTRONICS,INTEGRATED_CIRCUIT,INTEGRATED_CIRCUIT,IC MEM MOS NVRAM 256*4 2212 | IC MEM NVRAM | 256*4 CERDIP-18 | X2212D,IC MEM MOS NVRAM 256 4 2212 IC MEM NVRAM 256 4 CERDIP-18 X2212D,STANDARD,UNSPECIFIED,UNSPECIFIED,UNSPECIFIED,UNSPECIFIED,UNSPECIFIED,UNSPECIFIED,EE|IC|STANDARD|UNSPECIFIED|UNSPECIFIED|UNSPECIFIED|UNSPECIFIED|UNSPECIFIED|UNSPECIFIED,AUTO_MAPPED_TO_EXISTING_CNMC
CNMC-EE-IC-000001,BHEL,DV0692320210,ELECTRICAL_AND_ELECTRONICS,INTEGRATED_CIRCUIT,INTEGRATED_CIRCUIT,IC LIN 4-20mA Input RCV420KP,IC LIN 4-20MA INPUT RCV420KP,STANDARD,UNSPECIFIED,UNSPECIFIED,UNSPECIFIED,UNSPECIFIED,UNSPECIFIED,UNSPECIFIED,EE|IC|STANDARD|UNSPECIFIED|UNSPECIFIED|UNSPECIFIED|UNSPECIFIED|UNSPECIFIED|UNSPECIFIED,AUTO_MAPPED_TO_EXISTING_CNMC
CNMC-EE-IC-000001,BHEL,DV0692332596,ELECTRICAL_AND_ELECTRONICS,INTEGRATED_CIRCUIT,INTEGRATED_CIRCUIT,IC SRAM 64Kx16 71016S12PHG TSOP II 44 S | ROHS DEVICE WITH BACKWARD COMPATIBILITY.,IC SRAM 64KX16 71016S12PHG TSOP II 44 S,STANDARD,UNSPECIFIED,UNSPECIFIED,UNSPECIFIED,UNSPECIFIED,UNSPECIFIED,UNSPECIFIED,EE|IC|STANDARD|UNSPECIFIED|UNSPECIFIED|UNSPECIFIED|UNSPECIFIED|UNSPECIFIED|UNSPECIFIED,AUTO_MAPPED_TO_EXISTING_CNMC
CNMC-EE-IC-000001,BHEL,DV0692332723,ELECTRICAL_AND_ELECTRONICS,INTEGRATED_CIRCUIT,INTEGRATED_CIRCUIT,IC CPLD MAXII EPM570T100C5N TQFP-100 S | MA PART NO: 082601 | ROHS DEVICE WITH BACKWARD COMPATIBILITY. | OEM  TRAY PACKING ONLY.,IC CPLD MAXII EPM570T100C5N TQFP-100 S MA PART NO: 082601,STANDARD,UNSPECIFIED,UNSPECIFIED,UNSPECIFIED,UNSPECIFIED,UNSPECIFIED,UNSPECIFIED,EE|IC|STANDARD|UNSPECIFIED|UNSPECIFIED|UNSPECIFIED|UNSPECIFIED|UNSPECIFIED|UNSPECIFIED,AUTO_MAPPED_TO_EXISTING_CNMC
CNMC-EE-IC-000001,BHEL,DV0692340467,ELECTRICAL_AND_ELECTRONICS,INTEGRATED_CIRCUIT,INTEGRATED_CIRCUIT,"IC SINGLE INV SN74AHC1G04DBV SOT23-5 | MA PART NO: 607001011,0 ROHS DEVICE WITH | BACKWARD COMPATIBILITY. OEM | TAPE AND REEL PACKING ONLY. DATE CODE TO BE | LESS THAN 24 MONTHS FROM | INVOICE DATE. BHEL'S WRITTEN APPROVAL IS | REQUIRED IN CASE OF ANY | DEVIATION FROM THE ABOVE.",IC SINGLE INV SN74AHC1G04DBV SOT23-5 MA PART NO: 607001011 0,STANDARD,UNSPECIFIED,UNSPECIFIED,UNSPECIFIED,UNSPECIFIED,UNSPECIFIED,UNSPECIFIED,EE|IC|STANDARD|UNSPECIFIED|UNSPECIFIED|UNSPECIFIED|UNSPECIFIED|UNSPECIFIED|UNSPECIFIED,AUTO_MAPPED_TO_EXISTING_CNMC
CNMC-EE-IC-000001,BHEL,DV0692340572,ELECTRICAL_AND_ELECTRONICS,INTEGRATED_CIRCUIT,INTEGRATED_CIRCUIT,"IC 3-8 DECODER SN74HC138D SOIC16 S | MA PART NO: 60713806,0 | ROHS DEVICE WITH BACKWARD COMPATIBILITY.",IC 3-8 DECODER SN74HC138D SOIC16 S MA PART NO: 60713806 0,STANDARD,UNSPECIFIED,UNSPECIFIED,UNSPECIFIED,UNSPECIFIED,UNSPECIFIED,UNSPECIFIED,EE|IC|STANDARD|UNSPECIFIED|UNSPECIFIED|UNSPECIFIED|UNSPECIFIED|UNSPECIFIED|UNSPECIFIED,AUTO_MAPPED_TO_EXISTING_CNMC
CNMC-EE-IC-000001,BHEL,DV0692340599,ELECTRICAL_AND_ELECTRONICS,INTEGRATED_CIRCUIT,INTEGRATED_CIRCUIT,"IC SHIFT REG SN74HC165PW TSSOP16 S | MA PART NO: 60716507,0 | ROHS DEVICE WITH BACKWARD COMPATIBILITY. | OEM TAPE AND REEL PACKING ONLY.",IC SHIFT REG SN74HC165PW TSSOP16 S MA PART NO: 60716507 0,STANDARD,UNSPECIFIED,UNSPECIFIED,UNSPECIFIED,UNSPECIFIED,UNSPECIFIED,UNSPECIFIED,EE|IC|STANDARD|UNSPECIFIED|UNSPECIFIED|UNSPECIFIED|UNSPECIFIED|UNSPECIFIED|UNSPECIFIED,AUTO_MAPPED_TO_EXISTING_CNMC
CNMC-EE-IC-000001,BHEL,DV0692340602,ELECTRICAL_AND_ELECTRONICS,INTEGRATED_CIRCUIT,INTEGRATED_CIRCUIT,"IC DARLINGTON DRVR ULN2803ADW SOW18 S | MA PART NO: 60180301,0 | ROHS DEVICE WITH BACKWARD COMPATIBILITY. | OEM TAPE AND REEL PACKING ONLY.",IC DARLINGTON DRVR ULN2803ADW SOW18 S MA PART NO: 60180301 0,STANDARD,UNSPECIFIED,UNSPECIFIED,UNSPECIFIED,UNSPECIFIED,UNSPECIFIED,UNSPECIFIED,EE|IC|STANDARD|UNSPECIFIED|UNSPECIFIED|UNSPECIFIED|UNSPECIFIED|UNSPECIFIED|UNSPECIFIED,AUTO_MAPPED_TO_EXISTING_CNMC
CNMC-EE-IC-000001,BHEL,DV0692342028,ELECTRICAL_AND_ELECTRONICS,INTEGRATED_CIRCUIT,INTEGRATED_CIRCUIT,"IC DIFF TRNSCVR SN65LBC176D SOIC8 S | MA PART NO:   60217612,0 | ROHS DEVICE WITH BACKWARD COMPATIBILITY. | OEM TAPE AND REEL PACKING ONLY.",IC DIFF TRNSCVR SN65LBC176D SOIC8 S MA PART NO: 60217612 0,STANDARD,UNSPECIFIED,UNSPECIFIED,UNSPECIFIED,UNSPECIFIED,UNSPECIFIED,UNSPECIFIED,EE|IC|STANDARD|UNSPECIFIED|UNSPECIFIED|UNSPECIFIED|UNSPECIFIED|UNSPECIFIED|UNSPECIFIED,AUTO_MAPPED_TO_EXISTING_CNMC
CNMC-EE-IC-000001,BHEL,DV0692342397,ELECTRICAL_AND_ELECTRONICS,INTEGRATED_CIRCUIT,INTEGRATED_CIRCUIT,"IC CPU 40MHz AT89C51RB2-RLTUM VQFP44 S | MA PART NO: 60475220,0 | ROHS DEVICE WITH BACKWARD COMPATIBILITY. | OEM TRAY PACKING ONLY.",IC CPU 40MHZ AT89C51RB2-RLTUM VQFP44 S MA PART NO: 60475220 0,STANDARD,UNSPECIFIED,UNSPECIFIED,UNSPECIFIED,UNSPECIFIED,UNSPECIFIED,UNSPECIFIED,EE|IC|STANDARD|UNSPECIFIED|UNSPECIFIED|UNSPECIFIED|UNSPECIFIED|UNSPECIFIED|UNSPECIFIED,AUTO_MAPPED_TO_EXISTING_CNMC
CNMC-EE-IC-000001,BHEL,DV0692342400,ELECTRICAL_AND_ELECTRONICS,INTEGRATED_CIRCUIT,INTEGRATED_CIRCUIT,"IC SDRAM MT48LC8M16A2P 133MHZ TSOP54 S | MA PART NO: 60401681,0 | ROHS DEVICE WITH BACKWARD COMPATIBILITY. | OEM TRAY PACKING ONLY.",IC SDRAM MT48LC8M16A2P 133MHZ TSOP54 S MA PART NO: 60401681 0,STANDARD,UNSPECIFIED,UNSPECIFIED,UNSPECIFIED,UNSPECIFIED,UNSPECIFIED,UNSPECIFIED,EE|IC|STANDARD|UNSPECIFIED|UNSPECIFIED|UNSPECIFIED|UNSPECIFIED|UNSPECIFIED|UNSPECIFIED,AUTO_MAPPED_TO_EXISTING_CNMC
CNMC-EE-IC-000001,BHEL,DV0692349553,ELECTRICAL_AND_ELECTRONICS,INTEGRATED_CIRCUIT,INTEGRATED_CIRCUIT,"IC SHIFT REG SN74LV165APW TSSOP-16 S | MA PART NO: 60914165,0 | ROHS DEVICE WITH BACKWARD COMPATIBILITY. | OEM  PACKING ONLY.",IC SHIFT REG SN74LV165APW TSSOP-16 S MA PART NO: 60914165 0,STANDARD,UNSPECIFIED,UNSPECIFIED,UNSPECIFIED,UNSPECIFIED,UNSPECIFIED,UNSPECIFIED,EE|IC|STANDARD|UNSPECIFIED|UNSPECIFIED|UNSPECIFIED|UNSPECIFIED|UNSPECIFIED|UNSPECIFIED,AUTO_MAPPED_TO_EXISTING_CNMC
CNMC-EE-IC-000001,BHEL,DV0692349928,ELECTRICAL_AND_ELECTRONICS,INTEGRATED_CIRCUIT,INTEGRATED_CIRCUIT,"IC ISPPAC-POWR1014A-01TN48I TQFP48 S | MA PART NO: 60401014,0 | ROHS DEVICE WITH BACKWARD COMPATIBILITY. | OEM TRAY PACKING ONLY.",IC ISPPAC-POWR1014A-01TN48I TQFP48 S MA PART NO: 60401014 0,STANDARD,UNSPECIFIED,UNSPECIFIED,UNSPECIFIED,UNSPECIFIED,UNSPECIFIED,UNSPECIFIED,EE|IC|STANDARD|UNSPECIFIED|UNSPECIFIED|UNSPECIFIED|UNSPECIFIED|UNSPECIFIED|UNSPECIFIED,AUTO_MAPPED_TO_EXISTING_CNMC
CNMC-EE-IC-000001,BHEL,DV0692351019,ELECTRICAL_AND_ELECTRONICS,INTEGRATED_CIRCUIT,INTEGRATED_CIRCUIT,"IC FF D-TYPE 74LVC1G74DC VSSOP8 S | MA PART NO: 60907400,0 | ROHS DEVICE WITH BACKWARD COMPATIBILITY. | OEM TAPE AND REEL PACKING ONLY.",IC FF D- VSSOP8 S MA PART NO: 60907400 0,STANDARD,UNSPECIFIED,UNSPECIFIED,UNSPECIFIED,UNSPECIFIED,UNSPECIFIED,UNSPECIFIED,EE|IC|STANDARD|UNSPECIFIED|UNSPECIFIED|UNSPECIFIED|UNSPECIFIED|UNSPECIFIED|UNSPECIFIED,AUTO_MAPPED_TO_EXISTING_CNMC
CNMC-EE-IC-000001,BHEL,DV0692401768,ELECTRICAL_AND_ELECTRONICS,INTEGRATED_CIRCUIT,INTEGRATED_CIRCUIT,"IC CONTR CURRENT MODE PWM UC2845ANG4 | CONTROLLER CURRENT MODE PWM PDIP-8 | ""OEM PACKAGING ONLY.",IC CONTR CURRENT MODE PWM UC2845ANG4 CONTROLLER CURRENT MODE PWM PDIP-8,STANDARD,UNSPECIFIED,UNSPECIFIED,UNSPECIFIED,UNSPECIFIED,UNSPECIFIED,UNSPECIFIED,EE|IC|STANDARD|UNSPECIFIED|UNSPECIFIED|UNSPECIFIED|UNSPECIFIED|UNSPECIFIED|UNSPECIFIED,AUTO_MAPPED_TO_EXISTING_CNMC
CNMC-EE-IC-000001,BHEL,DV0692402390,ELECTRICAL_AND_ELECTRONICS,INTEGRATED_CIRCUIT,INTEGRATED_CIRCUIT,IC MVB CONTROLLER INTERFACE PC30 D013LF | OEM PACKAGING ONLY.,IC MVB CONTROLLER INTERFACE PC30 D013LF,STANDARD,UNSPECIFIED,UNSPECIFIED,UNSPECIFIED,UNSPECIFIED,UNSPECIFIED,UNSPECIFIED,EE|IC|STANDARD|UNSPECIFIED|UNSPECIFIED|UNSPECIFIED|UNSPECIFIED|UNSPECIFIED|UNSPECIFIED,AUTO_MAPPED_TO_EXISTING_CNMC
CNMC-EE-IC-000001,BHEL,DV0692430627,ELECTRICAL_AND_ELECTRONICS,INTEGRATED_CIRCUIT,INTEGRATED_CIRCUIT,"IC REG ADJ LDO LINEAR VOLT 800mA | Adjustable LDO 800mA OEM:TEXAS INSTRUMENT | P/N:LP38511-ADJ ""OEM PACKAGING | ONLY. DATE CODE TO BE LESS THAN 24 MONTHS | FROM INVOICE DATE.BHEL'S | WRITTEN APPROVAL IS REQUIRED IN CASE OF ANY | DEVIATION FROM THE ABOVE.""",IC REG ADJ LDO LINEAR VOLT 800MA ADJUSTABLE LDO 800MA INSTRUMENT P/N:LP38511-ADJ,STANDARD,UNSPECIFIED,UNSPECIFIED,UNSPECIFIED,UNSPECIFIED,UNSPECIFIED,UNSPECIFIED,EE|IC|STANDARD|UNSPECIFIED|UNSPECIFIED|UNSPECIFIED|UNSPECIFIED|UNSPECIFIED|UNSPECIFIED,AUTO_MAPPED_TO_EXISTING_CNMC
CNMC-EE-IC-000001,BHEL,DV0692430669,ELECTRICAL_AND_ELECTRONICS,INTEGRATED_CIRCUIT,INTEGRATED_CIRCUIT,"IC FPGA CYCLONE IV 343IO 15K LE | FPGA Altera Cyclone IV, 343IO 15K LE OEM: ALTERA | P/N:EP4CE15F23I7N ""OEM | PACKAGING ONLY. DATE CODE TO BE LESS THAN 24 | MONTHS FROM INVOICE | DATE.BHEL'S WRITTEN APPROVAL IS REQUIRED IN | CASE OF ANY DEVIATION FROM | THE ABOVE."" Loose packets and boxes not acceptable Tape | and Reel only",IC FPGA CYCLONE IV 343IO 15K LE FPGA ALTERA CYCLONE IV 343IO 15K LE P/N:EP4CE15F23I7N,STANDARD,UNSPECIFIED,UNSPECIFIED,UNSPECIFIED,UNSPECIFIED,UNSPECIFIED,UNSPECIFIED,EE|IC|STANDARD|UNSPECIFIED|UNSPECIFIED|UNSPECIFIED|UNSPECIFIED|UNSPECIFIED|UNSPECIFIED,AUTO_MAPPED_TO_EXISTING_CNMC
CNMC-EE-IC-000001,BHEL,EN7467116950,ELECTRICAL_AND_ELECTRONICS,INTEGRATED_CIRCUIT,INTEGRATED_CIRCUIT,IC MEM NMS EPROM 8K*8 2764 | IC MEM EPROM 8K X 8 | MBM27C64-25Z,IC MEM NMS EPROM 8K 8 2764 IC MEM EPROM 8K X 8 MBM27C64-25Z,STANDARD,UNSPECIFIED,UNSPECIFIED,UNSPECIFIED,UNSPECIFIED,UNSPECIFIED,UNSPECIFIED,EE|IC|STANDARD|UNSPECIFIED|UNSPECIFIED|UNSPECIFIED|UNSPECIFIED|UNSPECIFIED|UNSPECIFIED,AUTO_MAPPED_TO_EXISTING_CNMC
CNMC-EE-IC-000001,BHEL,EN7467121997,ELECTRICAL_AND_ELECTRONICS,INTEGRATED_CIRCUIT,INTEGRATED_CIRCUIT,IC MEM MOS EEPROM 8K*8 2864 | IC MEM EEPROM NMOS | 250 NS 8K * 8 | X2864AP-25,IC MEM MOS EEPROM 8K 8 2864 IC MEM EEPROM NMOS 250 NS 8K 8 X2864AP-25,STANDARD,UNSPECIFIED,UNSPECIFIED,UNSPECIFIED,UNSPECIFIED,UNSPECIFIED,UNSPECIFIED,EE|IC|STANDARD|UNSPECIFIED|UNSPECIFIED|UNSPECIFIED|UNSPECIFIED|UNSPECIFIED|UNSPECIFIED,AUTO_MAPPED_TO_EXISTING_CNMC
CNMC-EE-IC-000001,BHEL,EN7467225938,ELECTRICAL_AND_ELECTRONICS,INTEGRATED_CIRCUIT,INTEGRATED_CIRCUIT,IC IF CMOS HEX LEVEL-SHIFT SO-16 4050BD,IC IF CMOS HEX LEVEL-SHIFT SO-16 4050BD,STANDARD,UNSPECIFIED,UNSPECIFIED,UNSPECIFIED,UNSPECIFIED,UNSPECIFIED,UNSPECIFIED,EE|IC|STANDARD|UNSPECIFIED|UNSPECIFIED|UNSPECIFIED|UNSPECIFIED|UNSPECIFIED|UNSPECIFIED,AUTO_MAPPED_TO_EXISTING_CNMC
CNMC-EE-IC-000001,BHEL,EN7467632991,ELECTRICAL_AND_ELECTRONICS,INTEGRATED_CIRCUIT,INTEGRATED_CIRCUIT,IC MP PROGRAMMABLE INTERVAL TIMER 82C54 | IC MP PROGRAMMABLE | INTERVAL TIMER | P82C54,IC MP PROGRAMMABLE INTERVAL TIMER 82C54 IC MP PROGRAMMABLE INTERVAL TIMER P82C54,STANDARD,UNSPECIFIED,UNSPECIFIED,UNSPECIFIED,UNSPECIFIED,UNSPECIFIED,UNSPECIFIED,EE|IC|STANDARD|UNSPECIFIED|UNSPECIFIED|UNSPECIFIED|UNSPECIFIED|UNSPECIFIED|UNSPECIFIED,AUTO_MAPPED_TO_EXISTING_CNMC
CNMC-EE-IC-000006,BHEL,DV0692222332,ELECTRICAL_AND_ELECTRONICS,INTEGRATED_CIRCUIT,"INTEGRATED_CIRCUIT, PKG SMD",IC-PROC:16MHZ TN80C196KC  SMD | IC-PROC:16MHZ | *S | TN80C196KC | DRG:HETN400868P0006,IC-PROC:16MHZ TN80C196KC SMD IC-PROC:16MHZ S TN80C196KC,STANDARD,UNSPECIFIED,UNSPECIFIED,UNSPECIFIED,SMD,UNSPECIFIED,UNSPECIFIED,EE|IC|STANDARD|UNSPECIFIED|UNSPECIFIED|UNSPECIFIED|SMD|UNSPECIFIED|UNSPECIFIED,AUTO_MAPPED_TO_EXISTING_CNMC
CNMC-EE-IC-000006,BHEL,DV0692302735,ELECTRICAL_AND_ELECTRONICS,INTEGRATED_CIRCUIT,"INTEGRATED_CIRCUIT, PKG SMD",IC 8 3-STAT NON INV BUFER/DRIVER SMD | ROHS DEVICE WITH BACKWARD COMPATIBILITY. | OEM TAPE AND REEL PACKING ONLY.,IC 8 3-STAT NON INV BUFER/DRIVER SMD,STANDARD,UNSPECIFIED,UNSPECIFIED,UNSPECIFIED,SMD,UNSPECIFIED,UNSPECIFIED,EE|IC|STANDARD|UNSPECIFIED|UNSPECIFIED|UNSPECIFIED|SMD|UNSPECIFIED|UNSPECIFIED,AUTO_MAPPED_TO_EXISTING_CNMC
CNMC-EE-IC-000006,BHEL,DV0692302816,ELECTRICAL_AND_ELECTRONICS,INTEGRATED_CIRCUIT,"INTEGRATED_CIRCUIT, PKG SMD",IC MC 32-BIT W/RAM TQFP-144 SMD | ROHS DEVICE WITH BACKWARD COMPATIBILITY. | AS PER PS406450,IC MC 32-BIT W/RAM TQFP-144 SMD,STANDARD,UNSPECIFIED,UNSPECIFIED,UNSPECIFIED,SMD,UNSPECIFIED,UNSPECIFIED,EE|IC|STANDARD|UNSPECIFIED|UNSPECIFIED|UNSPECIFIED|SMD|UNSPECIFIED|UNSPECIFIED,AUTO_MAPPED_TO_EXISTING_CNMC
CNMC-EE-IC-000006,BHEL,DV0692303057,ELECTRICAL_AND_ELECTRONICS,INTEGRATED_CIRCUIT,"INTEGRATED_CIRCUIT, PKG SMD",IC MEM FLASH 2 MBIT TSOP-48 SMD | VALMET REF: 082460 | OEM HUMIDITY SEALED TRAY PACKING ONLY. | ACCEPTABLE | DATE CODE IS 2010+ | PRIOR APPROVAL TO  BE TAKEN BY VENDOR,IC MEM FLASH 2 MBIT TSOP-48 SMD VALMET SEALED TRAY PACKING ONLY. ACCEPTABLE,STANDARD,UNSPECIFIED,UNSPECIFIED,UNSPECIFIED,SMD,UNSPECIFIED,UNSPECIFIED,EE|IC|STANDARD|UNSPECIFIED|UNSPECIFIED|UNSPECIFIED|SMD|UNSPECIFIED|UNSPECIFIED,AUTO_MAPPED_TO_EXISTING_CNMC
CNMC-EE-IC-000006,BHEL,DV0692320156,ELECTRICAL_AND_ELECTRONICS,INTEGRATED_CIRCUIT,"INTEGRATED_CIRCUIT, PKG SMD",IC MP PPI 82C55A PLCC44 SMD,IC MP PPI 82C55A PLCC44 SMD,STANDARD,UNSPECIFIED,UNSPECIFIED,UNSPECIFIED,SMD,UNSPECIFIED,UNSPECIFIED,EE|IC|STANDARD|UNSPECIFIED|UNSPECIFIED|UNSPECIFIED|SMD|UNSPECIFIED|UNSPECIFIED,AUTO_MAPPED_TO_EXISTING_CNMC
CNMC-EE-IC-000006,BHEL,DV0692320180,ELECTRICAL_AND_ELECTRONICS,INTEGRATED_CIRCUIT,"INTEGRATED_CIRCUIT, PKG SMD",IC MP PROGRAMABLE TIMER 82C54 PLCC28 SMD,IC MP PROGRAMABLE TIMER 82C54 PLCC28 SMD,STANDARD,UNSPECIFIED,UNSPECIFIED,UNSPECIFIED,SMD,UNSPECIFIED,UNSPECIFIED,EE|IC|STANDARD|UNSPECIFIED|UNSPECIFIED|UNSPECIFIED|SMD|UNSPECIFIED|UNSPECIFIED,AUTO_MAPPED_TO_EXISTING_CNMC
CNMC-EE-IC-000006,BHEL,DV0692330086,ELECTRICAL_AND_ELECTRONICS,INTEGRATED_CIRCUIT,"INTEGRATED_CIRCUIT, PKG SMD","IC FLASH 2MB 3.3V AM29LV200BT  SMD | ROHS DEVICE WITH BACKWARD COMPATIBILITY. | OEM PACKING IS PREFERRED. IN CASE OEM | PACKING SUPPLY IS NOT POSSIBLE, ITEM | TO BE SUPPLIED IN UNEXPIRED HUMIDITY | SEALED TRAY, AS PER | JEDEC GUIDELINES,FOR APPLICABLE MOISTURE | SENSITIVITY LEVEL (MSL) DEFINED BY OEM.",IC FLASH 2MB 3.3V AM29LV200BT SMD,STANDARD,UNSPECIFIED,UNSPECIFIED,UNSPECIFIED,SMD,UNSPECIFIED,UNSPECIFIED,EE|IC|STANDARD|UNSPECIFIED|UNSPECIFIED|UNSPECIFIED|SMD|UNSPECIFIED|UNSPECIFIED,AUTO_MAPPED_TO_EXISTING_CNMC
CNMC-EE-IC-000006,BHEL,DV0692332758,ELECTRICAL_AND_ELECTRONICS,INTEGRATED_CIRCUIT,"INTEGRATED_CIRCUIT, PKG SMD","IC LINEAR REG. LTC3611 SMD QFN-64 | MaxDNA PART REF: LD082571,A | ROHS DEVICE WITH BACKWARD COMPATIBILITY.",IC LINEAR REG. LTC3611 SMD QFN-64 MAXDNA PART A,STANDARD,UNSPECIFIED,UNSPECIFIED,UNSPECIFIED,SMD,UNSPECIFIED,UNSPECIFIED,EE|IC|STANDARD|UNSPECIFIED|UNSPECIFIED|UNSPECIFIED|SMD|UNSPECIFIED|UNSPECIFIED,AUTO_MAPPED_TO_EXISTING_CNMC
CNMC-EE-IC-000006,BHEL,DV0692333029,ELECTRICAL_AND_ELECTRONICS,INTEGRATED_CIRCUIT,"INTEGRATED_CIRCUIT, PKG SMD",IC FPGA ARRIA EP2AGX45DF25 572 FBGA SMD | MA PART NO: 082610 | ROHS DEVICE WITH BACKWARD COMPATIBILITY. | HUMIDITY SEALED TRAY PACKING FROM OEM | ONLY.,IC FPGA ARRIA EP2AGX45DF25 572 FBGA SMD MA PART NO: 082610,STANDARD,UNSPECIFIED,UNSPECIFIED,UNSPECIFIED,SMD,UNSPECIFIED,UNSPECIFIED,EE|IC|STANDARD|UNSPECIFIED|UNSPECIFIED|UNSPECIFIED|SMD|UNSPECIFIED|UNSPECIFIED,AUTO_MAPPED_TO_EXISTING_CNMC
CNMC-EE-IC-000006,BHEL,DV0692333293,ELECTRICAL_AND_ELECTRONICS,INTEGRATED_CIRCUIT,"INTEGRATED_CIRCUIT, PKG SMD",IC LDO ADJ LT3063EMS8E MSOP-8 SMD | VALMET REF: 094293 DATE CODE TO BE LESS THAN | 36 MONTHS OF THE INVOICE | DATE. BHEL'S WRITTEN APPROVAL IS REQUIRED IN | CASE OF ANY DEVIATION AS | ABOVE.,IC LDO ADJ LT3063EMS8E MSOP-8 SMD VALMET,STANDARD,UNSPECIFIED,UNSPECIFIED,UNSPECIFIED,SMD,UNSPECIFIED,UNSPECIFIED,EE|IC|STANDARD|UNSPECIFIED|UNSPECIFIED|UNSPECIFIED|SMD|UNSPECIFIED|UNSPECIFIED,AUTO_MAPPED_TO_EXISTING_CNMC
CNMC-EE-IC-000006,BHEL,DV0692333393,ELECTRICAL_AND_ELECTRONICS,INTEGRATED_CIRCUIT,"INTEGRATED_CIRCUIT, PKG SMD",IC INV SN74LVC1G06DBV SOT23-5 SMD | OEM TAPE AND REEL PACKING ONLY.,IC INV SN74LVC1G06DBV SOT23-5 SMD,STANDARD,UNSPECIFIED,UNSPECIFIED,UNSPECIFIED,SMD,UNSPECIFIED,UNSPECIFIED,EE|IC|STANDARD|UNSPECIFIED|UNSPECIFIED|UNSPECIFIED|SMD|UNSPECIFIED|UNSPECIFIED,AUTO_MAPPED_TO_EXISTING_CNMC
CNMC-EE-IC-000006,BHEL,DV0692347194,ELECTRICAL_AND_ELECTRONICS,INTEGRATED_CIRCUIT,"INTEGRATED_CIRCUIT, PKG SMD","IC ANALOG SMD LIN REG 78L05 | MA PART NO: 60180537,0 | OEM TAPE & REEL PACKING ONLY.",IC ANALOG SMD LIN REG 78L05 MA PART NO: 60180537 0,STANDARD,UNSPECIFIED,UNSPECIFIED,UNSPECIFIED,SMD,UNSPECIFIED,UNSPECIFIED,EE|IC|STANDARD|UNSPECIFIED|UNSPECIFIED|UNSPECIFIED|SMD|UNSPECIFIED|UNSPECIFIED,AUTO_MAPPED_TO_EXISTING_CNMC
CNMC-EE-IC-000006,BHEL,DV0692356215,ELECTRICAL_AND_ELECTRONICS,INTEGRATED_CIRCUIT,"INTEGRATED_CIRCUIT, PKG SMD","IC RS485 TRANSCVR ISL3179E SOIC8 SMD | MA PART NO: 60213179,0 | ROHS DEVICE WITH BACKWARD COMPATIBILITY.",IC RS485 TRANSCVR ISL3179E SOIC8 SMD MA PART NO: 60213179 0,STANDARD,UNSPECIFIED,UNSPECIFIED,UNSPECIFIED,SMD,UNSPECIFIED,UNSPECIFIED,EE|IC|STANDARD|UNSPECIFIED|UNSPECIFIED|UNSPECIFIED|SMD|UNSPECIFIED|UNSPECIFIED,AUTO_MAPPED_TO_EXISTING_CNMC
CNMC-EE-IC-000006,BHEL,DV0692356975,ELECTRICAL_AND_ELECTRONICS,INTEGRATED_CIRCUIT,"INTEGRATED_CIRCUIT, PKG SMD",IC FLA SER 32Mb M25P32-VMP6G VFQFPN8 SMD | ROHS DEVICE WITH BACKWARD COMPATIBILITY | OEM TAPE AND REEL PACKING ONLY.,IC FLA SER 32MB M25P32-VMP6G VFQFPN8 SMD,STANDARD,UNSPECIFIED,UNSPECIFIED,UNSPECIFIED,SMD,UNSPECIFIED,UNSPECIFIED,EE|IC|STANDARD|UNSPECIFIED|UNSPECIFIED|UNSPECIFIED|SMD|UNSPECIFIED|UNSPECIFIED,AUTO_MAPPED_TO_EXISTING_CNMC
CNMC-EE-IC-000006,BHEL,DV0692400010,ELECTRICAL_AND_ELECTRONICS,INTEGRATED_CIRCUIT,"INTEGRATED_CIRCUIT, PKG SMD","IC FPGA CYCLONE II EP2C15AF484I8N SMD | IC FPGA ALTERA CYCLONE II | 315IO 14.448LE 26KB 25MUL 4PLL | OEM:ALTERA | P/N:EP2C15AF484I8N | ""OEM PACKAGING ONLY.",IC FPGA CYCLONE II EP2C15AF484I8N SMD IC FPGA ALTERA CYCLONE II 315IO 14.448LE 26KB 25MUL 4PLL P/N:EP2C15AF484I8N,STANDARD,UNSPECIFIED,UNSPECIFIED,UNSPECIFIED,SMD,UNSPECIFIED,UNSPECIFIED,EE|IC|STANDARD|UNSPECIFIED|UNSPECIFIED|UNSPECIFIED|SMD|UNSPECIFIED|UNSPECIFIED,AUTO_MAPPED_TO_EXISTING_CNMC
CNMC-EE-IC-000006,BHEL,DV0692400044,ELECTRICAL_AND_ELECTRONICS,INTEGRATED_CIRCUIT,"INTEGRATED_CIRCUIT, PKG SMD","IC SERIAL NUMBER SILICON DS2401P+ SMD | IC SERIAL NUMBER SILICON TSOC6 | OEM:DALLAS | P/N:DS2401P+ | TAPE-REEL ONLY | ""OEM PACKAGING ONLY.",IC SERIAL NUMBER SILICON DS2401P+ SMD IC SERIAL NUMBER SILICON TSOC6 P/N:DS2401P+ TAPE-REEL ONLY,STANDARD,UNSPECIFIED,UNSPECIFIED,UNSPECIFIED,SMD,UNSPECIFIED,UNSPECIFIED,EE|IC|STANDARD|UNSPECIFIED|UNSPECIFIED|UNSPECIFIED|SMD|UNSPECIFIED|UNSPECIFIED,AUTO_MAPPED_TO_EXISTING_CNMC
CNMC-EE-IC-000006,BHEL,DV0692401741,ELECTRICAL_AND_ELECTRONICS,INTEGRATED_CIRCUIT,"INTEGRATED_CIRCUIT, PKG SMD","IC 16-BIT BUS TRANSCVR SN74LVCHR16245AGR | BUS TRANSCEIVER 16-BIT 3-STATE | OUT BUS HOLD 5V-TOL OUTPUT-RS | OEM:TEXAS INSTRUMENTS | P/N: SN74LVCHR16245AGR | PACKAGING: TSSOP-DGG SMD | ""OEM PACKAGING ONLY.",IC 16-BIT BUS TRANSCVR SN74LVCHR16245AGR BUS TRANSCEIVER 16-BIT 3-STATE OUT BUS HOLD 5V-TOL OUTPUT-RS INSTRUMENTS P/N: SN74LVCHR16245AGR PACKAGING: TSSOP-DGG SMD,STANDARD,UNSPECIFIED,UNSPECIFIED,UNSPECIFIED,SMD,UNSPECIFIED,UNSPECIFIED,EE|IC|STANDARD|UNSPECIFIED|UNSPECIFIED|UNSPECIFIED|SMD|UNSPECIFIED|UNSPECIFIED,AUTO_MAPPED_TO_EXISTING_CNMC
CNMC-EE-IC-000006,BHEL,DV0692403566,ELECTRICAL_AND_ELECTRONICS,INTEGRATED_CIRCUIT,"INTEGRATED_CIRCUIT, PKG SMD",IC REF VOLT 3V 0.1%  50PPM SMD | IC REFERENCE 3.0V 0.1% 50PPM SO-8 | OEM  TAPE & REEL PACKAGING ONLY.,IC 3V 0.1% 50PPM SMD IC 3.0V 0.1% 50PPM SO-8,STANDARD,UNSPECIFIED,UNSPECIFIED,UNSPECIFIED,SMD,UNSPECIFIED,UNSPECIFIED,EE|IC|STANDARD|UNSPECIFIED|UNSPECIFIED|UNSPECIFIED|SMD|UNSPECIFIED|UNSPECIFIED,AUTO_MAPPED_TO_EXISTING_CNMC
CNMC-EE-IC-000006,BHEL,DV0692403574,ELECTRICAL_AND_ELECTRONICS,INTEGRATED_CIRCUIT,"INTEGRATED_CIRCUIT, PKG SMD",IC CONFG DEVICE SERIAL 1MB SMD | IC CONFIGURATION DEVICE SERIAL 1MBIT | OEM PACKAGING ONLY.,IC CONFG DEVICE SERIAL 1MB SMD IC CONFIGURATION DEVICE SERIAL 1MBIT,STANDARD,UNSPECIFIED,UNSPECIFIED,UNSPECIFIED,SMD,UNSPECIFIED,UNSPECIFIED,EE|IC|STANDARD|UNSPECIFIED|UNSPECIFIED|UNSPECIFIED|SMD|UNSPECIFIED|UNSPECIFIED,AUTO_MAPPED_TO_EXISTING_CNMC
CNMC-EE-IC-000006,BHEL,DV0692403833,ELECTRICAL_AND_ELECTRONICS,INTEGRATED_CIRCUIT,"INTEGRATED_CIRCUIT, PKG SMD",IC HIGH SPEED OPAMP SMD | IC HIGH O/P HIGH SPEED OPAMP | OEM PACKAGING ONLY.,IC HIGH SPEED OPAMP SMD IC HIGH O/P HIGH SPEED OPAMP,STANDARD,UNSPECIFIED,UNSPECIFIED,UNSPECIFIED,SMD,UNSPECIFIED,UNSPECIFIED,EE|IC|STANDARD|UNSPECIFIED|UNSPECIFIED|UNSPECIFIED|SMD|UNSPECIFIED|UNSPECIFIED,AUTO_MAPPED_TO_EXISTING_CNMC
CNMC-EE-IC-000006,BHEL,DV0692404147,ELECTRICAL_AND_ELECTRONICS,INTEGRATED_CIRCUIT,"INTEGRATED_CIRCUIT, PKG SMD",IC DRIV MOS 1.5A NON-INV  SMD | OEM  TAPE & REEL PACKAGING ONLY.,IC DRIV MOS 1.5A NON-INV SMD,STANDARD,UNSPECIFIED,UNSPECIFIED,UNSPECIFIED,SMD,UNSPECIFIED,UNSPECIFIED,EE|IC|STANDARD|UNSPECIFIED|UNSPECIFIED|UNSPECIFIED|SMD|UNSPECIFIED|UNSPECIFIED,AUTO_MAPPED_TO_EXISTING_CNMC
CNMC-EE-IC-000006,BHEL,DV0692404970,ELECTRICAL_AND_ELECTRONICS,INTEGRATED_CIRCUIT,"INTEGRATED_CIRCUIT, PKG SMD","IC RS-485 TRANSCEIVER ADM1485 SMD | IC RS-485 TRANSCEIVER ADM1485 SMD | OEM: ANALOG DEVICES | P/N: ADM1485ARZ-REEL7 | ""OEM PACKAGING ONLY.",IC RS-485 TRANSCEIVER ADM1485 SMD IC RS-485 TRANSCEIVER ADM1485 SMD DEVICES P/N: ADM1485ARZ-REEL7,STANDARD,UNSPECIFIED,UNSPECIFIED,UNSPECIFIED,SMD,UNSPECIFIED,UNSPECIFIED,EE|IC|STANDARD|UNSPECIFIED|UNSPECIFIED|UNSPECIFIED|SMD|UNSPECIFIED|UNSPECIFIED,AUTO_MAPPED_TO_EXISTING_CNMC
CNMC-EE-IC-000006,BHEL,DV0692411666,ELECTRICAL_AND_ELECTRONICS,INTEGRATED_CIRCUIT,"INTEGRATED_CIRCUIT, PKG SMD",IC SERIAL ADC 12B 250KSPS MSOP-8 SMD | OEM PACKAGING ONLY.,IC SERIAL ADC 12B 250KSPS MSOP-8 SMD,STANDARD,UNSPECIFIED,UNSPECIFIED,UNSPECIFIED,SMD,UNSPECIFIED,UNSPECIFIED,EE|IC|STANDARD|UNSPECIFIED|UNSPECIFIED|UNSPECIFIED|SMD|UNSPECIFIED|UNSPECIFIED,AUTO_MAPPED_TO_EXISTING_CNMC
CNMC-EE-IC-000006,BHEL,DV0692430105,ELECTRICAL_AND_ELECTRONICS,INTEGRATED_CIRCUIT,"INTEGRATED_CIRCUIT, PKG SMD",IC ADC 12BIT 1MSPS SERIAL SMD,IC ADC 12BIT 1MSPS SERIAL SMD,STANDARD,UNSPECIFIED,UNSPECIFIED,UNSPECIFIED,SMD,UNSPECIFIED,UNSPECIFIED,EE|IC|STANDARD|UNSPECIFIED|UNSPECIFIED|UNSPECIFIED|SMD|UNSPECIFIED|UNSPECIFIED,AUTO_MAPPED_TO_EXISTING_CNMC
CNMC-EE-IC-000006,BHEL,DV0692431918,ELECTRICAL_AND_ELECTRONICS,INTEGRATED_CIRCUIT,"INTEGRATED_CIRCUIT, PKG SMD",IC FPGA CYCLONE IV 6KLE EQFP-144 SMD | FPGA Intel Cyclone IV 6kLE EQFP-144 TO BE SUPPLIED | IN OEM PACKING ONLY.,IC FPGA CYCLONE IV 6KLE EQFP-144 SMD FPGA INTEL CYCLONE IV 6KLE EQFP-144 TO BE SUPPLIED IN ONLY.,STANDARD,UNSPECIFIED,UNSPECIFIED,UNSPECIFIED,SMD,UNSPECIFIED,UNSPECIFIED,EE|IC|STANDARD|UNSPECIFIED|UNSPECIFIED|UNSPECIFIED|SMD|UNSPECIFIED|UNSPECIFIED,AUTO_MAPPED_TO_EXISTING_CNMC
CNMC-EE-IC-000006,BHEL,DV0692431942,ELECTRICAL_AND_ELECTRONICS,INTEGRATED_CIRCUIT,"INTEGRATED_CIRCUIT, PKG SMD",IC ADC 12BIT 3MSPS SOT23 SMD | IC ADC 12BIT 3MSPS SOT23 OEM PACKAGING ONLY.,IC ADC 12BIT 3MSPS SOT23 SMD IC ADC 12BIT 3MSPS SOT23,STANDARD,UNSPECIFIED,UNSPECIFIED,UNSPECIFIED,SMD,UNSPECIFIED,UNSPECIFIED,EE|IC|STANDARD|UNSPECIFIED|UNSPECIFIED|UNSPECIFIED|SMD|UNSPECIFIED|UNSPECIFIED,AUTO_MAPPED_TO_EXISTING_CNMC
CNMC-EE-IC-000006,BHEL,DV0692445951,ELECTRICAL_AND_ELECTRONICS,INTEGRATED_CIRCUIT,"INTEGRATED_CIRCUIT, PKG SMD",IC FPGA A3P600L FBGA484 SMD | RoHS DEVICE. TO BE SUPPLIED IN OEM TRAY | PACKING ONLY. DATE CODE TO BE LESS THAN 4 | YEARS FROM INVOICE DATE. BHEL'S WRITTEN | APPROVAL IS REQUIRED IN CASE OF | ANY DEVIATION FROM THE ABOVE.,IC FPGA A3P600L FBGA484 SMD,STANDARD,UNSPECIFIED,UNSPECIFIED,UNSPECIFIED,SMD,UNSPECIFIED,UNSPECIFIED,EE|IC|STANDARD|UNSPECIFIED|UNSPECIFIED|UNSPECIFIED|SMD|UNSPECIFIED|UNSPECIFIED,AUTO_MAPPED_TO_EXISTING_CNMC
CNMC-EE-IC-000006,BHEL,DV0692449868,ELECTRICAL_AND_ELECTRONICS,INTEGRATED_CIRCUIT,"INTEGRATED_CIRCUIT, PKG SMD",IC SMD FPGA A42MX16-1PQ160M | TO BE SUPPLIED IN OEM TRAY PACKING ONLY.,IC SMD FPGA A42MX16-1PQ160M TO BE SUPPLIED IN PACKING ONLY.,STANDARD,UNSPECIFIED,UNSPECIFIED,UNSPECIFIED,SMD,UNSPECIFIED,UNSPECIFIED,EE|IC|STANDARD|UNSPECIFIED|UNSPECIFIED|UNSPECIFIED|SMD|UNSPECIFIED|UNSPECIFIED,AUTO_MAPPED_TO_EXISTING_CNMC
CNMC-EE-IC-000006,BHEL,DV0692501711,ELECTRICAL_AND_ELECTRONICS,INTEGRATED_CIRCUIT,"INTEGRATED_CIRCUIT, PKG SMD","IC REG BUCK SYNC ADJ 3A MLP-12 SMD | ""IC REG BUCK SYNC ADJ 3A MLP-12 FAN5353MPX",IC REG BUCK SYNC ADJ 3A MLP-12 SMD IC REG BUCK SYNC ADJ 3A MLP-12 FAN5353MPX,STANDARD,UNSPECIFIED,UNSPECIFIED,UNSPECIFIED,SMD,UNSPECIFIED,UNSPECIFIED,EE|IC|STANDARD|UNSPECIFIED|UNSPECIFIED|UNSPECIFIED|SMD|UNSPECIFIED|UNSPECIFIED,AUTO_MAPPED_TO_EXISTING_CNMC
CNMC-EE-IC-000006,BHEL,DV0692510303,ELECTRICAL_AND_ELECTRONICS,INTEGRATED_CIRCUIT,"INTEGRATED_CIRCUIT, PKG SMD","IC LDO 150mA 1.0 VOUT SOT23-5 SMD | ""OEM PACKAGING ONLY. DATE CODE TO BE LESS",IC LDO 150MA 1.0 VOUT SOT23-5 SMD,STANDARD,UNSPECIFIED,UNSPECIFIED,UNSPECIFIED,SMD,UNSPECIFIED,UNSPECIFIED,EE|IC|STANDARD|UNSPECIFIED|UNSPECIFIED|UNSPECIFIED|SMD|UNSPECIFIED|UNSPECIFIED,AUTO_MAPPED_TO_EXISTING_CNMC
CNMC-EE-IC-000006,BHEL,EN7467011830,ELECTRICAL_AND_ELECTRONICS,INTEGRATED_CIRCUIT,"INTEGRATED_CIRCUIT, PKG SMD",IC LIN OPAMP SING UA741CD SMD | IC LIN OPAMP SO-8 UA741CD,IC LIN OPAMP SING UA741CD SMD IC LIN OPAMP SO-8 UA741CD,STANDARD,UNSPECIFIED,UNSPECIFIED,UNSPECIFIED,SMD,UNSPECIFIED,UNSPECIFIED,EE|IC|STANDARD|UNSPECIFIED|UNSPECIFIED|UNSPECIFIED|SMD|UNSPECIFIED|UNSPECIFIED,AUTO_MAPPED_TO_EXISTING_CNMC
CNMC-EE-IC-000006,BHEL,EN7467141645,ELECTRICAL_AND_ELECTRONICS,INTEGRATED_CIRCUIT,"INTEGRATED_CIRCUIT, PKG SMD",IC EPLD CMS 640 PRODUCT TERMS 7128 | IC EPLD CMD 640 PRODUCT TERMS 7128 SMD | Date-code to be made available along with the item,IC EPLD CMS 640 PRODUCT TERMS 7128 IC EPLD CMD 640 PRODUCT TERMS 7128 SMD,STANDARD,UNSPECIFIED,UNSPECIFIED,UNSPECIFIED,SMD,UNSPECIFIED,UNSPECIFIED,EE|IC|STANDARD|UNSPECIFIED|UNSPECIFIED|UNSPECIFIED|SMD|UNSPECIFIED|UNSPECIFIED,AUTO_MAPPED_TO_EXISTING_CNMC
CNMC-EE-IC-000030,BHEL,CN9065704019,ELECTRICAL_AND_ELECTRONICS,INTEGRATED_CIRCUIT,"INTEGRATED_CIRCUIT, OR GATE",IC MP COMMUNICATION CONTROLLER 9902 | IC MP COMMUNICATIONS CONTROLLER | TMS9902ANL | ICS TO BE 100% INSPECTED FOR FUNCTION- | ALITY. DEFECTIVE ICS TO BE REPLACED BY | THE VENDOR.,IC MP COMMUNICATION CONTROLLER 9902 IC MP COMMUNICATIONS CONTROLLER TMS9902ANL ICS TO BE 100% INSPECTED FOR FUNCTION- ALITY. DEFECTIVE ICS TO BE REPLACED BY THE VENDOR.,OR_GATE,UNSPECIFIED,UNSPECIFIED,UNSPECIFIED,UNSPECIFIED,UNSPECIFIED,UNSPECIFIED,EE|IC|OR_GATE|UNSPECIFIED|UNSPECIFIED|UNSPECIFIED|UNSPECIFIED|UNSPECIFIED|UNSPECIFIED,AUTO_MAPPED_TO_EXISTING_CNMC
CNMC-EE-IC-000030,BHEL,CN9065705015,ELECTRICAL_AND_ELECTRONICS,INTEGRATED_CIRCUIT,"INTEGRATED_CIRCUIT, OR GATE",IC MP MICROCONTROLLER 8 BIT 9995 | IC MICROCOMPUTER TMS9995NL-12 | ALL ICs TO BE TESTED FOR FULL FUNCTIONALITY | DURING BHEL-GI QUALITY INSPECTION STAGE. | ICs WHICH ARE PASSING THE TEST ONLY TO BE | ACCEPTED. | REST TO BE REJECTED. | REJECTED ICs TO BE REPLACED BY THE VENDOR,IC MP MICROCONTROLLER 8 BIT 9995 IC MICROCOMPUTER TMS9995NL-12 ALL ICS TO BE TESTED FOR FULL FUNCTIONALITY DURING BHEL-GI QUALITY INSPECTION STAGE. ICS WHICH ARE PASSING THE TEST ONLY TO BE ACCEPTED. REST TO BE REJECTED. REJECTED ICS TO BE REPLACED BY THE VENDOR,OR_GATE,UNSPECIFIED,UNSPECIFIED,UNSPECIFIED,UNSPECIFIED,UNSPECIFIED,UNSPECIFIED,EE|IC|OR_GATE|UNSPECIFIED|UNSPECIFIED|UNSPECIFIED|UNSPECIFIED|UNSPECIFIED|UNSPECIFIED,AUTO_MAPPED_TO_EXISTING_CNMC
CNMC-EE-IC-000030,BHEL,CN9065713026,ELECTRICAL_AND_ELECTRONICS,INTEGRATED_CIRCUIT,"INTEGRATED_CIRCUIT, OR GATE",IC MP MOTHER BOARD CLK GENERATOR 82284 | IC MP P82284-6,IC MP MOTHER BOARD CLK GENERATOR 82284 IC MP P82284-6,OR_GATE,UNSPECIFIED,UNSPECIFIED,UNSPECIFIED,UNSPECIFIED,UNSPECIFIED,UNSPECIFIED,EE|IC|OR_GATE|UNSPECIFIED|UNSPECIFIED|UNSPECIFIED|UNSPECIFIED|UNSPECIFIED|UNSPECIFIED,AUTO_MAPPED_TO_EXISTING_CNMC
CNMC-EE-IC-000030,BHEL,DV0692340076,ELECTRICAL_AND_ELECTRONICS,INTEGRATED_CIRCUIT,"INTEGRATED_CIRCUIT, OR GATE","IC DIGITAL ISOLATOR ADuM1201BR SOIC8 S | IC DIGITAL ISOLATOR ADuM1201BR SOIC8 S | MA PART NO:#60101201,0 | ROHS DEVICE WITH BACKWARD COMPATIBILITY. | OEM  PACKING ONLY.",IC DIGITAL ISOLATOR ADUM1201BR SOIC8 S IC DIGITAL ISOLATOR ADUM1201BR SOIC8 S MA PART NO: 60101201 0,OR_GATE,UNSPECIFIED,UNSPECIFIED,UNSPECIFIED,UNSPECIFIED,UNSPECIFIED,UNSPECIFIED,EE|IC|OR_GATE|UNSPECIFIED|UNSPECIFIED|UNSPECIFIED|UNSPECIFIED|UNSPECIFIED|UNSPECIFIED,AUTO_MAPPED_TO_EXISTING_CNMC
CNMC-EE-IC-000030,BHEL,DV0692340114,ELECTRICAL_AND_ELECTRONICS,INTEGRATED_CIRCUIT,"INTEGRATED_CIRCUIT, OR GATE","IC DIGITAL ISOLATOR ADuM1400ARWZ SOW16 S | IC DIGITAL ISOLATOR ADuM1400ARWZ SOW16 S | MA PART NO:#60101402,0 | ROHS DEVICE WITH BACKWARD COMPATIBILITY. | OEM TAPE AND REEL PACKING ONLY.",IC DIGITAL ISOLATOR ADUM1400ARWZ SOW16 S IC DIGITAL ISOLATOR ADUM1400ARWZ SOW16 S MA PART NO: 60101402 0,OR_GATE,UNSPECIFIED,UNSPECIFIED,UNSPECIFIED,UNSPECIFIED,UNSPECIFIED,UNSPECIFIED,EE|IC|OR_GATE|UNSPECIFIED|UNSPECIFIED|UNSPECIFIED|UNSPECIFIED|UNSPECIFIED|UNSPECIFIED,AUTO_MAPPED_TO_EXISTING_CNMC
CNMC-EE-IC-000030,BHEL,DV0692390090,ELECTRICAL_AND_ELECTRONICS,INTEGRATED_CIRCUIT,"INTEGRATED_CIRCUIT, OR GATE",IC IF TTL HEX BUFFER SN7417D SOIC14 | IC TTL SN7417 SOIC14 HEX BUFFER DRIVER WITH | OPEN COLLECTOR. OEM TAPE AND | REEL PACKING ONLY. DATE CODE TO BE LESS THAN | 24 MONTHS FROM INVOICE | DATE. | Date-code and  decoding information of the date-code to be | made | available along with the item,IC IF TTL HEX BUFFER SN7417D SOIC14 IC TTL SN7417 SOIC14 HEX BUFFER DRIVER WITH OPEN COLLECTOR.,OR_GATE,UNSPECIFIED,UNSPECIFIED,UNSPECIFIED,UNSPECIFIED,UNSPECIFIED,UNSPECIFIED,EE|IC|OR_GATE|UNSPECIFIED|UNSPECIFIED|UNSPECIFIED|UNSPECIFIED|UNSPECIFIED|UNSPECIFIED,AUTO_MAPPED_TO_EXISTING_CNMC
CNMC-EE-IC-000030,BHEL,DV0692430393,ELECTRICAL_AND_ELECTRONICS,INTEGRATED_CIRCUIT,"INTEGRATED_CIRCUIT, OR GATE","IC ARM MCU CORTEX M4 512K FLASH 2xCAN | Microcontroller ARM CORTEX M4 512k flash 2xCAN etc. | 120MHz OEM:NXP | P/N:LPC4088FBD208 ""OEM PACKAGING ONLY. DATE | CODE TO BE LESS THAN 24 | MONTHS FROM INVOICE DATE.BHEL'S WRITTEN | APPROVAL IS REQUIRED IN CASE OF | ANY DEVIATION FROM THE ABOVE."" Loose packets and | boxes not acceptable | Tape and Reel only",IC ARM MCU CORTEX M4 512K FLASH 2XCAN MICROCONTROLLER ARM CORTEX M4 512K FLASH 2XCAN ETC. 120MHZ P/N:LPC4088FBD208,OR_GATE,UNSPECIFIED,UNSPECIFIED,UNSPECIFIED,UNSPECIFIED,UNSPECIFIED,UNSPECIFIED,EE|IC|OR_GATE|UNSPECIFIED|UNSPECIFIED|UNSPECIFIED|UNSPECIFIED|UNSPECIFIED|UNSPECIFIED,AUTO_MAPPED_TO_EXISTING_CNMC
CNMC-EE-IC-000030,BHEL,DV0692503735,ELECTRICAL_AND_ELECTRONICS,INTEGRATED_CIRCUIT,"INTEGRATED_CIRCUIT, OR GATE",IC 3-CH PROTECTOR ADG466BR SO8 | Tripple Channel Protector ADG466BR SO8 .,IC 3-CH PROTECTOR ADG466BR SO8 TRIPPLE CHANNEL PROTECTOR ADG466BR SO8 .,OR_GATE,UNSPECIFIED,UNSPECIFIED,UNSPECIFIED,UNSPECIFIED,UNSPECIFIED,UNSPECIFIED,EE|IC|OR_GATE|UNSPECIFIED|UNSPECIFIED|UNSPECIFIED|UNSPECIFIED|UNSPECIFIED|UNSPECIFIED,AUTO_MAPPED_TO_EXISTING_CNMC
CNMC-EE-IC-000030,BHEL,EN7467632886,ELECTRICAL_AND_ELECTRONICS,INTEGRATED_CIRCUIT,"INTEGRATED_CIRCUIT, OR GATE",IC MP PROGRAMBL INTRVL TIMR P82C54-2N | IC MICROPROCESSOR | PROGRAMMABLE INTERVAL TIMER | P82C54-2N,IC MP PROGRAMBL INTRVL TIMR P82C54-2N IC MICROPROCESSOR PROGRAMMABLE INTERVAL TIMER P82C54-2N,OR_GATE,UNSPECIFIED,UNSPECIFIED,UNSPECIFIED,UNSPECIFIED,UNSPECIFIED,UNSPECIFIED,EE|IC|OR_GATE|UNSPECIFIED|UNSPECIFIED|UNSPECIFIED|UNSPECIFIED|UNSPECIFIED|UNSPECIFIED,AUTO_MAPPED_TO_EXISTING_CNMC
CNMC-EE-IC-000030,BHEL,EN7467632983,ELECTRICAL_AND_ELECTRONICS,INTEGRATED_CIRCUIT,"INTEGRATED_CIRCUIT, OR GATE",IC IF MOS PERIPHRL INTERFACE 9901 | IC MP PROGRAMMABLE SYSTEM INTERFACE | TMS9901JL | ICS TO BE 100% INSPECTED FOR FUNCTION- | ALITY. DEFECTIVE ICS TO BE REPLACED BY | THE VENDOR.,IC IF MOS PERIPHRL INTERFACE 9901 IC MP PROGRAMMABLE SYSTEM INTERFACE TMS9901JL ICS TO BE 100% INSPECTED FOR FUNCTION- ALITY. DEFECTIVE ICS TO BE REPLACED BY THE VENDOR.,OR_GATE,UNSPECIFIED,UNSPECIFIED,UNSPECIFIED,UNSPECIFIED,UNSPECIFIED,UNSPECIFIED,EE|IC|OR_GATE|UNSPECIFIED|UNSPECIFIED|UNSPECIFIED|UNSPECIFIED|UNSPECIFIED|UNSPECIFIED,AUTO_MAPPED_TO_EXISTING_CNMC
CNMC-EE-IC-000030,BHEL,EN7470198962,ELECTRICAL_AND_ELECTRONICS,INTEGRATED_CIRCUIT,"INTEGRATED_CIRCUIT, OR GATE",PC/104 + 2 Ethernet + 24 DGTL I/O | MERCATOR II 2X2 QUAD 10/100 ETHERNET + 24 GPIO | MRC-424-XT REV A | DATE CODE OF THE ITEM TO BE WITHIN 1 YR | FROM INVOICE DATE. | SUPPLIED ITEMS TO BE COVERED UNDER 2 YEARS | WARRANTY FROM INVOICE DATE. | OEM COC AND WARRANTY CERTIFICATE TO BE | SUBMITTED WITH THE MATERIAL SUPPLY.,PC/104 + 2 ETHERNET + 24 DGTL I/O MERCATOR II 2X2 QUAD 10/100 ETHERNET + 24 GPIO MRC-424-XT REV A,OR_GATE,UNSPECIFIED,UNSPECIFIED,UNSPECIFIED,UNSPECIFIED,UNSPECIFIED,UNSPECIFIED,EE|IC|OR_GATE|UNSPECIFIED|UNSPECIFIED|UNSPECIFIED|UNSPECIFIED|UNSPECIFIED|UNSPECIFIED,AUTO_MAPPED_TO_EXISTING_CNMC
CNMC-EE-IC-000075,BHEL,DV0692030493,ELECTRICAL_AND_ELECTRONICS,INTEGRATED_CIRCUIT,"INTEGRATED_CIRCUIT, OR GATE, PKG SMD",IC CMOS TRIPLE 3 I/P OR GATE SOIC14 SMD | ROHS DEVICE WITH BACKWARD COMPATIBILITY. | TO BE SUPPLIED IN OEM TAPE AND | REEL PACKING ONLY. DATE CODE TO BE LESS THAN | 2 YEARS FROM INVOICE DATE.,IC CMOS TRIPLE 3 I/P OR GATE SOIC14 SMD,OR_GATE,UNSPECIFIED,UNSPECIFIED,UNSPECIFIED,SMD,UNSPECIFIED,UNSPECIFIED,EE|IC|OR_GATE|UNSPECIFIED|UNSPECIFIED|UNSPECIFIED|SMD|UNSPECIFIED|UNSPECIFIED,AUTO_MAPPED_TO_EXISTING_CNMC
CNMC-EE-IC-000075,BHEL,DV0692330110,ELECTRICAL_AND_ELECTRONICS,INTEGRATED_CIRCUIT,"INTEGRATED_CIRCUIT, OR GATE, PKG SMD","IC FPGA FLEX-6K16 2NS-3NS PQFP-208 SMD | OEM PACKING IS PREFERRED. IN CASE OEM | PACKING SUPPLY IS NOT POSSIBLE, ITEM | TO BE SUPPLIED IN HUMIDITY | SEALED TRAY PACKING AS PER JEDEC | GUIDELINES FOR MSL 3 ITEMS. | ORIGINAL ITEM TO BE SUPPLIED. | ACCEPTABLE DATE CODE IS 2013+ . | MA PART NO: 082266",IC FPGA FLEX-6K16 2NS-3NS PQFP-208 SMD IS PREFERRED. IN CASE SUPPLY IS NOT POSSIBLE ITEM TO BE SUPPLIED IN HUMIDITY SEALED TRAY PACKING AS PER JEDEC GUIDELINES FOR MSL 3 ITEMS. ORIGINAL ITEM TO BE SUPPLIED. ACCEPTABLE,OR_GATE,UNSPECIFIED,UNSPECIFIED,UNSPECIFIED,SMD,UNSPECIFIED,UNSPECIFIED,EE|IC|OR_GATE|UNSPECIFIED|UNSPECIFIED|UNSPECIFIED|SMD|UNSPECIFIED|UNSPECIFIED,AUTO_MAPPED_TO_EXISTING_CNMC
CNMC-EE-IC-000075,BHEL,DV0692333427,ELECTRICAL_AND_ELECTRONICS,INTEGRATED_CIRCUIT,"INTEGRATED_CIRCUIT, OR GATE, PKG SMD",IC PWR MONITOR LTC1728 SOT23-5 SMD | OEM TAPE AND REEL PACKING ONLY.,IC PWR MONITOR LTC1728 SOT23-5 SMD,OR_GATE,UNSPECIFIED,UNSPECIFIED,UNSPECIFIED,SMD,UNSPECIFIED,UNSPECIFIED,EE|IC|OR_GATE|UNSPECIFIED|UNSPECIFIED|UNSPECIFIED|SMD|UNSPECIFIED|UNSPECIFIED,AUTO_MAPPED_TO_EXISTING_CNMC
CNMC-EE-IC-000075,BHEL,DV0692333435,ELECTRICAL_AND_ELECTRONICS,INTEGRATED_CIRCUIT,"INTEGRATED_CIRCUIT, OR GATE, PKG SMD",IC PWR MONITOR LTC2960 SOT23-8 SMD | OEM TAPE AND REEL PACKING ONLY.,IC PWR MONITOR LTC2960 SOT23-8 SMD,OR_GATE,UNSPECIFIED,UNSPECIFIED,UNSPECIFIED,SMD,UNSPECIFIED,UNSPECIFIED,EE|IC|OR_GATE|UNSPECIFIED|UNSPECIFIED|UNSPECIFIED|SMD|UNSPECIFIED|UNSPECIFIED,AUTO_MAPPED_TO_EXISTING_CNMC
CNMC-EE-IC-000075,BHEL,DV0692334246,ELECTRICAL_AND_ELECTRONICS,INTEGRATED_CIRCUIT,"INTEGRATED_CIRCUIT, OR GATE, PKG SMD",IC FPGA CYCLONE IV 328IO SMD 484-BGA | ITEM TO BE SUPPLIED IN HUMIDITY SEALED | PACKING AS PER APPLICABLE JEDEC GUIDELINES | FOR | MSL 3 PACKING. DATE CODE TO BE WITHIN 5 | YEARS FROM INVOICE DATE. | VALMET PART NO: 094321,IC FPGA CYCLONE IV 328IO SMD 484-BGA ITEM TO BE SUPPLIED IN HUMIDITY SEALED PACKING AS PER APPLICABLE JEDEC GUIDELINES FOR MSL 3 PACKING.,OR_GATE,UNSPECIFIED,UNSPECIFIED,UNSPECIFIED,SMD,UNSPECIFIED,UNSPECIFIED,EE|IC|OR_GATE|UNSPECIFIED|UNSPECIFIED|UNSPECIFIED|SMD|UNSPECIFIED|UNSPECIFIED,AUTO_MAPPED_TO_EXISTING_CNMC
CNMC-EE-IC-000075,BHEL,DV0692357785,ELECTRICAL_AND_ELECTRONICS,INTEGRATED_CIRCUIT,"INTEGRATED_CIRCUIT, OR GATE, PKG SMD","IC DIGITAL ISOLATOR 4CH ADuM3401C SMD | DIGITAL ISOLATOR 4CH ADuM3401CR SOW16 | MA PART NO: 60103403,0 | ROHS DEVICE WITH BACKWARD COMPATIBILITY",IC DIGITAL ISOLATOR 4CH ADUM3401C SMD DIGITAL ISOLATOR 4CH ADUM3401CR SOW16 MA PART NO: 60103403 0,OR_GATE,UNSPECIFIED,UNSPECIFIED,UNSPECIFIED,SMD,UNSPECIFIED,UNSPECIFIED,EE|IC|OR_GATE|UNSPECIFIED|UNSPECIFIED|UNSPECIFIED|SMD|UNSPECIFIED|UNSPECIFIED,AUTO_MAPPED_TO_EXISTING_CNMC
CNMC-EE-IC-000075,BHEL,DV0692400664,ELECTRICAL_AND_ELECTRONICS,INTEGRATED_CIRCUIT,"INTEGRATED_CIRCUIT, OR GATE, PKG SMD","IC DUAL-CH DIGTL ISOLTOR ADuM1200ARZ SMD | ISOLATOR DIGITAL DUAL 1MBPS SO-8 | OEM:ANALOG DEVICES | P/N:ADuM1200ARZ | ""OEM PACKAGING ONLY.",IC DUAL-CH DIGTL ISOLTOR ADUM1200ARZ SMD ISOLATOR DIGITAL DUAL 1MBPS SO-8 DEVICES P/N:ADUM1200ARZ,OR_GATE,UNSPECIFIED,UNSPECIFIED,UNSPECIFIED,SMD,UNSPECIFIED,UNSPECIFIED,EE|IC|OR_GATE|UNSPECIFIED|UNSPECIFIED|UNSPECIFIED|SMD|UNSPECIFIED|UNSPECIFIED,AUTO_MAPPED_TO_EXISTING_CNMC
CNMC-EE-IC-000075,BHEL,DV0692401512,ELECTRICAL_AND_ELECTRONICS,INTEGRATED_CIRCUIT,"INTEGRATED_CIRCUIT, OR GATE, PKG SMD","IC TRSCVR  PHYTER DP83848IVV/NOPB  SMD | IC ETHERNET PHYTER 10/100 MB/S | OEM: NATIONAL SEMICONDUCTOR | P/N: DP83848IVV/NOPB | ""OEM PACKAGING ONLY.",IC TRSCVR PHYTER DP83848IVV/NOPB SMD IC ETHERNET PHYTER 10/100 MB/S SEMICONDUCTOR P/N: DP83848IVV/NOPB,OR_GATE,UNSPECIFIED,UNSPECIFIED,UNSPECIFIED,SMD,UNSPECIFIED,UNSPECIFIED,EE|IC|OR_GATE|UNSPECIFIED|UNSPECIFIED|UNSPECIFIED|SMD|UNSPECIFIED|UNSPECIFIED,AUTO_MAPPED_TO_EXISTING_CNMC
CNMC-EE-IC-000075,BHEL,DV0692401547,ELECTRICAL_AND_ELECTRONICS,INTEGRATED_CIRCUIT,"INTEGRATED_CIRCUIT, OR GATE, PKG SMD","IC RS485/422 BUS TRANSVCR LMS1487EIM SMD | IC RS-422/RS-485 TRANSCEIVER | 2.5MBPS HALF-DUPLEX 5V | OEM:NATIONAL SEMICONDUCTOR | P/N:LMS1487EIM | ""OEM PACKAGING ONLY.",IC RS485/422 BUS TRANSVCR LMS1487EIM SMD IC RS-422/RS-485 TRANSCEIVER 2.5MBPS HALF-DUPLEX 5V SEMICONDUCTOR P/N:LMS1487EIM,OR_GATE,UNSPECIFIED,UNSPECIFIED,UNSPECIFIED,SMD,UNSPECIFIED,UNSPECIFIED,EE|IC|OR_GATE|UNSPECIFIED|UNSPECIFIED|UNSPECIFIED|SMD|UNSPECIFIED|UNSPECIFIED,AUTO_MAPPED_TO_EXISTING_CNMC
CNMC-EE-IC-000075,BHEL,DV0692401725,ELECTRICAL_AND_ELECTRONICS,INTEGRATED_CIRCUIT,"INTEGRATED_CIRCUIT, OR GATE, PKG SMD","IC CAN TRSCVR FOR 24V SN65HVD251D SMD | CAN TRANSCEIVER FOR 24V SYSTEMS SO-8 | OEM:TEXAS INSTRUMENTS | P/N:SN65HVD251D | ""OEM PACKAGING ONLY.",IC CAN TRSCVR FOR 24V SN65HVD251D SMD CAN TRANSCEIVER FOR 24V SYSTEMS SO-8 INSTRUMENTS P/N:SN65HVD251D,OR_GATE,UNSPECIFIED,UNSPECIFIED,UNSPECIFIED,SMD,UNSPECIFIED,UNSPECIFIED,EE|IC|OR_GATE|UNSPECIFIED|UNSPECIFIED|UNSPECIFIED|SMD|UNSPECIFIED|UNSPECIFIED,AUTO_MAPPED_TO_EXISTING_CNMC
CNMC-EE-IC-000075,BHEL,DV0692402594,ELECTRICAL_AND_ELECTRONICS,INTEGRATED_CIRCUIT,"INTEGRATED_CIRCUIT, OR GATE, PKG SMD","IC RECEIVER DIFF EN QUAD DS34LV86TM SMD | IC RECEIVER DIFFERENTIAL WITH | EN QUAD 3.3V SO16 SMD | OEM:NATIONAL SEMICONDUCTORS | P/N:DS34LV86TM/NOPB | ""OEM PACKAGING ONLY.",IC RECEIVER DIFF EN QUAD DS34LV86TM SMD IC RECEIVER DIFFERENTIAL WITH EN QUAD 3.3V SO16 SMD SEMICONDUCTORS P/N:DS34LV86TM/NOPB,OR_GATE,UNSPECIFIED,UNSPECIFIED,UNSPECIFIED,SMD,UNSPECIFIED,UNSPECIFIED,EE|IC|OR_GATE|UNSPECIFIED|UNSPECIFIED|UNSPECIFIED|SMD|UNSPECIFIED|UNSPECIFIED,AUTO_MAPPED_TO_EXISTING_CNMC
CNMC-EE-IC-000075,BHEL,DV0692403477,ELECTRICAL_AND_ELECTRONICS,INTEGRATED_CIRCUIT,"INTEGRATED_CIRCUIT, OR GATE, PKG SMD",IC SL FLASH MEMORY 64MB SMD | OEM PACKAGING ONLY.,IC SL FLASH MEMORY 64MB SMD,OR_GATE,UNSPECIFIED,UNSPECIFIED,UNSPECIFIED,SMD,UNSPECIFIED,UNSPECIFIED,EE|IC|OR_GATE|UNSPECIFIED|UNSPECIFIED|UNSPECIFIED|SMD|UNSPECIFIED|UNSPECIFIED,AUTO_MAPPED_TO_EXISTING_CNMC
CNMC-EE-IC-000075,BHEL,DV0692403876,ELECTRICAL_AND_ELECTRONICS,INTEGRATED_CIRCUIT,"INTEGRATED_CIRCUIT, OR GATE, PKG SMD",IC MONO ASTABLE MULTVIBRTOR  SMD | IC MONOSTABLE ASTABLE MULTIVIBRATOR | OEM  TAPE & REEL PACKAGING ONLY.,IC MONO ASTABLE MULTVIBRTOR SMD IC MONOSTABLE ASTABLE MULTIVIBRATOR,OR_GATE,UNSPECIFIED,UNSPECIFIED,UNSPECIFIED,SMD,UNSPECIFIED,UNSPECIFIED,EE|IC|OR_GATE|UNSPECIFIED|UNSPECIFIED|UNSPECIFIED|SMD|UNSPECIFIED|UNSPECIFIED,AUTO_MAPPED_TO_EXISTING_CNMC
CNMC-EE-IC-000075,BHEL,DV0692430843,ELECTRICAL_AND_ELECTRONICS,INTEGRATED_CIRCUIT,"INTEGRATED_CIRCUIT, OR GATE, PKG SMD","IC FLASH 128M SPI 3.3V 104MHZ 8SOP SMD | IC FLASH 128M SPI CMOS 3.3V 104MHZ 8SOP, NOR | MEMORY OEM PACKAGING ONLY.",IC FLASH 128M SPI 3.3V 104MHZ 8SOP SMD IC FLASH 128M SPI CMOS 3.3V 104MHZ 8SOP NOR MEMORY,OR_GATE,UNSPECIFIED,UNSPECIFIED,UNSPECIFIED,SMD,UNSPECIFIED,UNSPECIFIED,EE|IC|OR_GATE|UNSPECIFIED|UNSPECIFIED|UNSPECIFIED|SMD|UNSPECIFIED|UNSPECIFIED,AUTO_MAPPED_TO_EXISTING_CNMC
CNMC-EE-IC-000075,BHEL,EN7467601921,ELECTRICAL_AND_ELECTRONICS,INTEGRATED_CIRCUIT,"INTEGRATED_CIRCUIT, OR GATE, PKG SMD",IC MP MOS MICROPROCESSOR 16 BIT 80286 | IC UP HIGH-SPEED | CMOS 80286 | N80C286-12 | SMD,IC MP MOS MICROPROCESSOR 16 BIT 80286 IC UP HIGH-SPEED CMOS 80286 N80C286-12 SMD,OR_GATE,UNSPECIFIED,UNSPECIFIED,UNSPECIFIED,SMD,UNSPECIFIED,UNSPECIFIED,EE|IC|OR_GATE|UNSPECIFIED|UNSPECIFIED|UNSPECIFIED|SMD|UNSPECIFIED|UNSPECIFIED,AUTO_MAPPED_TO_EXISTING_CNMC
CNMC-EE-IC-000076,BHEL,DV0692030592,ELECTRICAL_AND_ELECTRONICS,INTEGRATED_CIRCUIT,"INTEGRATED_CIRCUIT, PKG SOIC",IC ANALOG MUX SOIC-28 | ROHS DEVICE WITH BACKWARD COMPATIBILITY | OEM TAPE AND REEL PACKING ONLY.,IC ANALOG MUX SOIC-28,STANDARD,UNSPECIFIED,UNSPECIFIED,UNSPECIFIED,SOIC,UNSPECIFIED,UNSPECIFIED,EE|IC|STANDARD|UNSPECIFIED|UNSPECIFIED|UNSPECIFIED|SOIC|UNSPECIFIED|UNSPECIFIED,AUTO_MAPPED_TO_EXISTING_CNMC
CNMC-EE-IC-000076,BHEL,DV0692306250,ELECTRICAL_AND_ELECTRONICS,INTEGRATED_CIRCUIT,"INTEGRATED_CIRCUIT, PKG SOIC",IC HI SPEED OPTO- COUPLER SOIC-8 SMD | ROHS DEVICE WITH BACKWARD COMPATIBILITY. | OEM TAPE AND REEL PACKING ONLY.,IC HI SPEED OPTO- COUPLER SOIC-8 SMD,STANDARD,UNSPECIFIED,UNSPECIFIED,UNSPECIFIED,SOIC,UNSPECIFIED,UNSPECIFIED,EE|IC|STANDARD|UNSPECIFIED|UNSPECIFIED|UNSPECIFIED|SOIC|UNSPECIFIED|UNSPECIFIED,AUTO_MAPPED_TO_EXISTING_CNMC
CNMC-EE-IC-000076,BHEL,DV0692309544,ELECTRICAL_AND_ELECTRONICS,INTEGRATED_CIRCUIT,"INTEGRATED_CIRCUIT, PKG SOIC",IC SMD DUAL OPTO HCPL-0531 1MBD SOIC-8 | ROHS DEVICE WITH BACKWARD COMPATIBILITY. | OEM TAPE AND REEL PACKING ONLY.,IC SMD DUAL OPTO HCPL-0531 1MBD SOIC-8,STANDARD,UNSPECIFIED,UNSPECIFIED,UNSPECIFIED,SOIC,UNSPECIFIED,UNSPECIFIED,EE|IC|STANDARD|UNSPECIFIED|UNSPECIFIED|UNSPECIFIED|SOIC|UNSPECIFIED|UNSPECIFIED,AUTO_MAPPED_TO_EXISTING_CNMC
CNMC-EE-IC-000076,BHEL,DV0692342249,ELECTRICAL_AND_ELECTRONICS,INTEGRATED_CIRCUIT,"INTEGRATED_CIRCUIT, PKG SOIC","IC SER EEPROM 1K AT93C46DN SOIC 8 S | MA PART NO: 60424621,0 | ROHS DEVICE WITH BACKWARD COMPATIBILITY. | OEM TAPE AND REEL PACKING ONLY.",IC SER EEPROM 1K AT93C46DN SOIC 8 S MA PART NO: 60424621 0,STANDARD,UNSPECIFIED,UNSPECIFIED,UNSPECIFIED,SOIC,UNSPECIFIED,UNSPECIFIED,EE|IC|STANDARD|UNSPECIFIED|UNSPECIFIED|UNSPECIFIED|SOIC|UNSPECIFIED|UNSPECIFIED,AUTO_MAPPED_TO_EXISTING_CNMC
CNMC-EE-IC-000079,BHEL,DV0692222170,ELECTRICAL_AND_ELECTRONICS,INTEGRATED_CIRCUIT,"INTEGRATED_CIRCUIT, OP AMP, PKG SMD",IC AMPLIFIER SMD OP177G LT1097S8(T+R) | IC-AMPLIFIER*OP177G*S | LT1097S8(T+R) | DRG:HETN400911P0005 | PACKING DETAILS: TAPE & REEL,IC AMPLIFIER SMD OP177G LT1097S8 T+R IC-AMPLIFIER OP177G S LT1097S8 T+R PACKING DETAILS: TAPE REEL,OP_AMP,UNSPECIFIED,UNSPECIFIED,UNSPECIFIED,SMD,UNSPECIFIED,UNSPECIFIED,EE|IC|OP_AMP|UNSPECIFIED|UNSPECIFIED|UNSPECIFIED|SMD|UNSPECIFIED|UNSPECIFIED,AUTO_MAPPED_TO_EXISTING_CNMC
CNMC-EE-IC-000079,BHEL,DV0692222510,ELECTRICAL_AND_ELECTRONICS,INTEGRATED_CIRCUIT,"INTEGRATED_CIRCUIT, OP AMP, PKG SMD",IC-QUAD LOW OFF OPAMP OP400HS SMD | IC LINEAR QUAD OP-AMP | OP400HSZ | DRG:HETT402517P0007 | PACKING DETAILS: TUBE WITH 47 ICS,IC-QUAD LOW OFF OPAMP OP400HS SMD IC LINEAR QUAD OP-AMP OP400HSZ PACKING DETAILS: TUBE WITH 47 ICS,OP_AMP,UNSPECIFIED,UNSPECIFIED,UNSPECIFIED,SMD,UNSPECIFIED,UNSPECIFIED,EE|IC|OP_AMP|UNSPECIFIED|UNSPECIFIED|UNSPECIFIED|SMD|UNSPECIFIED|UNSPECIFIED,AUTO_MAPPED_TO_EXISTING_CNMC
CNMC-EE-IC-000079,BHEL,DV0692402500,ELECTRICAL_AND_ELECTRONICS,INTEGRATED_CIRCUIT,"INTEGRATED_CIRCUIT, OP AMP, PKG SMD","IC OPAMP DUAL LOW OFFSET OP727AR SMD | IC OPERATIONAL AMPLIFIER | DUAL LOW OFFSET SO-8 SMD | OEM:ANALOG DEVICES | P/N:OP727AR | ""OEM PACKAGING ONLY.",IC OPAMP DUAL LOW OFFSET OP727AR SMD IC OPERATIONAL AMPLIFIER DUAL LOW OFFSET SO-8 SMD DEVICES P/N:OP727AR,OP_AMP,UNSPECIFIED,UNSPECIFIED,UNSPECIFIED,SMD,UNSPECIFIED,UNSPECIFIED,EE|IC|OP_AMP|UNSPECIFIED|UNSPECIFIED|UNSPECIFIED|SMD|UNSPECIFIED|UNSPECIFIED,AUTO_MAPPED_TO_EXISTING_CNMC
CNMC-EE-IC-000079,BHEL,EN7467055986,ELECTRICAL_AND_ELECTRONICS,INTEGRATED_CIRCUIT,"INTEGRATED_CIRCUIT, OP AMP, PKG SMD","IC LIN AMPLIFIER ISOLATION ISO122U | IC LIN, SMD SO-28 ISOLATION AMPLIFIER | ISO122U/BURR BROWN",IC LIN AMPLIFIER ISOLATION ISO122U IC LIN SMD SO-28 ISOLATION AMPLIFIER ISO122U/BURR BROWN,OP_AMP,UNSPECIFIED,UNSPECIFIED,UNSPECIFIED,SMD,UNSPECIFIED,UNSPECIFIED,EE|IC|OP_AMP|UNSPECIFIED|UNSPECIFIED|UNSPECIFIED|SMD|UNSPECIFIED|UNSPECIFIED,AUTO_MAPPED_TO_EXISTING_CNMC
CNMC-EE-IC-000094,BHEL,DV0692340556,ELECTRICAL_AND_ELECTRONICS,INTEGRATED_CIRCUIT,"INTEGRATED_CIRCUIT, AND GATE","IC 2 I/P AND GATE SN74HC08D SOIC14 S | MA PART NO: 60700806,0 | ROHS DEVICE WITH BACKWARD COMPATIBILITY. | OEM TAPE AND REEL PACKING ONLY.",IC 2 I/P AND GATE SN74HC08D SOIC14 S MA PART NO: 60700806 0,AND_GATE,UNSPECIFIED,UNSPECIFIED,UNSPECIFIED,UNSPECIFIED,UNSPECIFIED,UNSPECIFIED,EE|IC|AND_GATE|UNSPECIFIED|UNSPECIFIED|UNSPECIFIED|UNSPECIFIED|UNSPECIFIED|UNSPECIFIED,AUTO_MAPPED_TO_EXISTING_CNMC
CNMC-EE-IC-000094,BHEL,DV0692342060,ELECTRICAL_AND_ELECTRONICS,INTEGRATED_CIRCUIT,"INTEGRATED_CIRCUIT, AND GATE","IC SINGLE AND SN74LVC1G08DBV SOT23-5 S | MA PART NO: 60900800,0 | ROHS DEVICE WITH BACKWARD COMPATIBILITY. | OEM TAPE AND REEL PACKING ONLY.",IC SINGLE AND SN74LVC1G08DBV SOT23-5 S MA PART NO: 60900800 0,AND_GATE,UNSPECIFIED,UNSPECIFIED,UNSPECIFIED,UNSPECIFIED,UNSPECIFIED,UNSPECIFIED,EE|IC|AND_GATE|UNSPECIFIED|UNSPECIFIED|UNSPECIFIED|UNSPECIFIED|UNSPECIFIED|UNSPECIFIED,AUTO_MAPPED_TO_EXISTING_CNMC
CNMC-EE-IC-000094,BHEL,DV0692349537,ELECTRICAL_AND_ELECTRONICS,INTEGRATED_CIRCUIT,"INTEGRATED_CIRCUIT, AND GATE","IC SCHMT TRG SN74LVC2G17DBV SOT23-6 S | MA PART NO: 60901702,0 AND 082566 | ROHS DEVICE WITH BACKWARD COMPATIBILITY. | TAPE AND REEL PACKING ONLY.",IC SCHMT TRG SN74LVC2G17DBV SOT23-6 S MA PART NO: 60901702 0 AND 082566,AND_GATE,UNSPECIFIED,UNSPECIFIED,UNSPECIFIED,UNSPECIFIED,UNSPECIFIED,UNSPECIFIED,EE|IC|AND_GATE|UNSPECIFIED|UNSPECIFIED|UNSPECIFIED|UNSPECIFIED|UNSPECIFIED|UNSPECIFIED,AUTO_MAPPED_TO_EXISTING_CNMC
CNMC-EE-MOD-000001,BHEL,DV0692309047,ELECTRICAL_AND_ELECTRONICS,ELECTRONIC_MODULE,ELECTRONIC_MODULE,CARD EDGE P.C. CONN. | CARD EDGE P.C.CONN. | VALMET REF: 047392 | DATE CODE CLAUSE :DATE CODE OF THE | ITEMS SUPPLIED SHALL BE LESS THAN OR | EQUAL TO 24 MONTHS FROM THE PO DATE. | PRIOR APPROVAL TO BE TAKEN BY VENDOR IN | CASE OF ANY DEVIATION FROM THIS CLAUSE. | SAP PART NO.OF VISHAY IS: EB83-S0L2240W-101,CARD EDGE P.C. CONN. CARD EDGE P.C.CONN. VALMET,STANDARD,UNSPECIFIED,UNSPECIFIED,UNSPECIFIED,UNSPECIFIED,UNSPECIFIED,UNSPECIFIED,EE|MOD|STANDARD|UNSPECIFIED|UNSPECIFIED|UNSPECIFIED|UNSPECIFIED|UNSPECIFIED|UNSPECIFIED,AUTO_MAPPED_TO_EXISTING_CNMC
CNMC-EE-MOD-000001,BHEL,DV0692350071,ELECTRICAL_AND_ELECTRONICS,ELECTRONIC_MODULE,ELECTRONIC_MODULE,INSULATING WASHER 2  RM10 | Powernet partno : 65000010 | Used below L1 & T2 in IPSP module.,INSULATING WASHER 2 RM10 POWERNET PARTNO : 65000010 USED BELOW L1 T2 IN IPSP MODULE.,STANDARD,UNSPECIFIED,UNSPECIFIED,UNSPECIFIED,UNSPECIFIED,UNSPECIFIED,UNSPECIFIED,EE|MOD|STANDARD|UNSPECIFIED|UNSPECIFIED|UNSPECIFIED|UNSPECIFIED|UNSPECIFIED|UNSPECIFIED,AUTO_MAPPED_TO_EXISTING_CNMC
CNMC-EE-MOD-000001,BHEL,DV0692351139,ELECTRICAL_AND_ELECTRONICS,ELECTRONIC_MODULE,ELECTRONIC_MODULE,"MODULE QSEVEN AB1-3J84 | M106 QSeven without coating | VALMET ORDER NO: AB1-3J84. | PQ7-M106IL-EN-E3845-2G-MET, Rev 400. | (OR) | PQ7-M106IL-EN-E3845-2G-MET, Rev 401. | (OR) | PQ7-M106IL-EN-E3845-2G-MET, Rev 501 | VALMET,FNLAND PART NO: S447855. | VALMET,USA PART NO: 049368. | QSEVEN MODULES ARE TO BE SUPPLIED WITH | CUSTOMISED BIOS and EC AS PER VALMET - | FINLAND/USA. | ITEM TO BE SUPPLIED IN OEM PACKING. | DATE CODE OF THE ITEM TO BE WITHIN 2 | YEARS FROM INVOICE DATE. | OEM COC AND WARRANTY CERTIFICATE FOR | 1 YEAR FROM INVOICE DATE TO BE PROVIDED.",MODULE QSEVEN AB1-3J84 M106 QSEVEN WITHOUT COATING VALMET ORDER NO: AB1-3J84. PQ7-M106IL-EN-E3845-2G-MET REV 400. OR PQ7-M106IL-EN-E3845-2G-MET REV 401. OR PQ7-M106IL-EN-E3845-2G-MET REV 501 VALMET FNLAND PART NO: S447855. VALMET USA PART NO: 049368. QSEVEN MODULES ARE TO BE SUPPLIED WITH CUSTOMISED BIOS AND EC AS PER VALMET - FINLAND/USA. ITEM TO BE SUPPLIED IN .,STANDARD,UNSPECIFIED,UNSPECIFIED,UNSPECIFIED,UNSPECIFIED,UNSPECIFIED,UNSPECIFIED,EE|MOD|STANDARD|UNSPECIFIED|UNSPECIFIED|UNSPECIFIED|UNSPECIFIED|UNSPECIFIED|UNSPECIFIED,AUTO_MAPPED_TO_EXISTING_CNMC
CNMC-EE-MOD-000001,BHEL,DV0692400605,ELECTRICAL_AND_ELECTRONICS,ELECTRONIC_MODULE,ELECTRONIC_MODULE,SOLDER ANCHOR PCB 1.6MM 125700D00000G | SOLDER ANCHOR PCB 1.6MM,SOLDER ANCHOR PCB 1.6MM 125700D00000G SOLDER ANCHOR PCB 1.6MM,STANDARD,UNSPECIFIED,UNSPECIFIED,UNSPECIFIED,UNSPECIFIED,UNSPECIFIED,UNSPECIFIED,EE|MOD|STANDARD|UNSPECIFIED|UNSPECIFIED|UNSPECIFIED|UNSPECIFIED|UNSPECIFIED|UNSPECIFIED,AUTO_MAPPED_TO_EXISTING_CNMC
CNMC-EE-MOD-000001,BHEL,DV0692430435,ELECTRICAL_AND_ELECTRONICS,ELECTRONIC_MODULE,ELECTRONIC_MODULE,E-NET CNTRL INT ETH CARD D013E-TR-O-N-MQ | Ethernet | Controller | Component | OEM:DUAGON | P/N.D013E-TR-O-N-M-Q,E-NET CNTRL INT ETH CARD D013E-TR-O-N-MQ ETHERNET CONTROLLER COMPONENT P/N.D013E-TR-O-N-M-Q,STANDARD,UNSPECIFIED,UNSPECIFIED,UNSPECIFIED,UNSPECIFIED,UNSPECIFIED,UNSPECIFIED,EE|MOD|STANDARD|UNSPECIFIED|UNSPECIFIED|UNSPECIFIED|UNSPECIFIED|UNSPECIFIED|UNSPECIFIED,AUTO_MAPPED_TO_EXISTING_CNMC
CNMC-EE-MOD-000002,BHEL,DV0692404627,ELECTRICAL_AND_ELECTRONICS,ELECTRONIC_MODULE,"ELECTRONIC_MODULE, 9P, PKG STRAIGHT",CONN SUB-D 9P STRT MALE 8900604011800 | CONN SUB-D 9P STRAIGHT MALE | PCB 4-40 THREADED INSERT | OEM:HARTING | P/N:8900604011800,CONN SUB-D 9P STRAIGHT MALE 8900604011800 CONN SUB-D 9P STRAIGHT MALE PCB 4-40 THREADED INSERT P/N:8900604011800,STANDARD,UNSPECIFIED,UNSPECIFIED,UNSPECIFIED,STRAIGHT,9P,UNSPECIFIED,EE|MOD|STANDARD|UNSPECIFIED|UNSPECIFIED|UNSPECIFIED|STRAIGHT|9P|UNSPECIFIED,AUTO_MAPPED_TO_EXISTING_CNMC
CNMC-EE-MOD-000002,BHEL,DV0692404635,ELECTRICAL_AND_ELECTRONICS,ELECTRONIC_MODULE,"ELECTRONIC_MODULE, 9P, PKG STRAIGHT",CONN SUB-D 9P STRT FEMALE 8900604011900 | CONN SUB-D 9P STRAIGHT FEMALE | PCB 4-40 THREADED INSERT | OEM:HARTING | P/N:8900604011900,CONN SUB-D 9P STRAIGHT FEMALE 8900604011900 CONN SUB-D 9P STRAIGHT FEMALE PCB 4-40 THREADED INSERT P/N:8900604011900,STANDARD,UNSPECIFIED,UNSPECIFIED,UNSPECIFIED,STRAIGHT,9P,UNSPECIFIED,EE|MOD|STANDARD|UNSPECIFIED|UNSPECIFIED|UNSPECIFIED|STRAIGHT|9P|UNSPECIFIED,AUTO_MAPPED_TO_EXISTING_CNMC
CNMC-EE-MOD-000002,BHEL,DV0692410066,ELECTRICAL_AND_ELECTRONICS,ELECTRONIC_MODULE,"ELECTRONIC_MODULE, 9P, PKG STRAIGHT",SUB-D CONN 9P STRAIGHT MALE PCB4-40 THRD               50 | CONN SUB-D 9P STRAIGHT MALE PCB 4-40 | THREADED INSERT TDE SERIES | OEM:TYCO P/N:1-1634218-2,SUB-D CONN 9P STRAIGHT MALE PCB4-40 THRD 50 CONN SUB-D 9P STRAIGHT MALE PCB 4-40 THREADED INSERT TDE SERIES P/N:1-1634218-2,STANDARD,UNSPECIFIED,UNSPECIFIED,UNSPECIFIED,STRAIGHT,9P,UNSPECIFIED,EE|MOD|STANDARD|UNSPECIFIED|UNSPECIFIED|UNSPECIFIED|STRAIGHT|9P|UNSPECIFIED,AUTO_MAPPED_TO_EXISTING_CNMC
CNMC-EE-MOD-000002,BHEL,DV0692411089,ELECTRICAL_AND_ELECTRONICS,ELECTRONIC_MODULE,"ELECTRONIC_MODULE, 9P, PKG STRAIGHT",SUB-D CONN 9P STRT FEMALE PCB 4-40 THRD | CONN SUB-D 9P STRAIGHT FEMALE | PCB 4-40 THREADED INSERT TDE SERIES | OEM:TYCO  P/N:1-1634222-2,SUB-D CONN 9P STRAIGHT FEMALE PCB 4-40 THRD CONN SUB-D 9P STRAIGHT FEMALE PCB 4-40 THREADED INSERT TDE SERIES P/N:1-1634222-2,STANDARD,UNSPECIFIED,UNSPECIFIED,UNSPECIFIED,STRAIGHT,9P,UNSPECIFIED,EE|MOD|STANDARD|UNSPECIFIED|UNSPECIFIED|UNSPECIFIED|STRAIGHT|9P|UNSPECIFIED,AUTO_MAPPED_TO_EXISTING_CNMC
CNMC-EE-MOD-000003,BHEL,DV0692404643,ELECTRICAL_AND_ELECTRONICS,ELECTRONIC_MODULE,"ELECTRONIC_MODULE, 15P, PKG STRAIGHT",CONN SUB-D 15P STRT FEMALE 8900604012100 | CONN SUB-D 15P STRAIGHT FEMALE | PCB 4-40 THREADED INSERT | OEM:HARTING | P/N:8900604012100,CONN SUB-D 15P STRAIGHT FEMALE 8900604012100 CONN SUB-D 15P STRAIGHT FEMALE PCB 4-40 THREADED INSERT P/N:8900604012100,STANDARD,UNSPECIFIED,UNSPECIFIED,UNSPECIFIED,STRAIGHT,15P,UNSPECIFIED,EE|MOD|STANDARD|UNSPECIFIED|UNSPECIFIED|UNSPECIFIED|STRAIGHT|15P|UNSPECIFIED,AUTO_MAPPED_TO_EXISTING_CNMC
CNMC-EE-MOD-000003,BHEL,DV0692404651,ELECTRICAL_AND_ELECTRONICS,ELECTRONIC_MODULE,"ELECTRONIC_MODULE, 15P, PKG STRAIGHT",CONN SUB-D 15P STRT MALE 8900604012000 | CONN SUB-D 15P STRAIGHT MALE | PCB 4-40 THREADED INSERT | OEM:HARTING | P/N:8900604012000,CONN SUB-D 15P STRAIGHT MALE 8900604012000 CONN SUB-D 15P STRAIGHT MALE PCB 4-40 THREADED INSERT P/N:8900604012000,STANDARD,UNSPECIFIED,UNSPECIFIED,UNSPECIFIED,STRAIGHT,15P,UNSPECIFIED,EE|MOD|STANDARD|UNSPECIFIED|UNSPECIFIED|UNSPECIFIED|STRAIGHT|15P|UNSPECIFIED,AUTO_MAPPED_TO_EXISTING_CNMC
CNMC-EE-PWR-000001,BHEL,CN9065913033,ELECTRICAL_AND_ELECTRONICS,POWER_CONVERTER,"POWER_CONVERTER, DC DC CONVERTER",IC DGTL TTL HEX INVERTER 74LS04 | IC IF SN74LS04N,IC DGTL TTL HEX INVERTER 74LS04 IC IF SN74LS04N,DC_DC_CONVERTER,UNSPECIFIED,UNSPECIFIED,UNSPECIFIED,UNSPECIFIED,UNSPECIFIED,UNSPECIFIED,EE|PWR|DC_DC_CONVERTER|UNSPECIFIED|UNSPECIFIED|UNSPECIFIED|UNSPECIFIED|UNSPECIFIED|UNSPECIFIED,AUTO_MAPPED_TO_EXISTING_CNMC
CNMC-EE-PWR-000001,BHEL,CN9065914048,ELECTRICAL_AND_ELECTRONICS,POWER_CONVERTER,"POWER_CONVERTER, DC DC CONVERTER",IC DGTL TTL HEX INVERTER 74LS05 | IC IF SN74LS05N,IC DGTL TTL HEX INVERTER 74LS05 IC IF SN74LS05N,DC_DC_CONVERTER,UNSPECIFIED,UNSPECIFIED,UNSPECIFIED,UNSPECIFIED,UNSPECIFIED,UNSPECIFIED,EE|PWR|DC_DC_CONVERTER|UNSPECIFIED|UNSPECIFIED|UNSPECIFIED|UNSPECIFIED|UNSPECIFIED|UNSPECIFIED,AUTO_MAPPED_TO_EXISTING_CNMC
CNMC-EE-PWR-000001,BHEL,DV0692309560,ELECTRICAL_AND_ELECTRONICS,POWER_CONVERTER,"POWER_CONVERTER, DC DC CONVERTER","DC-DC CONVRTR DUAL ISO 24V TO 12V | SIP | METSO PART NO: 75104, 082480 | DATE CODE CLAUSE :DATE CODE OF THE | ITEMS SUPPLIED SHALL BE LESS THAN OR | EQUAL TO 30 MONTHS FROM THE PO DATE. | PRIOR APPROVAL TO BE TAKEN BY VENDOR IN | CASE OF ANY DEVIATION FROM THIS CLAUSE",DC-DC CONVRTR DUAL ISO 24V TO 12V SIP METSO PART NO: 75104 082480,DC_DC_CONVERTER,UNSPECIFIED,UNSPECIFIED,UNSPECIFIED,UNSPECIFIED,UNSPECIFIED,UNSPECIFIED,EE|PWR|DC_DC_CONVERTER|UNSPECIFIED|UNSPECIFIED|UNSPECIFIED|UNSPECIFIED|UNSPECIFIED|UNSPECIFIED,AUTO_MAPPED_TO_EXISTING_CNMC
CNMC-EE-PWR-000001,BHEL,DV0692320857,ELECTRICAL_AND_ELECTRONICS,POWER_CONVERTER,"POWER_CONVERTER, DC DC CONVERTER",DC-DC CONVERTER 5V 2A,DC-DC CONVERTER 5V 2A,DC_DC_CONVERTER,UNSPECIFIED,UNSPECIFIED,UNSPECIFIED,UNSPECIFIED,UNSPECIFIED,UNSPECIFIED,EE|PWR|DC_DC_CONVERTER|UNSPECIFIED|UNSPECIFIED|UNSPECIFIED|UNSPECIFIED|UNSPECIFIED|UNSPECIFIED,AUTO_MAPPED_TO_EXISTING_CNMC
CNMC-EE-PWR-000001,BHEL,DV0692360204,ELECTRICAL_AND_ELECTRONICS,POWER_CONVERTER,"POWER_CONVERTER, DC DC CONVERTER","DC/DC CONVERTER 24V I/P, 5V O/P | DC/DC CONVERTER | SUCS62405,1.2A",DC/DC CONVERTER 24V I/P 5V O/P DC/DC CONVERTER SUCS62405 1.2A,DC_DC_CONVERTER,UNSPECIFIED,UNSPECIFIED,UNSPECIFIED,UNSPECIFIED,UNSPECIFIED,UNSPECIFIED,EE|PWR|DC_DC_CONVERTER|UNSPECIFIED|UNSPECIFIED|UNSPECIFIED|UNSPECIFIED|UNSPECIFIED|UNSPECIFIED,AUTO_MAPPED_TO_EXISTING_CNMC
CNMC-EE-PWR-000001,BHEL,DV0692360212,ELECTRICAL_AND_ELECTRONICS,POWER_CONVERTER,"POWER_CONVERTER, DC DC CONVERTER","DC/DC CONVRTR,DUAL O/P,24V | I/P,+/-15VO/P | ROHS DEVICE WITH BACKWARD COMPATIBILITY.",DC/DC CONVRTR DUAL O/P 24V I/P +/-15VO/P,DC_DC_CONVERTER,UNSPECIFIED,UNSPECIFIED,UNSPECIFIED,UNSPECIFIED,UNSPECIFIED,UNSPECIFIED,EE|PWR|DC_DC_CONVERTER|UNSPECIFIED|UNSPECIFIED|UNSPECIFIED|UNSPECIFIED|UNSPECIFIED|UNSPECIFIED,AUTO_MAPPED_TO_EXISTING_CNMC
CNMC-EE-PWR-000001,BHEL,DV0692361327,ELECTRICAL_AND_ELECTRONICS,POWER_CONVERTER,"POWER_CONVERTER, DC DC CONVERTER","DC/DC CONVRTR,24V I/P,+/-15VO/P | DC/DC CONVRTR, DUAL OUTPUT 24V | I/P,+/-15VO/P",DC/DC CONVRTR 24V I/P +/-15VO/P DC/DC CONVRTR DUAL OUTPUT 24V I/P +/-15VO/P,DC_DC_CONVERTER,UNSPECIFIED,UNSPECIFIED,UNSPECIFIED,UNSPECIFIED,UNSPECIFIED,UNSPECIFIED,EE|PWR|DC_DC_CONVERTER|UNSPECIFIED|UNSPECIFIED|UNSPECIFIED|UNSPECIFIED|UNSPECIFIED|UNSPECIFIED,AUTO_MAPPED_TO_EXISTING_CNMC
CNMC-EE-PWR-000001,BHEL,DV0692403850,ELECTRICAL_AND_ELECTRONICS,POWER_CONVERTER,"POWER_CONVERTER, DC DC CONVERTER",IC ADJ VOLT REG 2A 150KHZSMD | IC SIMPLE SWITCHER POWER CONVERTER 2A | 150KHZ STEP DOWN VOLTAGE REGULATOR HIGH | VOLT TO-263 | OEM PACKAGING ONLY.,IC ADJ VOLT REG 2A 150KHZSMD IC SIMPLE SWITCHER POWER CONVERTER 2A 150KHZ STEP DOWN VOLTAGE REGULATOR HIGH VOLT TO-263,DC_DC_CONVERTER,UNSPECIFIED,UNSPECIFIED,UNSPECIFIED,UNSPECIFIED,UNSPECIFIED,UNSPECIFIED,EE|PWR|DC_DC_CONVERTER|UNSPECIFIED|UNSPECIFIED|UNSPECIFIED|UNSPECIFIED|UNSPECIFIED|UNSPECIFIED,AUTO_MAPPED_TO_EXISTING_CNMC
CNMC-EE-PWR-000001,BHEL,EN7467099614,ELECTRICAL_AND_ELECTRONICS,POWER_CONVERTER,"POWER_CONVERTER, DC DC CONVERTER",DC/DC CONVRTR +/- 12V | DC-DC CNVRTR I/P:48V O/P:+/-12V | TEN 20-4822WI,DC/DC CONVRTR +/- 12V DC-DC CNVRTR I/P:48V O/P:+/-12V TEN 20-4822WI,DC_DC_CONVERTER,UNSPECIFIED,UNSPECIFIED,UNSPECIFIED,UNSPECIFIED,UNSPECIFIED,UNSPECIFIED,EE|PWR|DC_DC_CONVERTER|UNSPECIFIED|UNSPECIFIED|UNSPECIFIED|UNSPECIFIED|UNSPECIFIED|UNSPECIFIED,AUTO_MAPPED_TO_EXISTING_CNMC
CNMC-EE-PWR-000001,BHEL,EN7467099622,ELECTRICAL_AND_ELECTRONICS,POWER_CONVERTER,"POWER_CONVERTER, DC DC CONVERTER",IC LIN DC/DC CONVERTER 15V | IC LIN DC-DC CNVRTR | I/P:48V O/P:15V 1.3A | TEN 20-4813WI,IC LIN DC/DC CONVERTER 15V IC LIN DC-DC CNVRTR I/P:48V O/P:15V 1.3A TEN 20-4813WI,DC_DC_CONVERTER,UNSPECIFIED,UNSPECIFIED,UNSPECIFIED,UNSPECIFIED,UNSPECIFIED,UNSPECIFIED,EE|PWR|DC_DC_CONVERTER|UNSPECIFIED|UNSPECIFIED|UNSPECIFIED|UNSPECIFIED|UNSPECIFIED|UNSPECIFIED,AUTO_MAPPED_TO_EXISTING_CNMC
CNMC-EE-PWR-000001,BHEL,EN7467215916,ELECTRICAL_AND_ELECTRONICS,POWER_CONVERTER,"POWER_CONVERTER, DC DC CONVERTER",IC IF DATA ACQUISITION SYSTEM 7891 | IC IF A/D CONVERTER | AD7891AP-1,IC IF DATA ACQUISITION SYSTEM 7891 IC IF A/D CONVERTER AD7891AP-1,DC_DC_CONVERTER,UNSPECIFIED,UNSPECIFIED,UNSPECIFIED,UNSPECIFIED,UNSPECIFIED,UNSPECIFIED,EE|PWR|DC_DC_CONVERTER|UNSPECIFIED|UNSPECIFIED|UNSPECIFIED|UNSPECIFIED|UNSPECIFIED|UNSPECIFIED,AUTO_MAPPED_TO_EXISTING_CNMC
CNMC-EE-PWR-000002,BHEL,DV0692400630,ELECTRICAL_AND_ELECTRONICS,POWER_CONVERTER,"POWER_CONVERTER, DC DC CONVERTER, PKG SMD","IC CMOS RS232 DRVR/RCSVR ADM232AARNZ | SMD | 2 CHANNEL RS232 CONVERTER 5V | OEM:ANALOG DEVICES | P/N:ADM232AARNZ | ""OEM PACKAGING ONLY.",IC CMOS RS232 DRVR/RCSVR ADM232AARNZ SMD 2 CHANNEL RS232 CONVERTER 5V DEVICES P/N:ADM232AARNZ,DC_DC_CONVERTER,UNSPECIFIED,UNSPECIFIED,UNSPECIFIED,SMD,UNSPECIFIED,UNSPECIFIED,EE|PWR|DC_DC_CONVERTER|UNSPECIFIED|UNSPECIFIED|UNSPECIFIED|SMD|UNSPECIFIED|UNSPECIFIED,AUTO_MAPPED_TO_EXISTING_CNMC
CNMC-EE-PWR-000002,BHEL,DV0692403825,ELECTRICAL_AND_ELECTRONICS,POWER_CONVERTER,"POWER_CONVERTER, DC DC CONVERTER, PKG SMD",IC BUCK VOL REG 1A 5V 260KHZ SMD | IC SIMPLE SWITCHER POWER CONVERTER | HIGH EFFICIENCY 1A 5V 260KHZ | STEP-DOWN VOLTAGE REGULATOR SOP-8 | OEM PACKAGING ONLY,IC BUCK VOL REG 1A 5V 260KHZ SMD IC SIMPLE SWITCHER POWER CONVERTER HIGH EFFICIENCY 1A 5V 260KHZ STEP-DOWN VOLTAGE REGULATOR SOP-8,DC_DC_CONVERTER,UNSPECIFIED,UNSPECIFIED,UNSPECIFIED,SMD,UNSPECIFIED,UNSPECIFIED,EE|PWR|DC_DC_CONVERTER|UNSPECIFIED|UNSPECIFIED|UNSPECIFIED|SMD|UNSPECIFIED|UNSPECIFIED,AUTO_MAPPED_TO_EXISTING_CNMC
CNMC-EE-PWR-000002,BHEL,EN7467031998,ELECTRICAL_AND_ELECTRONICS,POWER_CONVERTER,"POWER_CONVERTER, DC DC CONVERTER, PKG SMD",IC LIN CONVERTER V-TO-I XTR110KU | IC LIN SPL V/I CONVERTER 4-20MA  SMD | XTR110KU/BURR BROWN,IC LIN CONVERTER V-TO-I XTR110KU IC LIN SPL V/I CONVERTER 4-20MA SMD XTR110KU/BURR BROWN,DC_DC_CONVERTER,UNSPECIFIED,UNSPECIFIED,UNSPECIFIED,SMD,UNSPECIFIED,UNSPECIFIED,EE|PWR|DC_DC_CONVERTER|UNSPECIFIED|UNSPECIFIED|UNSPECIFIED|SMD|UNSPECIFIED|UNSPECIFIED,AUTO_MAPPED_TO_EXISTING_CNMC
CNMC-EE-PWR-000003,BHEL,DV0692332162,ELECTRICAL_AND_ELECTRONICS,POWER_CONVERTER,"POWER_CONVERTER, DC DC CONVERTER, 100W","DC - DC CONVERTER 110VDC/52VDC,100W",DC - DC CONVERTER 110VDC/52VDC 100W,DC_DC_CONVERTER,100W,UNSPECIFIED,UNSPECIFIED,UNSPECIFIED,UNSPECIFIED,110VDC/52VDC,EE|PWR|DC_DC_CONVERTER|100W|UNSPECIFIED|UNSPECIFIED|UNSPECIFIED|UNSPECIFIED|UNSPECIFIED,AUTO_MAPPED_TO_EXISTING_CNMC
CNMC-EE-PWR-000003,BHEL,EN7467099584,ELECTRICAL_AND_ELECTRONICS,POWER_CONVERTER,"POWER_CONVERTER, DC DC CONVERTER, 100W","DC/DC CONVERTER 250VDC/24VDC,100W | DC/DC CONVERTER | INPUT: 250VDC | OUTPUT: 24VDC, 100W | OEM/ AUTHORISED DISTRIBUTOR /DEALER COC | TO BE SUBMITTED ALONG WITH | SUPPLY.  IN CASE OF DEALER COC , VENDOR | HAS TO PROVIDE  CERTIFICATE ON | VENDOR#S LETTER HEAD CERTIFYING | PROCUREMENT FROM OEM/AUTHORISED | DISTRIBUTOR.",DC/DC CONVERTER 250VDC/24VDC 100W DC/DC CONVERTER INPUT: 250VDC OUTPUT: 24VDC 100W AUTHORISED DISTRIBUTOR /DEALER COC TO BE SUBMITTED ALONG WITH SUPPLY. IN CASE OF DEALER COC VENDOR HAS TO PROVIDE CERTIFICATE ON VENDOR S LETTER HEAD CERTIFYING PROCUREMENT FROM DISTRIBUTOR.,DC_DC_CONVERTER,100W,UNSPECIFIED,UNSPECIFIED,UNSPECIFIED,UNSPECIFIED,250VDC/24VDC,EE|PWR|DC_DC_CONVERTER|100W|UNSPECIFIED|UNSPECIFIED|UNSPECIFIED|UNSPECIFIED|UNSPECIFIED,AUTO_MAPPED_TO_EXISTING_CNMC
CNMC-EE-PWR-000003,BHEL,EN7467099592,ELECTRICAL_AND_ELECTRONICS,POWER_CONVERTER,"POWER_CONVERTER, DC DC CONVERTER, 100W","DC/DC CONVERTER 110VDC/24VDC,100W | DC/DC CONVERTER",DC/DC CONVERTER 110VDC/24VDC 100W DC/DC CONVERTER,DC_DC_CONVERTER,100W,UNSPECIFIED,UNSPECIFIED,UNSPECIFIED,UNSPECIFIED,110VDC/24VDC,EE|PWR|DC_DC_CONVERTER|100W|UNSPECIFIED|UNSPECIFIED|UNSPECIFIED|UNSPECIFIED|UNSPECIFIED,AUTO_MAPPED_TO_EXISTING_CNMC
CNMC-EE-PWR-000008,BHEL,DV0692402586,ELECTRICAL_AND_ELECTRONICS,POWER_CONVERTER,"POWER_CONVERTER, DC DC CONVERTER, 1W, PKG SMD",DC/DC CONVERTER 3V/5V 1W NTE0305M | SMD | DC/DC CONVTR 3V/5V 1W | NTE0305M DIL SMD | OEM:C and D TECH | P/N:NTE0305M | OEM PACKAGING ONLY.,DC/DC CONVERTER 3V/5V 1W NTE0305M SMD DC/DC CONVTR 3V/5V 1W NTE0305M DIL SMD AND D TECH P/N:NTE0305M,DC_DC_CONVERTER,1W,UNSPECIFIED,UNSPECIFIED,SMD,UNSPECIFIED,3V/5V,EE|PWR|DC_DC_CONVERTER|1W|UNSPECIFIED|UNSPECIFIED|SMD|UNSPECIFIED|UNSPECIFIED,AUTO_MAPPED_TO_EXISTING_CNMC
CNMC-EE-PWR-000008,BHEL,DV0692431519,ELECTRICAL_AND_ELECTRONICS,POWER_CONVERTER,"POWER_CONVERTER, DC DC CONVERTER, 1W, PKG SMD",DC-DC 3V in 3V out 1W SMD | OEM- MURATA SMD OEM TUBE PACKAGING | ONLY. DATE CODE TO BE LESS THAN 24 | MONTHS FROM INVOICE DATE.BHEL'S WRITTEN,DC-DC 3V IN 3V OUT 1W SMD MURATA SMD,DC_DC_CONVERTER,1W,UNSPECIFIED,UNSPECIFIED,SMD,UNSPECIFIED,UNSPECIFIED,EE|PWR|DC_DC_CONVERTER|1W|UNSPECIFIED|UNSPECIFIED|SMD|UNSPECIFIED|UNSPECIFIED,AUTO_MAPPED_TO_EXISTING_CNMC
CNMC-EE-PWR-000010,BHEL,DV0692420371,ELECTRICAL_AND_ELECTRONICS,POWER_CONVERTER,"POWER_CONVERTER, DC DC CONVERTER, 10W",DC-DC CONV 10W ±12V ±410MA | THL10-2422WI | Date-code and  decoding information of the date-code to | be made | available along with the item,DC-DC CONV 10W 12V 410MA THL10-2422WI,DC_DC_CONVERTER,10W,UNSPECIFIED,UNSPECIFIED,UNSPECIFIED,UNSPECIFIED,UNSPECIFIED,EE|PWR|DC_DC_CONVERTER|10W|UNSPECIFIED|UNSPECIFIED|UNSPECIFIED|UNSPECIFIED|UNSPECIFIED,AUTO_MAPPED_TO_EXISTING_CNMC
CNMC-EE-PWR-000010,BHEL,DV0692420410,ELECTRICAL_AND_ELECTRONICS,POWER_CONVERTER,"POWER_CONVERTER, DC DC CONVERTER, 10W",DC-DC CONV 10W ±15V ±330MA MJW | I10-24D15 | Date-code and  decoding information of the date-code to | be made | available along with the item,DC-DC CONV 10W 15V 330MA MJW I10-24D15,DC_DC_CONVERTER,10W,UNSPECIFIED,UNSPECIFIED,UNSPECIFIED,UNSPECIFIED,UNSPECIFIED,EE|PWR|DC_DC_CONVERTER|10W|UNSPECIFIED|UNSPECIFIED|UNSPECIFIED|UNSPECIFIED|UNSPECIFIED,AUTO_MAPPED_TO_EXISTING_CNMC
CNMC-EE-PWR-000012,BHEL,DV0692420444,ELECTRICAL_AND_ELECTRONICS,POWER_CONVERTER,"POWER_CONVERTER, DC DC CONVERTER, 20W",DC-DC CONV 20W ±12V ±835MA | MJWI20-24D12 | Date-code and  decoding information of the date-code to | be made | available along with the item,DC-DC CONV 20W 12V 835MA MJWI20-24D12,DC_DC_CONVERTER,20W,UNSPECIFIED,UNSPECIFIED,UNSPECIFIED,UNSPECIFIED,UNSPECIFIED,EE|PWR|DC_DC_CONVERTER|20W|UNSPECIFIED|UNSPECIFIED|UNSPECIFIED|UNSPECIFIED|UNSPECIFIED,AUTO_MAPPED_TO_EXISTING_CNMC
CNMC-EE-PWR-000012,BHEL,EN7467099673,ELECTRICAL_AND_ELECTRONICS,POWER_CONVERTER,"POWER_CONVERTER, DC DC CONVERTER, 20W",DC/DC CONVERTER  ±15V | BWR-15/670-D12A | IC LIN +/-15V 20W | DC/DC CONVRTR DUAL | BHR-15/670-D12,DC/DC CONVERTER 15V BWR-15/670-D12A IC LIN +/-15V 20W DC/DC CONVRTR DUAL BHR-15/670-D12,DC_DC_CONVERTER,20W,UNSPECIFIED,UNSPECIFIED,UNSPECIFIED,UNSPECIFIED,UNSPECIFIED,EE|PWR|DC_DC_CONVERTER|20W|UNSPECIFIED|UNSPECIFIED|UNSPECIFIED|UNSPECIFIED|UNSPECIFIED,AUTO_MAPPED_TO_EXISTING_CNMC
CNMC-EE-PWR-000016,BHEL,EN7467099541,ELECTRICAL_AND_ELECTRONICS,POWER_CONVERTER,"POWER_CONVERTER, DC DC CONVERTER, 25W","DC/DC CONVERTER 250VDC/15VDC,25W | DC/DC CONVERTER | INPUT: 250VDC | OUTPUT: 15VDC, 25W | OEM/ AUTHORISED DISTRIBUTOR /DEALER COC | TO BE SUBMITTED ALONG WITH | SUPPLY.  IN CASE OF DEALER COC , VENDOR | HAS TO PROVIDE  CERTIFICATE ON | VENDOR#S LETTER HEAD CERTIFYING | PROCUREMENT FROM OEM/AUTHORISED | DISTRIBUTOR.",DC/DC CONVERTER 250VDC/15VDC 25W DC/DC CONVERTER INPUT: 250VDC OUTPUT: 15VDC 25W AUTHORISED DISTRIBUTOR /DEALER COC TO BE SUBMITTED ALONG WITH SUPPLY. IN CASE OF DEALER COC VENDOR HAS TO PROVIDE CERTIFICATE ON VENDOR S LETTER HEAD CERTIFYING PROCUREMENT FROM DISTRIBUTOR.,DC_DC_CONVERTER,25W,UNSPECIFIED,UNSPECIFIED,UNSPECIFIED,UNSPECIFIED,250VDC/15VDC,EE|PWR|DC_DC_CONVERTER|25W|UNSPECIFIED|UNSPECIFIED|UNSPECIFIED|UNSPECIFIED|UNSPECIFIED,AUTO_MAPPED_TO_EXISTING_CNMC
CNMC-EE-PWR-000016,BHEL,EN7467099550,ELECTRICAL_AND_ELECTRONICS,POWER_CONVERTER,"POWER_CONVERTER, DC DC CONVERTER, 25W","DC/DC CONVERTER 110VDC/15VDC,25W | DC/DC CONVERTER | INPUT: 110VDC | OUTPUT: 15VDC, 25W",DC/DC CONVERTER 110VDC/15VDC 25W DC/DC CONVERTER INPUT: 110VDC OUTPUT: 15VDC 25W,DC_DC_CONVERTER,25W,UNSPECIFIED,UNSPECIFIED,UNSPECIFIED,UNSPECIFIED,110VDC/15VDC,EE|PWR|DC_DC_CONVERTER|25W|UNSPECIFIED|UNSPECIFIED|UNSPECIFIED|UNSPECIFIED|UNSPECIFIED,AUTO_MAPPED_TO_EXISTING_CNMC
CNMC-EE-PWR-000016,BHEL,EN7467099568,ELECTRICAL_AND_ELECTRONICS,POWER_CONVERTER,"POWER_CONVERTER, DC DC CONVERTER, 25W","DC/DC CONVERTER 250VDC/5VDC,25W | DC/DC CONVERTER | INPUT: 250VDC | OUTPUT: 5VDC, 25W | OEM/ AUTHORISED DISTRIBUTOR /DEALER | COC TO BE SUBMITTED ALONG WITH | SUPPLY.  IN CASE OF DEALER COC , | VENDOR HAS TO PROVIDE  CERTIFICATE ON | VENDOR#S LETTER HEAD CERTIFYING | PROCUREMENT | FROM OEM/AUTHORISED | DISTRIBUTOR",DC/DC CONVERTER 250VDC/5VDC 25W DC/DC CONVERTER INPUT: 250VDC OUTPUT: 5VDC 25W AUTHORISED DISTRIBUTOR /DEALER COC TO BE SUBMITTED ALONG WITH SUPPLY. IN CASE OF DEALER COC VENDOR HAS TO PROVIDE CERTIFICATE ON VENDOR S LETTER HEAD CERTIFYING PROCUREMENT FROM DISTRIBUTOR,DC_DC_CONVERTER,25W,UNSPECIFIED,UNSPECIFIED,UNSPECIFIED,UNSPECIFIED,250VDC/5VDC,EE|PWR|DC_DC_CONVERTER|25W|UNSPECIFIED|UNSPECIFIED|UNSPECIFIED|UNSPECIFIED|UNSPECIFIED,AUTO_MAPPED_TO_EXISTING_CNMC
CNMC-EE-PWR-000016,BHEL,EN7467099576,ELECTRICAL_AND_ELECTRONICS,POWER_CONVERTER,"POWER_CONVERTER, DC DC CONVERTER, 25W","DC/DC CONVERTER 110VDC/5VDC,25W | DC/DC CONVERTER | INPUT: 110VDC | OUTPUT: 5VDC, 25W",DC/DC CONVERTER 110VDC/5VDC 25W DC/DC CONVERTER INPUT: 110VDC OUTPUT: 5VDC 25W,DC_DC_CONVERTER,25W,UNSPECIFIED,UNSPECIFIED,UNSPECIFIED,UNSPECIFIED,110VDC/5VDC,EE|PWR|DC_DC_CONVERTER|25W|UNSPECIFIED|UNSPECIFIED|UNSPECIFIED|UNSPECIFIED|UNSPECIFIED,AUTO_MAPPED_TO_EXISTING_CNMC
CNMC-EE-PWR-000017,BHEL,EN7467099606,ELECTRICAL_AND_ELECTRONICS,POWER_CONVERTER,"POWER_CONVERTER, DC DC CONVERTER, 30W","DC/DC CON ±12V; BMP-12/1.65-Q48 | DC-DC CONVRTR +/-12V, 1.65MA, 30W | BMP-12/1.65-Q48",DC/DC CON 12V BMP-12/1.65-Q48 DC-DC CONVRTR +/-12V 1.65MA 30W BMP-12/1.65-Q48,DC_DC_CONVERTER,30W,UNSPECIFIED,UNSPECIFIED,UNSPECIFIED,UNSPECIFIED,UNSPECIFIED,EE|PWR|DC_DC_CONVERTER|30W|UNSPECIFIED|UNSPECIFIED|UNSPECIFIED|UNSPECIFIED|UNSPECIFIED,AUTO_MAPPED_TO_EXISTING_CNMC
CNMC-EE-PWR-000017,BHEL,EN7470105956,ELECTRICAL_AND_ELECTRONICS,POWER_CONVERTER,"POWER_CONVERTER, DC DC CONVERTER, 30W",DC/DC CON +/-15V / 1A/10-40Vdc/30W | DAVR,DC/DC CON +/-15V / 1A/10-40VDC/30W DAVR,DC_DC_CONVERTER,30W,UNSPECIFIED,UNSPECIFIED,UNSPECIFIED,UNSPECIFIED,UNSPECIFIED,EE|PWR|DC_DC_CONVERTER|30W|UNSPECIFIED|UNSPECIFIED|UNSPECIFIED|UNSPECIFIED|UNSPECIFIED,AUTO_MAPPED_TO_EXISTING_CNMC
CNMC-EE-REL-000001,BHEL,DV0692306242,ELECTRICAL_AND_ELECTRONICS,RELAY,RELAY,PHOTOMOS RELAY SINGLE 130mA | AQV210E | ROHS DEVICE WITH BACKWARD COMPATIBILITY,PHOTOMOS RELAY SINGLE 130MA AQV210E,STANDARD,UNSPECIFIED,UNSPECIFIED,UNSPECIFIED,UNSPECIFIED,UNSPECIFIED,UNSPECIFIED,EE|REL|STANDARD|UNSPECIFIED|UNSPECIFIED|UNSPECIFIED|UNSPECIFIED|UNSPECIFIED|UNSPECIFIED,AUTO_MAPPED_TO_EXISTING_CNMC
CNMC-EE-REL-000001,BHEL,DV0692320610,ELECTRICAL_AND_ELECTRONICS,RELAY,RELAY,RELAY RETAINER TYPE 31-6612-211 | RELAY RETAINER FOR | OEN RELAY 2R3115 | TYPE 31-6612-211,RELAY RETAINER RELAY RETAINER FOR OEN RELAY 2R3115,STANDARD,UNSPECIFIED,UNSPECIFIED,UNSPECIFIED,UNSPECIFIED,UNSPECIFIED,UNSPECIFIED,EE|REL|STANDARD|UNSPECIFIED|UNSPECIFIED|UNSPECIFIED|UNSPECIFIED|UNSPECIFIED|UNSPECIFIED,AUTO_MAPPED_TO_EXISTING_CNMC
CNMC-EE-REL-000001,BHEL,DV0692320628,ELECTRICAL_AND_ELECTRONICS,RELAY,RELAY,RETAINER SPRING 31-6514-101 | RETAINER SPRING FOR | OEN RELAY 2R3115 | TYPE 31-6514-101,RETAINER SPRING 31-6514-101 RETAINER SPRING FOR OEN RELAY 2R3115,STANDARD,UNSPECIFIED,UNSPECIFIED,UNSPECIFIED,UNSPECIFIED,UNSPECIFIED,UNSPECIFIED,EE|REL|STANDARD|UNSPECIFIED|UNSPECIFIED|UNSPECIFIED|UNSPECIFIED|UNSPECIFIED|UNSPECIFIED,AUTO_MAPPED_TO_EXISTING_CNMC
CNMC-EE-REL-000002,BHEL,DV0692301135,ELECTRICAL_AND_ELECTRONICS,RELAY,"RELAY, PKG SMD",PHOTOMOS RELAY DUAL SMD 120MA | VALMET REF: 082497 | ROHS DEVICE WITH BACKWARD COMPATIBILITY. | OEM TAPE AND REEL PACKING ONLY. VENDORS | TO QUOTE IN MULTIPLES OF SPQ ONLY.,PHOTOMOS RELAY DUAL SMD 120MA VALMET,STANDARD,UNSPECIFIED,UNSPECIFIED,UNSPECIFIED,SMD,UNSPECIFIED,UNSPECIFIED,EE|REL|STANDARD|UNSPECIFIED|UNSPECIFIED|UNSPECIFIED|SMD|UNSPECIFIED|UNSPECIFIED,AUTO_MAPPED_TO_EXISTING_CNMC
CNMC-EE-REL-000002,BHEL,DV0692302506,ELECTRICAL_AND_ELECTRONICS,RELAY,"RELAY, PKG SMD",PHOTOMOS RELAY DUAL SMD 80MA | VALMET REF: 082431 | ROHS DEVICE WITH BACKWARD COMPATIBILITY. | OEM TAPE AND REEL PACKING ONLY. | VENDORS TO QUOTE IN MULTIPLES OF SPQ | ONLY.,PHOTOMOS RELAY DUAL SMD 80MA VALMET,STANDARD,UNSPECIFIED,UNSPECIFIED,UNSPECIFIED,SMD,UNSPECIFIED,UNSPECIFIED,EE|REL|STANDARD|UNSPECIFIED|UNSPECIFIED|UNSPECIFIED|SMD|UNSPECIFIED|UNSPECIFIED,AUTO_MAPPED_TO_EXISTING_CNMC
CNMC-EE-REL-000002,BHEL,DV0692331646,ELECTRICAL_AND_ELECTRONICS,RELAY,"RELAY, PKG SMD","PHOTOMOS RELAY DUAL SMD 100mA | AQW210SX | ROHS DEVICE WITH BACKWARD COMPATIBILITY. | BHEL'S RFQ QTY IS NOT IN MULTIPLES OF OEM | SPQ, | SINCE DIFFERENT OEMs HAVE DIFFERENT SPQs | FOR | THIS ITEM. VENDORS TO QUOTE ONLY IN | MULTIPLES OF | THEIR QUOTED OEM'S SPQ.",PHOTOMOS RELAY DUAL SMD 100MA AQW210SX,STANDARD,UNSPECIFIED,UNSPECIFIED,UNSPECIFIED,SMD,UNSPECIFIED,UNSPECIFIED,EE|REL|STANDARD|UNSPECIFIED|UNSPECIFIED|UNSPECIFIED|SMD|UNSPECIFIED|UNSPECIFIED,AUTO_MAPPED_TO_EXISTING_CNMC
CNMC-EE-RES-000036,BHEL,DV0692228241,ELECTRICAL_AND_ELECTRONICS,RESISTOR,"RESISTOR, VARISTOR MOV",VARISTOR  Vrms: 95V B72207S0950K101 | OEM P/N.B72207S0950K101,VARISTOR VRMS: 95V B72207S0950K101 .B72207S0950K101,VARISTOR_MOV,UNSPECIFIED,UNSPECIFIED,UNSPECIFIED,UNSPECIFIED,UNSPECIFIED,UNSPECIFIED,EE|RES|VARISTOR_MOV|UNSPECIFIED|UNSPECIFIED|UNSPECIFIED|UNSPECIFIED|UNSPECIFIED|UNSPECIFIED,AUTO_MAPPED_TO_EXISTING_CNMC
CNMC-EE-RES-000036,BHEL,DV0692301909,ELECTRICAL_AND_ELECTRONICS,RESISTOR,"RESISTOR, VARISTOR MOV",RES MOV 250VRMS | ROHS DEVICE WITH BACKWARD COMPATIBILITY | OEM TAPE AND REEL PACKING ONLY.,RESISTOR MOV 250VRMS,VARISTOR_MOV,UNSPECIFIED,UNSPECIFIED,UNSPECIFIED,UNSPECIFIED,UNSPECIFIED,UNSPECIFIED,EE|RES|VARISTOR_MOV|UNSPECIFIED|UNSPECIFIED|UNSPECIFIED|UNSPECIFIED|UNSPECIFIED|UNSPECIFIED,AUTO_MAPPED_TO_EXISTING_CNMC
CNMC-EE-RES-000036,BHEL,DV0692342940,ELECTRICAL_AND_ELECTRONICS,RESISTOR,"RESISTOR, VARISTOR MOV","VARISTOR  50 VRMS RAD THT | MA PART NO:   62625000,0 | ROHS DEVICE WITH BACKWARD COMPATIBILITY.",VARISTOR 50 VRMS RAD THT MA PART NO: 62625000 0,VARISTOR_MOV,UNSPECIFIED,UNSPECIFIED,UNSPECIFIED,UNSPECIFIED,UNSPECIFIED,UNSPECIFIED,EE|RES|VARISTOR_MOV|UNSPECIFIED|UNSPECIFIED|UNSPECIFIED|UNSPECIFIED|UNSPECIFIED|UNSPECIFIED,AUTO_MAPPED_TO_EXISTING_CNMC
CNMC-EE-RES-000068,BHEL,DV0692342915,ELECTRICAL_AND_ELECTRONICS,RESISTOR,"RESISTOR, VARISTOR MOV, PKG SMD","VARISTOR  Vrms: 275V SMD | MA PART NO: 62600430,0 | ROHS DEVICE WITH BACKWARD COMPATIBILITY. | OEM TAPE AND REEL PACKING ONLY.",VARISTOR VRMS: 275V SMD MA PART NO: 62600430 0,VARISTOR_MOV,UNSPECIFIED,UNSPECIFIED,UNSPECIFIED,SMD,UNSPECIFIED,UNSPECIFIED,EE|RES|VARISTOR_MOV|UNSPECIFIED|UNSPECIFIED|UNSPECIFIED|SMD|UNSPECIFIED|UNSPECIFIED,AUTO_MAPPED_TO_EXISTING_CNMC
CNMC-EE-RES-000068,BHEL,DV0692400761,ELECTRICAL_AND_ELECTRONICS,RESISTOR,"RESISTOR, VARISTOR MOV, PKG SMD","RES MOV 8 VAC 0.2J SMD | ""OEM PACKAGING ONLY.",RESISTOR MOV 8 VAC 0.2J SMD,VARISTOR_MOV,UNSPECIFIED,UNSPECIFIED,UNSPECIFIED,SMD,UNSPECIFIED,UNSPECIFIED,EE|RES|VARISTOR_MOV|UNSPECIFIED|UNSPECIFIED|UNSPECIFIED|SMD|UNSPECIFIED|UNSPECIFIED,AUTO_MAPPED_TO_EXISTING_CNMC
CNMC-EE-RES-000104,BHEL,DV0692400745,ELECTRICAL_AND_ELECTRONICS,RESISTOR,"RESISTOR, VARISTOR MOV, PKG THROUGH_HOLE",RES MOV 95 VAC 25J B72214S0950K101 | TH | VARISTOR 95VAC 25J TH | OEM:EPCOS,RESISTOR MOV 95 VAC 25J B72214S0950K101 THROUGH_HOLE VARISTOR 95VAC 25J THROUGH_HOLE,VARISTOR_MOV,UNSPECIFIED,UNSPECIFIED,UNSPECIFIED,THROUGH_HOLE,UNSPECIFIED,UNSPECIFIED,EE|RES|VARISTOR_MOV|UNSPECIFIED|UNSPECIFIED|UNSPECIFIED|THROUGH_HOLE|UNSPECIFIED|UNSPECIFIED,AUTO_MAPPED_TO_EXISTING_CNMC
CNMC-EE-RES-000104,BHEL,DV0692400753,ELECTRICAL_AND_ELECTRONICS,RESISTOR,"RESISTOR, VARISTOR MOV, PKG THROUGH_HOLE","RES MOV 95 VAC 50J B72220-S950-K101 | TH | VARISTOR 95VAC 50J TH | OEM:EPCOS | P/N:B72220-S950-K101 | ""OEM PACKAGING ONLY.",RESISTOR MOV 95 VAC 50J B72220-S950-K101 THROUGH_HOLE VARISTOR 95VAC 50J THROUGH_HOLE P/N:B72220-S950-K101,VARISTOR_MOV,UNSPECIFIED,UNSPECIFIED,UNSPECIFIED,THROUGH_HOLE,UNSPECIFIED,UNSPECIFIED,EE|RES|VARISTOR_MOV|UNSPECIFIED|UNSPECIFIED|UNSPECIFIED|THROUGH_HOLE|UNSPECIFIED|UNSPECIFIED,AUTO_MAPPED_TO_EXISTING_CNMC
CNMC-EE-RES-000104,BHEL,DV0692412270,ELECTRICAL_AND_ELECTRONICS,RESISTOR,"RESISTOR, VARISTOR MOV, PKG THROUGH_HOLE",RES MOV 380VAC 4500A | B72214S0381K101 TH,RESISTOR MOV 380VAC 4500A B72214S0381K101 THROUGH_HOLE,VARISTOR_MOV,UNSPECIFIED,UNSPECIFIED,UNSPECIFIED,THROUGH_HOLE,UNSPECIFIED,UNSPECIFIED,EE|RES|VARISTOR_MOV|UNSPECIFIED|UNSPECIFIED|UNSPECIFIED|THROUGH_HOLE|UNSPECIFIED|UNSPECIFIED,AUTO_MAPPED_TO_EXISTING_CNMC
CNMC-EE-RES-000104,BHEL,DV0692431235,ELECTRICAL_AND_ELECTRONICS,RESISTOR,"RESISTOR, VARISTOR MOV, PKG THROUGH_HOLE","VARISTOR MOV S14K60 60VAC 17J TH | VARISTOR MOV S14K60 60VAC 17J TH OEM:Epcos | Ag P/N.B72214S0600K101 ""OEM | PACKAGING ONLY. DATE CODE TO BE LESS | THAN 24 MONTHS FROM INVOICE | DATE.BHEL'S WRITTEN APPROVAL IS REQUIRED",VARISTOR MOV S14K60 60VAC 17J THROUGH_HOLE VARISTOR MOV S14K60 60VAC 17J THROUGH_HOLE AG P/N.B72214S0600K101,VARISTOR_MOV,UNSPECIFIED,UNSPECIFIED,UNSPECIFIED,THROUGH_HOLE,UNSPECIFIED,UNSPECIFIED,EE|RES|VARISTOR_MOV|UNSPECIFIED|UNSPECIFIED|UNSPECIFIED|THROUGH_HOLE|UNSPECIFIED|UNSPECIFIED,AUTO_MAPPED_TO_EXISTING_CNMC
CNMC-EE-RES-000193,BHEL,DV0692405712,ELECTRICAL_AND_ELECTRONICS,RESISTOR,"RESISTOR, WIREWOUND, 10R, 3W, PKG SMD","RES WW 10R 3 W SMD | OEM : Bourns | Part No: PWR5322W10R0JE | ""OEM PACKAGING ONLY.  DATE CODE TO BE | LESS THAN 24  MONTHS FROM  INVOICE | DATE.BHEL'S WRITTEN  APPROVAL IS | REQUIRED IN CASE OF ANY DEVIATION FROM | THE ABOVE.""",RESISTOR WIREWOUND 10R 3 W SMD PART NO: PWR5322W10R0JE,WIREWOUND,10R,3W,UNSPECIFIED,SMD,UNSPECIFIED,UNSPECIFIED,EE|RES|WIREWOUND|10R|3W|UNSPECIFIED|SMD|UNSPECIFIED|UNSPECIFIED,AUTO_MAPPED_TO_EXISTING_CNMC
CNMC-EE-RES-000193,BHEL,DV0692420070,ELECTRICAL_AND_ELECTRONICS,RESISTOR,"RESISTOR, WIREWOUND, 10R, 3W, PKG SMD",RES WW 10R 5% 3W SMD WSC6927 | ROHS DEVICE WITH BACKWARD COMPATIBILITY. | OEM TAPE AND REEL PACKING ONLY. DATE | CODE | TO BE LESS THAN 36 MONTHS FROM INVOICE | DATE.,RESISTOR WIREWOUND 10R 5% 3W SMD WSC6927,WIREWOUND,10R,3W,UNSPECIFIED,SMD,UNSPECIFIED,UNSPECIFIED,EE|RES|WIREWOUND|10R|3W|UNSPECIFIED|SMD|UNSPECIFIED|UNSPECIFIED,AUTO_MAPPED_TO_EXISTING_CNMC
CNMC-EE-RES-000265,BHEL,DV0692344535,ELECTRICAL_AND_ELECTRONICS,RESISTOR,"RESISTOR, 0.1W, PKG 0603",RES CHIP SMD 0603 4K7 1% 0.1W 100PPM | ROHS DEVICE WITH BACKWARD COMPATIBILITY | OEM TAPE AND REEL PACKING ONLY.,RESISTOR CHIP SMD 0603 4K7 1% 0.1W 100PPM,STANDARD,UNSPECIFIED,0.1W,UNSPECIFIED,0603,UNSPECIFIED,UNSPECIFIED,EE|RES|STANDARD|UNSPECIFIED|0.1W|UNSPECIFIED|0603|UNSPECIFIED|UNSPECIFIED,NEW_CNMC_GENERATED
CNMC-EE-RES-000265,BHEL,DV0692344870,ELECTRICAL_AND_ELECTRONICS,RESISTOR,"RESISTOR, 0.1W, PKG 0603",RES CHIP SMD 0603 2K7 1% 0.1W 100PPM | ROHS DEVICE WITH BACKWARD COMPATIBILITY | OEM TAPE AND REEL PACKING ONLY.,RESISTOR CHIP SMD 0603 2K7 1% 0.1W 100PPM,STANDARD,UNSPECIFIED,0.1W,UNSPECIFIED,0603,UNSPECIFIED,UNSPECIFIED,EE|RES|STANDARD|UNSPECIFIED|0.1W|UNSPECIFIED|0603|UNSPECIFIED|UNSPECIFIED,AUTO_MAPPED_TO_EXISTING_CNMC
CNMC-EE-RES-000265,BHEL,DV0692350896,ELECTRICAL_AND_ELECTRONICS,RESISTOR,"RESISTOR, 0.1W, PKG 0603",RES CHIP SMD 0603 47K0 1% 0.1W | 100PPM | ROHS DEVICE WITH BACKWARD COMPATIBILITY | OEM TAPE AND REEL PACKING ONLY.,RESISTOR CHIP SMD 0603 47K0 1% 0.1W 100PPM,STANDARD,UNSPECIFIED,0.1W,UNSPECIFIED,0603,UNSPECIFIED,UNSPECIFIED,EE|RES|STANDARD|UNSPECIFIED|0.1W|UNSPECIFIED|0603|UNSPECIFIED|UNSPECIFIED,AUTO_MAPPED_TO_EXISTING_CNMC
CNMC-EE-RES-000265,BHEL,DV0692350900,ELECTRICAL_AND_ELECTRONICS,RESISTOR,"RESISTOR, 0.1W, PKG 0603",RES CHIP SMD 0603 2K0 1% 0.1W 100PPM | ROHS DEVICE WITH BACKWARD COMPATIBILITY | OEM TAPE AND REEL PACKING ONLY. | maxDNA Ref NO: 82532,RESISTOR CHIP SMD 0603 2K0 1% 0.1W 100PPM,STANDARD,UNSPECIFIED,0.1W,UNSPECIFIED,0603,UNSPECIFIED,UNSPECIFIED,EE|RES|STANDARD|UNSPECIFIED|0.1W|UNSPECIFIED|0603|UNSPECIFIED|UNSPECIFIED,AUTO_MAPPED_TO_EXISTING_CNMC
CNMC-EE-RES-000265,BHEL,DV0692350950,ELECTRICAL_AND_ELECTRONICS,RESISTOR,"RESISTOR, 0.1W, PKG 0603",RES CHIP SMD 0603 10K0 0.1% 0.1W | 25PPM | ROHS DEVICE WITH BACKWARD COMPATIBILITY | OEM TAPE AND REEL PACKING ONLY.,RESISTOR CHIP SMD 0603 10K0 0.1% 0.1W 25PPM,STANDARD,UNSPECIFIED,0.1W,UNSPECIFIED,0603,UNSPECIFIED,UNSPECIFIED,EE|RES|STANDARD|UNSPECIFIED|0.1W|UNSPECIFIED|0603|UNSPECIFIED|UNSPECIFIED,AUTO_MAPPED_TO_EXISTING_CNMC
CNMC-EE-RES-000277,BHEL,DV0692346414,ELECTRICAL_AND_ELECTRONICS,RESISTOR,"RESISTOR, 100K, 0.1W, PKG 0603",RES CHIP SMD 0603 100K 1% 0.1W | 100PPM | ROHS DEVICE WITH BACKWARD COMPATIBILITY | OEM TAPE AND REEL PACKING ONLY.,RESISTOR CHIP SMD 0603 100K 1% 0.1W 100PPM,STANDARD,100K,0.1W,UNSPECIFIED,0603,UNSPECIFIED,UNSPECIFIED,EE|RES|STANDARD|100K|0.1W|UNSPECIFIED|0603|UNSPECIFIED|UNSPECIFIED,NEW_CNMC_GENERATED
CNMC-EE-RES-000277,BHEL,DV0692350810,ELECTRICAL_AND_ELECTRONICS,RESISTOR,"RESISTOR, 100K, 0.1W, PKG 0603",RES CHIP SMD 0603 100K 1% 0.1W | 100PPM | ROHS DEVICE WITH BACKWARD COMPATIBILITY | OEM TAPE AND REEL PACKING ONLY.,RESISTOR CHIP SMD 0603 100K 1% 0.1W 100PPM,STANDARD,100K,0.1W,UNSPECIFIED,0603,UNSPECIFIED,UNSPECIFIED,EE|RES|STANDARD|100K|0.1W|UNSPECIFIED|0603|UNSPECIFIED|UNSPECIFIED,AUTO_MAPPED_TO_EXISTING_CNMC
CNMC-EE-RES-000293,BHEL,DV0692401032,ELECTRICAL_AND_ELECTRONICS,RESISTOR,"RESISTOR, 1K, 0.25W, 1206P, PKG 1206","RES THICK SMD 1K 1% 0.25W 100PPM | RES 1 KOHM .25W 1% 1206 | OEM:PHYCOMP/YAGEO | P/N:23227246102L | ""OEM PACKAGING ONLY.",RESISTOR THICK SMD 1K 1% 0.25W 100PPM RESISTOR 1K .25W 1% 1206 P/N:23227246102L,STANDARD,1K,0.25W,UNSPECIFIED,1206,1206P,UNSPECIFIED,EE|RES|STANDARD|1K|0.25W|UNSPECIFIED|1206|1206P|UNSPECIFIED,NEW_CNMC_GENERATED
CNMC-EE-RES-000293,BHEL,DV0692511395,ELECTRICAL_AND_ELECTRONICS,RESISTOR,"RESISTOR, 1K, 0.25W, 1206P, PKG 1206","RES THIN SMD 1K 0.1% 0.25W 1206 | RES THIN SMD 1K 0.1% 0.25W 1206 | OEM:SUSUMU/Panasonic/STACKPOLE | P/N:RG3216P-1001-B-T1 /ERA-8AEB102V / | RNCF1206BKE1K00 ""OEM PACKAGING | ONLY. DATE CODE TO BE LESS THAN 24 | MONTHS FROM INVOICE DATE.BHEL'S | WRITTEN APPROVAL IS REQUIRED IN CASE OF | ANY DEVIATION FROM THE ABOVE.""",RESISTOR THIN SMD 1K 0.1% 0.25W 1206 RESISTOR THIN SMD 1K 0.1% 0.25W 1206 P/N:RG3216P-1001-B-T1 /ERA-8AEB102V / RNCF1206BKE1K00,STANDARD,1K,0.25W,UNSPECIFIED,1206,1206P,UNSPECIFIED,EE|RES|STANDARD|1K|0.25W|UNSPECIFIED|1206|1206P|UNSPECIFIED,AUTO_MAPPED_TO_EXISTING_CNMC
CNMC-EE-RES-000306,BHEL,DV0692401180,ELECTRICAL_AND_ELECTRONICS,RESISTOR,"RESISTOR, 100R, 0.1W, 0805P, PKG 0805","RES THICK SMD 100R 1% 0.1W 100PPM | RES 100R 0.1W 1% 0805 | OEM:PHYCOMP/YAGEO | P/N:23227346101L | ""OEM PACKAGING ONLY.",RESISTOR THICK SMD 100R 1% 0.1W 100PPM RESISTOR 100R 0.1W 1% 0805 P/N:23227346101L,STANDARD,100R,0.1W,UNSPECIFIED,0805,0805P,UNSPECIFIED,EE|RES|STANDARD|100R|0.1W|UNSPECIFIED|0805|0805P|UNSPECIFIED,NEW_CNMC_GENERATED
CNMC-EE-RES-000306,BHEL,DV0692403302,ELECTRICAL_AND_ELECTRONICS,RESISTOR,"RESISTOR, 100R, 0.1W, 0805P, PKG 0805","RES THIN SMD 100R 0.1W 0.1% 10PPM | RES 100R .1W .1% 10PPM 0805 | OEM:TYCO | P/N:RN73C2A100RB | ""OEM PACKAGING ONLY.",RESISTOR THIN SMD 100R 0.1W 0.1% 10PPM RESISTOR 100R .1W .1% 10PPM 0805 P/N:RN73C2A100RB,STANDARD,100R,0.1W,UNSPECIFIED,0805,0805P,UNSPECIFIED,EE|RES|STANDARD|100R|0.1W|UNSPECIFIED|0805|0805P|UNSPECIFIED,AUTO_MAPPED_TO_EXISTING_CNMC
CNMC-EE-RES-000309,BHEL,DV0692401210,ELECTRICAL_AND_ELECTRONICS,RESISTOR,"RESISTOR, 100K, 0.1W, 0805P, PKG 0805","RES THICK SMD 100K 1% 0.1W 100PPM | RES 100 KOHM .1W 1% 0805 | OEM:PHYCOMP/YAGEO | P/N:23227346104L | ""OEM PACKAGING ONLY.",RESISTOR THICK SMD 100K 1% 0.1W 100PPM RESISTOR 100K .1W 1% 0805 P/N:23227346104L,STANDARD,100K,0.1W,UNSPECIFIED,0805,0805P,UNSPECIFIED,EE|RES|STANDARD|100K|0.1W|UNSPECIFIED|0805|0805P|UNSPECIFIED,NEW_CNMC_GENERATED
CNMC-EE-RES-000309,BHEL,DV0692403299,ELECTRICAL_AND_ELECTRONICS,RESISTOR,"RESISTOR, 100K, 0.1W, 0805P, PKG 0805","RES THIN SMD 100K 0.1W 0.1% 10PPM | RES 100K .1W .1% 10PPM 0805 | OEM:TYCO | P/N:RN73C2A100KB | ""OEM PACKAGING ONLY.",RESISTOR THIN SMD 100K 0.1W 0.1% 10PPM RESISTOR 100K .1W .1% 10PPM 0805 P/N:RN73C2A100KB,STANDARD,100K,0.1W,UNSPECIFIED,0805,0805P,UNSPECIFIED,EE|RES|STANDARD|100K|0.1W|UNSPECIFIED|0805|0805P|UNSPECIFIED,AUTO_MAPPED_TO_EXISTING_CNMC
CNMC-EE-RES-000314,BHEL,DV0692401261,ELECTRICAL_AND_ELECTRONICS,RESISTOR,"RESISTOR, 15K, 0.1W, 0805P, PKG 0805","RES THICK SMD 15K 1% 0.1W 100PPM | RES 15 KOHM .1W 1% 0805 | OEM:PHYCOMP/YAGEO | P/N:23227346153L | ""OEM PACKAGING ONLY.",RESISTOR THICK SMD 15K 1% 0.1W 100PPM RESISTOR 15K .1W 1% 0805 P/N:23227346153L,STANDARD,15K,0.1W,UNSPECIFIED,0805,0805P,UNSPECIFIED,EE|RES|STANDARD|15K|0.1W|UNSPECIFIED|0805|0805P|UNSPECIFIED,NEW_CNMC_GENERATED
CNMC-EE-RES-000314,BHEL,DV0692403310,ELECTRICAL_AND_ELECTRONICS,RESISTOR,"RESISTOR, 15K, 0.1W, 0805P, PKG 0805","RES THIN SMD 15K 0.1W 0.1% 10PPM | RES 15K .1W .1% 10PPM 0805 | OEM:TYCO P/N:RN73C2A15KB | ""OEM PACKAGING ONLY.",RESISTOR THIN SMD 15K 0.1W 0.1% 10PPM RESISTOR 15K .1W .1% 10PPM 0805 P/N:RN73C2A15KB,STANDARD,15K,0.1W,UNSPECIFIED,0805,0805P,UNSPECIFIED,EE|RES|STANDARD|15K|0.1W|UNSPECIFIED|0805|0805P|UNSPECIFIED,AUTO_MAPPED_TO_EXISTING_CNMC
CNMC-EE-SEMI-000001,BHEL,DV0692404449,ELECTRICAL_AND_ELECTRONICS,SEMICONDUCTOR,SEMICONDUCTOR,"OPTO FBR TRNSMTR DIODE Q62702-P1715 | PLASTIC FIBER OPTIC | TRANSMITTER DIODE SFH756V | OEM:INFINEON | P/N:Q62702-P1715 | ""OEM PACKAGING ONLY.",OPTO FBR TRNSMTR DIODE Q62702-P1715 PLASTIC FIBER OPTIC TRANSMITTER DIODE SFH756V P/N:Q62702-P1715,STANDARD,UNSPECIFIED,UNSPECIFIED,UNSPECIFIED,UNSPECIFIED,UNSPECIFIED,UNSPECIFIED,EE|SEMI|STANDARD|UNSPECIFIED|UNSPECIFIED|UNSPECIFIED|UNSPECIFIED|UNSPECIFIED|UNSPECIFIED,AUTO_MAPPED_TO_EXISTING_CNMC
CNMC-EE-SEMI-000001,BHEL,DV0692430585,ELECTRICAL_AND_ELECTRONICS,SEMICONDUCTOR,SEMICONDUCTOR,OPTCPLR ISLTR 3KV SINGLE DC INPUT SO-4 | Optocoupler Single DC Input SO4 | OEM:AVAGO / BROADCOM P/N.ACPL-217-50BE | OEM PACKAGING ONLY. DATE CODE TO BE | LESS THAN 24 MONTHS FROM INVOICE DATE.,OPTCPLR ISLTR 3KV SINGLE DC INPUT SO-4 OPTOCOUPLER SINGLE DC INPUT SO4 / BROADCOM P/N.ACPL-217-50BE,STANDARD,UNSPECIFIED,UNSPECIFIED,UNSPECIFIED,UNSPECIFIED,UNSPECIFIED,UNSPECIFIED,EE|SEMI|STANDARD|UNSPECIFIED|UNSPECIFIED|UNSPECIFIED|UNSPECIFIED|UNSPECIFIED|UNSPECIFIED,AUTO_MAPPED_TO_EXISTING_CNMC
CNMC-EE-SEMI-000001,BHEL,DV0692431535,ELECTRICAL_AND_ELECTRONICS,SEMICONDUCTOR,SEMICONDUCTOR,7 SEGMENTS LED SOCKET RA | OEM- Aries  . DATE CODE TO BE LESS THAN 24 | MONTHS FROM INVOICE DATE.BHEL'S WRITTEN | APPROVAL IS REQUIRED IN CASE OF | ANY DEVIATION FROM THE ABOVE.,7 SEGMENTS LED SOCKET RA ARIES .,STANDARD,UNSPECIFIED,UNSPECIFIED,UNSPECIFIED,UNSPECIFIED,UNSPECIFIED,UNSPECIFIED,EE|SEMI|STANDARD|UNSPECIFIED|UNSPECIFIED|UNSPECIFIED|UNSPECIFIED|UNSPECIFIED|UNSPECIFIED,AUTO_MAPPED_TO_EXISTING_CNMC
CNMC-EE-SEMI-000002,BHEL,DV0692030441,ELECTRICAL_AND_ELECTRONICS,SEMICONDUCTOR,"SEMICONDUCTOR, PKG SMD",OPTOCOUPLER  VO610A | OPTOCOUPLER  VO610A | SMD-4,OPTOCOUPLER VO610A OPTOCOUPLER VO610A SMD-4,STANDARD,UNSPECIFIED,UNSPECIFIED,UNSPECIFIED,SMD,UNSPECIFIED,UNSPECIFIED,EE|SEMI|STANDARD|UNSPECIFIED|UNSPECIFIED|UNSPECIFIED|SMD|UNSPECIFIED|UNSPECIFIED,AUTO_MAPPED_TO_EXISTING_CNMC
CNMC-EE-SEMI-000002,BHEL,DV0692348921,ELECTRICAL_AND_ELECTRONICS,SEMICONDUCTOR,"SEMICONDUCTOR, PKG SMD",OPTOCOUPLER SMD SFH6186-3T | POWERNET REF: 49200000 | ROHS DEVICE WITH BACKWARD COMPATIBILITY. | OEM TAPE AND REEL PACKING ONLY.,OPTOCOUPLER SMD SFH6186-3T POWERNET,STANDARD,UNSPECIFIED,UNSPECIFIED,UNSPECIFIED,SMD,UNSPECIFIED,UNSPECIFIED,EE|SEMI|STANDARD|UNSPECIFIED|UNSPECIFIED|UNSPECIFIED|SMD|UNSPECIFIED|UNSPECIFIED,AUTO_MAPPED_TO_EXISTING_CNMC
CNMC-EE-SEMI-000002,BHEL,DV0692361301,ELECTRICAL_AND_ELECTRONICS,SEMICONDUCTOR,"SEMICONDUCTOR, PKG SMD",IGBT 1200V 20A  TO-263 AA SMD | IXGA20N120A3 TO-263 AA package.,IGBT 1200V 20A TO-263 AA SMD IXGA20N120A3 TO-263 AA PACKAGE.,STANDARD,UNSPECIFIED,UNSPECIFIED,UNSPECIFIED,SMD,UNSPECIFIED,UNSPECIFIED,EE|SEMI|STANDARD|UNSPECIFIED|UNSPECIFIED|UNSPECIFIED|SMD|UNSPECIFIED|UNSPECIFIED,AUTO_MAPPED_TO_EXISTING_CNMC
CNMC-EE-SEMI-000002,BHEL,DV0692400001,ELECTRICAL_AND_ELECTRONICS,SEMICONDUCTOR,"SEMICONDUCTOR, PKG SMD","OPTOCOUPLER 5KV CNY17-3-300E SMD | OPTOCOUPLER 5KV SMD | OEM:AVAGO | P/N:CNY17-3-300E | ""OEM PACKAGING ONLY.",OPTOCOUPLER 5KV CNY17-3-300E SMD OPTOCOUPLER 5KV SMD P/N:CNY17-3-300E,STANDARD,UNSPECIFIED,UNSPECIFIED,UNSPECIFIED,SMD,UNSPECIFIED,UNSPECIFIED,EE|SEMI|STANDARD|UNSPECIFIED|UNSPECIFIED|UNSPECIFIED|SMD|UNSPECIFIED|UNSPECIFIED,AUTO_MAPPED_TO_EXISTING_CNMC
CNMC-EE-SEMI-000002,BHEL,DV0692402535,ELECTRICAL_AND_ELECTRONICS,SEMICONDUCTOR,"SEMICONDUCTOR, PKG SMD","OPTOCOUPLER GATE DRV HCPL-3020-300E SMD | IC OPTOCOUPLER GATE DRIVE .4A SMD | OEM:AVAGO/AGILENT | P/N:HCPL-3020-300E | ""OEM PACKAGING ONLY.",OPTOCOUPLER GATE DRV HCPL-3020-300E SMD IC OPTOCOUPLER GATE DRIVE .4A SMD P/N:HCPL-3020-300E,STANDARD,UNSPECIFIED,UNSPECIFIED,UNSPECIFIED,SMD,UNSPECIFIED,UNSPECIFIED,EE|SEMI|STANDARD|UNSPECIFIED|UNSPECIFIED|UNSPECIFIED|SMD|UNSPECIFIED|UNSPECIFIED,AUTO_MAPPED_TO_EXISTING_CNMC
CNMC-EE-SEMI-000002,BHEL,DV0692402870,ELECTRICAL_AND_ELECTRONICS,SEMICONDUCTOR,"SEMICONDUCTOR, PKG SMD","IC DRIVER MOSFET QUAD 1.2A MIC4469Y SMD | IC DRIVER MOSFET QUAD 1.2A | OEM:MICREL | P/N:MIC4469YWM | ""OEM PACKAGING ONLY.",IC DRIVER MOSFET QUAD 1.2A MIC4469Y SMD IC DRIVER MOSFET QUAD 1.2A P/N:MIC4469YWM,STANDARD,UNSPECIFIED,UNSPECIFIED,UNSPECIFIED,SMD,UNSPECIFIED,UNSPECIFIED,EE|SEMI|STANDARD|UNSPECIFIED|UNSPECIFIED|UNSPECIFIED|SMD|UNSPECIFIED|UNSPECIFIED,AUTO_MAPPED_TO_EXISTING_CNMC
CNMC-EE-SEMI-000002,BHEL,DV0692403493,ELECTRICAL_AND_ELECTRONICS,SEMICONDUCTOR,"SEMICONDUCTOR, PKG SMD","IC TRANS ARRAY DARLINGTON ULQ2003AD SMD | IC TRANSISTOR ARRAY DARLINGTON 7X3VIN | OEM:TI | P/N:ULQ2003AD | ""OEM PACKAGING ONLY.",IC TRANS ARRAY DARLINGTON ULQ2003AD SMD IC TRANSISTOR ARRAY DARLINGTON 7X3VIN P/N:ULQ2003AD,STANDARD,UNSPECIFIED,UNSPECIFIED,UNSPECIFIED,SMD,UNSPECIFIED,UNSPECIFIED,EE|SEMI|STANDARD|UNSPECIFIED|UNSPECIFIED|UNSPECIFIED|SMD|UNSPECIFIED|UNSPECIFIED,AUTO_MAPPED_TO_EXISTING_CNMC
CNMC-EE-SEMI-000002,BHEL,DV0692404155,ELECTRICAL_AND_ELECTRONICS,SEMICONDUCTOR,"SEMICONDUCTOR, PKG SMD",IC DRIV MOSFET 1.5A COMPL  SMD | OEM  TAPE & REEL PACKAGING ONLY.,IC DRIV MOSFET 1.5A COMPL SMD,STANDARD,UNSPECIFIED,UNSPECIFIED,UNSPECIFIED,SMD,UNSPECIFIED,UNSPECIFIED,EE|SEMI|STANDARD|UNSPECIFIED|UNSPECIFIED|UNSPECIFIED|SMD|UNSPECIFIED|UNSPECIFIED,AUTO_MAPPED_TO_EXISTING_CNMC
CNMC-EE-SEMI-000004,BHEL,DV0692303677,ELECTRICAL_AND_ELECTRONICS,SEMICONDUCTOR,"SEMICONDUCTOR, PKG DIP",OPTOCOUPLER 4N35 DIP-6 | ROHS DEVICE WITH BACKWARD COMPATIBILITY.,OPTOCOUPLER 4N35 DIP-6,STANDARD,UNSPECIFIED,UNSPECIFIED,UNSPECIFIED,DIP,UNSPECIFIED,UNSPECIFIED,EE|SEMI|STANDARD|UNSPECIFIED|UNSPECIFIED|UNSPECIFIED|DIP|UNSPECIFIED|UNSPECIFIED,AUTO_MAPPED_TO_EXISTING_CNMC
CNMC-EE-SEMI-000004,BHEL,EN7468047898,ELECTRICAL_AND_ELECTRONICS,SEMICONDUCTOR,"SEMICONDUCTOR, PKG DIP",OPTOCOUPLER DUAL  MCT6  DIP-8 | DUAL PHOTOTRANSISTOR MCT6,OPTOCOUPLER DUAL MCT6 DIP-8 DUAL PHOTOTRANSISTOR MCT6,STANDARD,UNSPECIFIED,UNSPECIFIED,UNSPECIFIED,DIP,UNSPECIFIED,UNSPECIFIED,EE|SEMI|STANDARD|UNSPECIFIED|UNSPECIFIED|UNSPECIFIED|DIP|UNSPECIFIED|UNSPECIFIED,AUTO_MAPPED_TO_EXISTING_CNMC
CNMC-EE-SW-000006,BHEL,CN9073131022,ELECTRICAL_AND_ELECTRONICS,SWITCH,SWITCH,FUSE MCR SW ADPTR5EDV | ADAPTOR FOR | SEMICONDUCTOR FUSE | 5-EDV | DRG NO:B24078,FUSE MCR SWITCH ADPTR5EDV ADAPTOR FOR SEMICONDUCTOR FUSE 5-EDV,STANDARD,UNSPECIFIED,UNSPECIFIED,UNSPECIFIED,UNSPECIFIED,UNSPECIFIED,5,EE|SW|STANDARD|UNSPECIFIED|UNSPECIFIED|UNSPECIFIED|UNSPECIFIED|UNSPECIFIED|UNSPECIFIED,AUTO_MAPPED_TO_EXISTING_CNMC
CNMC-EE-SW-000006,BHEL,DT0661870200,ELECTRICAL_AND_ELECTRONICS,SWITCH,SWITCH,"BIMETAL THERMAL TRIPDEVICE SW.TEMP.90+C- | BIMETAL THERMAL TRIP | DEVICE. | SWITCHING TEMP.90øCñ | 3%, CONTACT RATING: | 10AMPS,240V,50HZ. | INSULATION VOLTAGE: | 3KV,50HZ. | Normally closed, Plastic housing . | Terminal: Solder terminals at 90 deg. angle. | Bracket: fix bracket at 90 deg. angle.",BIMETAL THERMAL TRIPDEVICE SWITCH.TEMP.90+C- BIMETAL THERMAL TRIP DEVICE. SWITCHING TEMP.90ØCÑ 3% CONTACT RATING: 10AMPS 240V 50HZ. INSULATION VOLTAGE: 3KV 50HZ. NORMALLY CLOSED PLASTIC HOUSING . TERMINAL: SOLDER TERMINALS AT 90 DEG. ANGLE. BRACKET: FIX BRACKET AT 90 DEG. ANGLE.,STANDARD,UNSPECIFIED,UNSPECIFIED,UNSPECIFIED,UNSPECIFIED,UNSPECIFIED,90,EE|SW|STANDARD|UNSPECIFIED|UNSPECIFIED|UNSPECIFIED|UNSPECIFIED|UNSPECIFIED|UNSPECIFIED,AUTO_MAPPED_TO_EXISTING_CNMC
CNMC-EE-SW-000006,BHEL,DV0692300724,ELECTRICAL_AND_ELECTRONICS,SWITCH,SWITCH,SWITCH PUSH BUTTON MAXPART:30589 | ROHS DEVICE WITH BACKWARD COMPATIBILITY,SWITCH PUSH BUTTON MAXPART:30589,STANDARD,UNSPECIFIED,UNSPECIFIED,UNSPECIFIED,UNSPECIFIED,UNSPECIFIED,30589,EE|SW|STANDARD|UNSPECIFIED|UNSPECIFIED|UNSPECIFIED|UNSPECIFIED|UNSPECIFIED|UNSPECIFIED,AUTO_MAPPED_TO_EXISTING_CNMC
CNMC-EE-SW-000006,BHEL,DV0692302905,ELECTRICAL_AND_ELECTRONICS,SWITCH,SWITCH,"RELAY 24 VOLTS DC SPDT ROHS | DC 24V PC BOARD POWER RELAY | METSO PART NO: 081478, 082467 | DATE CODE CLAUSE : DATE CODE OF THE | ITEMS SUPPLIED SHALL BE LESS THAN OR | EQUAL TO 30 MONTHS FROM THE PO DATE. | PRIOR APPROVAL TO BE TAKEN BY VENDOR IN | CASE OF ANY DEVIATION FROM THIS CLAUSE. | PEAK LOAD CURRENT CARRYING | CAPACITY = 10AMPS",RELAY 24 VOLTS DC SPDT ROHS DC 24V PC BOARD POWER RELAY METSO PART NO: 081478 082467,STANDARD,UNSPECIFIED,UNSPECIFIED,UNSPECIFIED,UNSPECIFIED,UNSPECIFIED,24,EE|SW|STANDARD|UNSPECIFIED|UNSPECIFIED|UNSPECIFIED|UNSPECIFIED|UNSPECIFIED|UNSPECIFIED,AUTO_MAPPED_TO_EXISTING_CNMC
CNMC-EE-SW-000006,BHEL,DV0692431485,ELECTRICAL_AND_ELECTRONICS,SWITCH,SWITCH,"75 V, 1.5A Step-Down Switch RegulatorSMD | OEM PACKAGING ONLY. DATE CODE TO BE LESS | THAN 24 MONTHS FROM INVOICE | DATE.BHEL'S WRITTEN APPROVAL IS REQUIRED IN | CASE OF ANY DEVIATION FROM | THE ABOVE.LOOSE PACKAGE AND BOXES NOT | ACCEPTABLE.",75 V 1.5A STEP-DOWN SWITCH REGULATORSMD,STANDARD,UNSPECIFIED,UNSPECIFIED,UNSPECIFIED,UNSPECIFIED,UNSPECIFIED,75V,EE|SW|STANDARD|UNSPECIFIED|UNSPECIFIED|UNSPECIFIED|UNSPECIFIED|UNSPECIFIED|UNSPECIFIED,AUTO_MAPPED_TO_EXISTING_CNMC
CNMC-EE-SW-000006,BHEL,DV0692504095,ELECTRICAL_AND_ELECTRONICS,SWITCH,SWITCH,"IC SW BUCK REG 4.5-28VIN 0.8-25VOUT SO-8 | ""IC | SW | BUCK | REG | 4.5-28VIN | 3A | 0.8-25VOUT | SO-8_PWRPAD",IC SWITCH BUCK REG 4.5-28VIN 0.8-25VOUT SO-8 IC SWITCH BUCK REG 4.5-28VIN 3A 0.8-25VOUT SO-8_PWRPAD,STANDARD,UNSPECIFIED,UNSPECIFIED,UNSPECIFIED,UNSPECIFIED,UNSPECIFIED,4.5,EE|SW|STANDARD|UNSPECIFIED|UNSPECIFIED|UNSPECIFIED|UNSPECIFIED|UNSPECIFIED|UNSPECIFIED,AUTO_MAPPED_TO_EXISTING_CNMC
CNMC-EE-SW-000006,BHEL,DV0692510538,ELECTRICAL_AND_ELECTRONICS,SWITCH,SWITCH,SWITCH TOGGLE SPDT 6A 125V | OEM PACKAGING ONLY. DATE CODE TO BE LESS | THAN 24 MONTHS FROM INVOICE | DATE.BHEL'S WRITTEN APPROVAL IS REQUIRED IN | CASE OF ANY DEVIATION FROM | THE ABOVE. Loose packets and boxes not acceptable Tape | and Reel only.,SWITCH TOGGLE SPDT 6A 125V,STANDARD,UNSPECIFIED,UNSPECIFIED,UNSPECIFIED,UNSPECIFIED,UNSPECIFIED,6A,EE|SW|STANDARD|UNSPECIFIED|UNSPECIFIED|UNSPECIFIED|UNSPECIFIED|UNSPECIFIED|UNSPECIFIED,AUTO_MAPPED_TO_EXISTING_CNMC
CNMC-EE-SW-000010,BHEL,DV0692330153,ELECTRICAL_AND_ELECTRONICS,SWITCH,"SWITCH, PKG SMD",IC DUAL USB HI-SIDE PWR SW LM3526M SMD | ROHS DEVICE WITH BACKWARD COMPATIBILITY. | OEM TAPE AND REEL PACKING ONLY.,IC DUAL USB HI-SIDE PWR SWITCH LM3526M SMD,STANDARD,UNSPECIFIED,UNSPECIFIED,UNSPECIFIED,SMD,UNSPECIFIED,UNSPECIFIED,EE|SW|STANDARD|UNSPECIFIED|UNSPECIFIED|UNSPECIFIED|SMD|UNSPECIFIED|UNSPECIFIED,AUTO_MAPPED_TO_EXISTING_CNMC
CNMC-EE-SW-000010,BHEL,DV0692403396,ELECTRICAL_AND_ELECTRONICS,SWITCH,"SWITCH, PKG SMD","IC SWITCH ANALOG SPST QUAD  SMD | IC SWITCH ANALOG CMOS SPST QUAD SMD | OEM:VISHAY | P/N:DG411DY | ""OEM PACKAGING ONLY.",IC SWITCH ANALOG SPST QUAD SMD IC SWITCH ANALOG CMOS SPST QUAD SMD P/N:DG411DY,STANDARD,UNSPECIFIED,UNSPECIFIED,UNSPECIFIED,SMD,UNSPECIFIED,UNSPECIFIED,EE|SW|STANDARD|UNSPECIFIED|UNSPECIFIED|UNSPECIFIED|SMD|UNSPECIFIED|UNSPECIFIED,AUTO_MAPPED_TO_EXISTING_CNMC
CNMC-EE-SW-000010,BHEL,DV0692404392,ELECTRICAL_AND_ELECTRONICS,SWITCH,"SWITCH, PKG SMD","IC SWITCH 3A 260KHZ LM2673SX-ADJ SMD | SIMPLE SWITCHER 3A STEP DOWN VOLTAGE | ADJUSTABLE CURRENT LIMIT TO-263 | OEM:NATIONAL SEMICONDUCTORS | P/N:LM2673SX-ADJ | ""OEM PACKAGING ONLY.",IC SWITCH 3A 260KHZ LM2673SX-ADJ SMD SIMPLE SWITCHER 3A STEP DOWN VOLTAGE ADJUSTABLE CURRENT LIMIT TO-263 SEMICONDUCTORS P/N:LM2673SX-ADJ,STANDARD,UNSPECIFIED,UNSPECIFIED,UNSPECIFIED,SMD,UNSPECIFIED,3A,EE|SW|STANDARD|UNSPECIFIED|UNSPECIFIED|UNSPECIFIED|SMD|UNSPECIFIED|UNSPECIFIED,AUTO_MAPPED_TO_EXISTING_CNMC
CNMC-EE-SW-000010,BHEL,DV0692411879,ELECTRICAL_AND_ELECTRONICS,SWITCH,"SWITCH, PKG SMD","IC SWITCH CURRENT LTD 1A SOT-23 SMD | SWITCH, CURRENT LTD, 1A, SOT23 | OEM: TEXAS INSTRUMENTS | P/N: TPS2051BDBV | OEM PACKAGING ONLY. DATE CODE TO BE LESS | THAN 24 MONTHS FROM INVOICE | DATE.BHEL'S WRITTEN APPROVAL IS REQUIRED IN | CASE OF | ANY DEVIATION FROM THE ABOVE",IC SWITCH CURRENT LTD 1A SOT-23 SMD SWITCH CURRENT LTD 1A SOT23 INSTRUMENTS P/N: TPS2051BDBV,STANDARD,UNSPECIFIED,UNSPECIFIED,UNSPECIFIED,SMD,UNSPECIFIED,1A,EE|SW|STANDARD|UNSPECIFIED|UNSPECIFIED|UNSPECIFIED|SMD|UNSPECIFIED|UNSPECIFIED,AUTO_MAPPED_TO_EXISTING_CNMC
CNMC-EE-SW-000014,BHEL,CN9065462023,ELECTRICAL_AND_ELECTRONICS,SWITCH,"SWITCH, PKG DIP",IC LIN ANALOG SWITCH QUAD DG201ACJ | IC LIN | SWITCH QUAD DIP P | DG201ACJ,IC LIN ANALOG SWITCH QUAD DG201ACJ IC LIN SWITCH QUAD DIP P DG201ACJ,STANDARD,UNSPECIFIED,UNSPECIFIED,UNSPECIFIED,DIP,UNSPECIFIED,UNSPECIFIED,EE|SW|STANDARD|UNSPECIFIED|UNSPECIFIED|UNSPECIFIED|DIP|UNSPECIFIED|UNSPECIFIED,AUTO_MAPPED_TO_EXISTING_CNMC
CNMC-EE-SW-000014,BHEL,CN9065462074,ELECTRICAL_AND_ELECTRONICS,SWITCH,"SWITCH, PKG DIP",IC LIN ANALOG SWITCH QUAD DG201ABK | IC LIN DG201ABK | SWITCH QUAD DIP C | -25 TO 85øC,IC LIN ANALOG SWITCH QUAD DG201ABK IC LIN DG201ABK SWITCH QUAD DIP C -25 TO 85ØC,STANDARD,UNSPECIFIED,UNSPECIFIED,UNSPECIFIED,DIP,UNSPECIFIED,25,EE|SW|STANDARD|UNSPECIFIED|UNSPECIFIED|UNSPECIFIED|DIP|UNSPECIFIED|UNSPECIFIED,AUTO_MAPPED_TO_EXISTING_CNMC
CNMC-EE-SW-000014,BHEL,CN9066317035,ELECTRICAL_AND_ELECTRONICS,SWITCH,"SWITCH, PKG DIP",IC LIN ANALOG SWITCH DUAL DG200ABK | IC LIN SWITCH DUAL | DIP 14C | HI1-200-5,IC LIN ANALOG SWITCH DUAL DG200ABK IC LIN SWITCH DUAL DIP 14C HI1-200-5,STANDARD,UNSPECIFIED,UNSPECIFIED,UNSPECIFIED,DIP,UNSPECIFIED,14C,EE|SW|STANDARD|UNSPECIFIED|UNSPECIFIED|UNSPECIFIED|DIP|UNSPECIFIED|UNSPECIFIED,AUTO_MAPPED_TO_EXISTING_CNMC
CNMC-EE-SW-000014,BHEL,CN9066324015,ELECTRICAL_AND_ELECTRONICS,SWITCH,"SWITCH, PKG DIP",IC LIN ANALOG MUX DUAL 8CH HI1-0507-5 | IC LIN SWITCH SING | DIP 28C | HI1-0507-5,IC LIN ANALOG MUX DUAL 8CH HI1-0507-5 IC LIN SWITCH SING DIP 28C HI1-0507-5,STANDARD,UNSPECIFIED,UNSPECIFIED,UNSPECIFIED,DIP,UNSPECIFIED,0507,EE|SW|STANDARD|UNSPECIFIED|UNSPECIFIED|UNSPECIFIED|DIP|UNSPECIFIED|UNSPECIFIED,AUTO_MAPPED_TO_EXISTING_CNMC
CNMC-EE-SW-000014,BHEL,DV0692349375,ELECTRICAL_AND_ELECTRONICS,SWITCH,"SWITCH, PKG DIP","SWITCH 8-POS PIANO DIP DA-08-V | METSODNA PART REF:74140818,0 | OEN PART#132-DA-08-V",SWITCH 8-POS PIANO DIP DA-08-V METSODNA PART 0 OEN PART 132-DA-08-V,STANDARD,UNSPECIFIED,UNSPECIFIED,UNSPECIFIED,DIP,UNSPECIFIED,8,EE|SW|STANDARD|UNSPECIFIED|UNSPECIFIED|UNSPECIFIED|DIP|UNSPECIFIED|UNSPECIFIED,AUTO_MAPPED_TO_EXISTING_CNMC
CNMC-EE-SW-000015,BHEL,DV0692030485,ELECTRICAL_AND_ELECTRONICS,SWITCH,"SWITCH, PKG SOIC",IC ANALOG SW QUAD SPST SMD SOIC-16 | SWITCH SO-16 ADG201HSKR DATE CODE CLAUSE: | DATE CODE OF THE ITEMS | SUPPLIED SHALL BE LESS THAN OR EQUAL TO 24 | MONTHS FROM THE INVOICE DATE. | PRIOR APPROVAL TO BE TAKEN BY VENDOR IN | CASE OF ANY DEVIATION FROM THIS | CLAUSE.,IC ANALOG SWITCH QUAD SPST SMD SOIC-16 SWITCH SO-16 ADG201HSKR,STANDARD,UNSPECIFIED,UNSPECIFIED,UNSPECIFIED,SOIC,UNSPECIFIED,16,EE|SW|STANDARD|UNSPECIFIED|UNSPECIFIED|UNSPECIFIED|SOIC|UNSPECIFIED|UNSPECIFIED,NEW_CNMC_GENERATED
CNMC-EE-SW-000015,BHEL,DV0692401687,ELECTRICAL_AND_ELECTRONICS,SWITCH,"SWITCH, PKG SOIC","IC CMS Q- BILATERAL SWITCH CD4066BCM SMD | SWITCH ANALOG QUAD SOIC-14 | OEM:TEXAS INSTRUMENTS | P/N:CD4066BCM | ""OEM PACKAGING ONLY.",IC CMS Q- BILATERAL SWITCH CD4066BCM SMD SWITCH ANALOG QUAD SOIC-14 INSTRUMENTS P/N:CD4066BCM,STANDARD,UNSPECIFIED,UNSPECIFIED,UNSPECIFIED,SOIC,UNSPECIFIED,14,EE|SW|STANDARD|UNSPECIFIED|UNSPECIFIED|UNSPECIFIED|SOIC|UNSPECIFIED|UNSPECIFIED,AUTO_MAPPED_TO_EXISTING_CNMC
CNMC-EE-XFMR-000004,BHEL,DV0692411577,ELECTRICAL_AND_ELECTRONICS,TRANSFORMER,"TRANSFORMER, PKG SMD",TRANSFORMER MINI S5394-C SMT | TRANSFORMER MINI S5394-C SMT,TRANSFORMER MINI S5394-C SMD TRANSFORMER MINI S5394-C SMD,STANDARD,UNSPECIFIED,UNSPECIFIED,UNSPECIFIED,SMD,UNSPECIFIED,UNSPECIFIED,EE|XFMR|STANDARD|UNSPECIFIED|UNSPECIFIED|UNSPECIFIED|SMD|UNSPECIFIED|UNSPECIFIED,AUTO_MAPPED_TO_EXISTING_CNMC
CNMC-EE-XFMR-000004,BHEL,DV0692504317,ELECTRICAL_AND_ELECTRONICS,TRANSFORMER,"TRANSFORMER, PKG SMD",TRANSFORMER FLYBACK 2.5:1SMD | XFMR FLYBACK 2.5:1 14uH 11.5A ISO 4kV SMD-12 | ROHS DEVICE WITH BACKWARD | COMPATIBILITY OEM TAPE AND REEL PACKING | ONLY. DATE CODE TO BE LESS THAN | 30 MONTHS FROM INVOICE DATE. BHEL'S | WRITTEN APPROVAL IS REQUIRED IN CASE | OF ANY DEVIATION FROM THE ABOVE.,TRANSFORMER FLYBACK 2.5:1SMD TRANSFORMER FLYBACK 2.5:1 14UH 11.5A ISO 4KV SMD-12,STANDARD,UNSPECIFIED,UNSPECIFIED,UNSPECIFIED,SMD,UNSPECIFIED,UNSPECIFIED,EE|XFMR|STANDARD|UNSPECIFIED|UNSPECIFIED|UNSPECIFIED|SMD|UNSPECIFIED|UNSPECIFIED,AUTO_MAPPED_TO_EXISTING_CNMC
CNMC-FH-BOLT-000001,BHEL,DV0688171281,FASTENERS_AND_HARDWARE,BOLT,BOLT,"TRMNL END CU RING 1.65SQMM M5, INSL- RED | PLASTI-GRIP VINYL PRE-INSULATED TERMINAL. | MATERIAL: TIN PLATED COPPER. | INSL:  VINYL INSULATION, RED COLOUR. | CBL SIZE: 0.26 - 1.65 SQMM. | BOLT SIZE: M5.",TRMNL END CU RING 1.65SQMM M5 INSL- RED PLASTI-GRIP VINYL PRE-INSULATED TERMINAL. MATERIAL: TIN PLATED COPPER. INSL: VINYL INSULATION RED COLOUR. CBL SIZE: 0.26 - 1.65 SQMM. BOLT SIZE: M5.,STANDARD,UNSPECIFIED,UNSPECIFIED,UNSPECIFIED,UNSPECIFIED,UNSPECIFIED,UNSPECIFIED,FH|BOLT|STANDARD|UNSPECIFIED|UNSPECIFIED|UNSPECIFIED|UNSPECIFIED|UNSPECIFIED|UNSPECIFIED,AUTO_MAPPED_TO_EXISTING_CNMC
CNMC-FH-BOLT-000001,BHEL,DV0688171290,FASTENERS_AND_HARDWARE,BOLT,BOLT,"TRMNL END CU RING 1.65SQMM M6, INSL- RED | PLASTI-GRIP VINYL PRE-INSULATED TERMINAL. | MATERIAL: TIN PLATED COPPER. | INSL:  VINYL INSULATION, RED COLOUR. | CBL SIZE: 0.25 - 1.6 SQMM. | BOLT SIZE: M6.",TRMNL END CU RING 1.65SQMM M6 INSL- RED PLASTI-GRIP VINYL PRE-INSULATED TERMINAL. MATERIAL: TIN PLATED COPPER. INSL: VINYL INSULATION RED COLOUR. CBL SIZE: 0.25 - 1.6 SQMM. BOLT SIZE: M6.,STANDARD,UNSPECIFIED,UNSPECIFIED,UNSPECIFIED,UNSPECIFIED,UNSPECIFIED,UNSPECIFIED,FH|BOLT|STANDARD|UNSPECIFIED|UNSPECIFIED|UNSPECIFIED|UNSPECIFIED|UNSPECIFIED|UNSPECIFIED,AUTO_MAPPED_TO_EXISTING_CNMC
CNMC-FH-BOLT-000001,BHEL,DV0688171303,FASTENERS_AND_HARDWARE,BOLT,BOLT,"TRMNL END CU RING 2.6SQMM M8, INSL- BLUE | PLASTI-GRIP VINYL PRE-INSULATED TERMINAL. | MATERIAL: TIN PLATED COPPER. | INSL:  VINYL INSULATION, BLUE COLOUR. | CBL SIZE: 1.0 - 2.6 SQMM. | BOLT SIZE: M8.",TRMNL END CU RING 2.6SQMM M8 INSL- BLUE PLASTI-GRIP VINYL PRE-INSULATED TERMINAL. MATERIAL: TIN PLATED COPPER. INSL: VINYL INSULATION BLUE COLOUR. CBL SIZE: 1.0 - 2.6 SQMM. BOLT SIZE: M8.,STANDARD,UNSPECIFIED,UNSPECIFIED,UNSPECIFIED,UNSPECIFIED,UNSPECIFIED,UNSPECIFIED,FH|BOLT|STANDARD|UNSPECIFIED|UNSPECIFIED|UNSPECIFIED|UNSPECIFIED|UNSPECIFIED|UNSPECIFIED,AUTO_MAPPED_TO_EXISTING_CNMC
CNMC-FH-BOLT-000001,BHEL,DV0688171338,FASTENERS_AND_HARDWARE,BOLT,BOLT,"TRMNL END CU RING 6.0SQMM M10, INSL-YELL | PLASTI-GRIP VINYL PRE-INSULATED TERMINAL | MATERIAL: TIN PLATED COPPER | INSL: VINYL INSULATION, YELLOW COLOUR | CBL SIZE: 3.0 - 6.0 SQMM | BOLT SIZE: M10",TRMNL END CU RING 6.0SQMM M10 INSL-YELL PLASTI-GRIP VINYL PRE-INSULATED TERMINAL MATERIAL: TIN PLATED COPPER INSL: VINYL INSULATION YELLOW COLOUR CBL SIZE: 3.0 - 6.0 SQMM BOLT SIZE: M10,STANDARD,UNSPECIFIED,UNSPECIFIED,UNSPECIFIED,UNSPECIFIED,UNSPECIFIED,UNSPECIFIED,FH|BOLT|STANDARD|UNSPECIFIED|UNSPECIFIED|UNSPECIFIED|UNSPECIFIED|UNSPECIFIED|UNSPECIFIED,AUTO_MAPPED_TO_EXISTING_CNMC
CNMC-FH-SCRW-000001,BHEL,CN9087869045,FASTENERS_AND_HARDWARE,SCREW,SCREW,SCREW  INTERLOCK8630-05A | HETT401379P1,SCREW INTERLOCK8630-05A HETT401379P1,STANDARD,UNSPECIFIED,UNSPECIFIED,UNSPECIFIED,UNSPECIFIED,UNSPECIFIED,UNSPECIFIED,FH|SCRW|STANDARD|UNSPECIFIED|UNSPECIFIED|UNSPECIFIED|UNSPECIFIED|UNSPECIFIED|UNSPECIFIED,AUTO_MAPPED_TO_EXISTING_CNMC
CNMC-FH-SCRW-000001,BHEL,DV0692352434,FASTENERS_AND_HARDWARE,SCREW,SCREW,RING TERMINAL NYLON INSULATION | REF 0.5-1mm2 FOR M3 SCREW | 22-18 AWG | COLOUR: RED | VENDOR | MAY | QUOTE | FOR | PN18-6RN-C | OR | PN18-6RN-M WHICHEVER IS APPLICABLE | BASED ON QTY. REQUIREMENT,RING TERMINAL NYLON INSULATION FOR M3 SCREW 22-18 AWG COLOUR: RED VENDOR MAY QUOTE FOR PN18-6RN-C OR PN18-6RN-M WHICHEVER IS APPLICABLE BASED ON QTY. REQUIREMENT,STANDARD,UNSPECIFIED,UNSPECIFIED,UNSPECIFIED,UNSPECIFIED,UNSPECIFIED,UNSPECIFIED,FH|SCRW|STANDARD|UNSPECIFIED|UNSPECIFIED|UNSPECIFIED|UNSPECIFIED|UNSPECIFIED|UNSPECIFIED,AUTO_MAPPED_TO_EXISTING_CNMC
CNMC-GN-GEN-000001,BHEL,AS9QE,GENERAL_MATERIALS,GENERAL_MATERIAL,GENERAL_MATERIAL,PG10,PG10,STANDARD,UNSPECIFIED,UNSPECIFIED,UNSPECIFIED,UNSPECIFIED,UNSPECIFIED,UNSPECIFIED,GN|GEN|STANDARD|UNSPECIFIED|UNSPECIFIED|UNSPECIFIED|UNSPECIFIED|UNSPECIFIED|UNSPECIFIED,AUTO_MAPPED_TO_EXISTING_CNMC
CNMC-GN-GEN-000001,BHEL,CD74HCT14M,GENERAL_MATERIALS,GENERAL_MATERIAL,GENERAL_MATERIAL,- TEXAS INSTRUMENTS,- TEXAS INSTRUMENTS,STANDARD,UNSPECIFIED,UNSPECIFIED,UNSPECIFIED,UNSPECIFIED,UNSPECIFIED,UNSPECIFIED,GN|GEN|STANDARD|UNSPECIFIED|UNSPECIFIED|UNSPECIFIED|UNSPECIFIED|UNSPECIFIED|UNSPECIFIED,AUTO_MAPPED_TO_EXISTING_CNMC
CNMC-GN-GEN-000001,BHEL,CN9074703011,GENERAL_MATERIALS,GENERAL_MATERIAL,GENERAL_MATERIAL,TRFMR POT EL42  HENS315531R1 | TRFMR POT EL42 | HENS315531R1,TRFMR POT EL42 HENS315531R1 TRFMR POT EL42 HENS315531R1,STANDARD,UNSPECIFIED,UNSPECIFIED,UNSPECIFIED,UNSPECIFIED,UNSPECIFIED,UNSPECIFIED,GN|GEN|STANDARD|UNSPECIFIED|UNSPECIFIED|UNSPECIFIED|UNSPECIFIED|UNSPECIFIED|UNSPECIFIED,AUTO_MAPPED_TO_EXISTING_CNMC
CNMC-GN-GEN-000001,BHEL,CN9075078048,GENERAL_MATERIALS,GENERAL_MATERIAL,GENERAL_MATERIAL,"TRMNL SNAP-ON1-2.5SQMM | TRMNL SNAP-ON | INSLTD,MR | CBL SIZE:1-2.5SQMM",TRMNL SNAP-ON1-2.5SQMM TRMNL SNAP-ON INSLTD MR CBL SIZE:1-2.5SQMM,STANDARD,UNSPECIFIED,UNSPECIFIED,UNSPECIFIED,UNSPECIFIED,UNSPECIFIED,UNSPECIFIED,GN|GEN|STANDARD|UNSPECIFIED|UNSPECIFIED|UNSPECIFIED|UNSPECIFIED|UNSPECIFIED|UNSPECIFIED,AUTO_MAPPED_TO_EXISTING_CNMC
CNMC-GN-GEN-000001,BHEL,CN9075319622,GENERAL_MATERIALS,GENERAL_MATERIAL,GENERAL_MATERIAL,CNTT MALE1-86182-1GE REF:218A4558P1 | CNTT MALE | 1-86182-1 | GE REF:218A4558P1,CNTT MALE1-86182-1GE CNTT MALE 1-86182-1 GE,STANDARD,UNSPECIFIED,UNSPECIFIED,UNSPECIFIED,UNSPECIFIED,UNSPECIFIED,UNSPECIFIED,GN|GEN|STANDARD|UNSPECIFIED|UNSPECIFIED|UNSPECIFIED|UNSPECIFIED|UNSPECIFIED|UNSPECIFIED,AUTO_MAPPED_TO_EXISTING_CNMC
CNMC-GN-GEN-000001,BHEL,CN9075319657,GENERAL_MATERIALS,GENERAL_MATERIAL,GENERAL_MATERIAL,CNTT FEMALE TYPE A86477-8 / 86480-5 | CNTT FEMALE TYPE A | 86477-8 / 86480-5 | GEREF:218A4551P1R/P1,CNTT FEMALE / 86480-5 CNTT FEMALE 86477-8 / 86480-5 GEREF:218A4551P1R/P1,STANDARD,UNSPECIFIED,UNSPECIFIED,UNSPECIFIED,UNSPECIFIED,UNSPECIFIED,UNSPECIFIED,GN|GEN|STANDARD|UNSPECIFIED|UNSPECIFIED|UNSPECIFIED|UNSPECIFIED|UNSPECIFIED|UNSPECIFIED,AUTO_MAPPED_TO_EXISTING_CNMC
CNMC-GN-GEN-000001,BHEL,CN9075348045,GENERAL_MATERIALS,GENERAL_MATERIAL,GENERAL_MATERIAL,HSG CRIMP TERMINAL | HSG CRIMP TERMINAL | 2139 09-50-3041 | GE:218A4602P18,HSG CRIMP TERMINAL HSG CRIMP TERMINAL 2139 09-50-3041 GE:218A4602P18,STANDARD,UNSPECIFIED,UNSPECIFIED,UNSPECIFIED,UNSPECIFIED,UNSPECIFIED,UNSPECIFIED,GN|GEN|STANDARD|UNSPECIFIED|UNSPECIFIED|UNSPECIFIED|UNSPECIFIED|UNSPECIFIED|UNSPECIFIED,AUTO_MAPPED_TO_EXISTING_CNMC
CNMC-GN-GEN-000001,BHEL,CN9075348096,GENERAL_MATERIALS,GENERAL_MATERIAL,GENERAL_MATERIAL,TRMNL CRIMP FOR SGLSIDED HSG 08-56-0106 | TRMNL CRIMP FOR SGL | SIDED HSG 08-56-0106 | GE:218A4602P1,TRMNL CRIMP FOR SGLSIDED HSG 08-56-0106 TRMNL CRIMP FOR SGL SIDED HSG 08-56-0106 GE:218A4602P1,STANDARD,UNSPECIFIED,UNSPECIFIED,UNSPECIFIED,UNSPECIFIED,UNSPECIFIED,UNSPECIFIED,GN|GEN|STANDARD|UNSPECIFIED|UNSPECIFIED|UNSPECIFIED|UNSPECIFIED|UNSPECIFIED|UNSPECIFIED,AUTO_MAPPED_TO_EXISTING_CNMC
CNMC-GN-GEN-000001,BHEL,CN9084246020,GENERAL_MATERIALS,GENERAL_MATERIAL,GENERAL_MATERIAL,BRACKET FIXING RIGHT0906000-9902 | BRACKET FIXING RIGHT | 0906000-9902,BRACKET FIXING RIGHT0906000-9902 BRACKET FIXING RIGHT 0906000-9902,STANDARD,UNSPECIFIED,UNSPECIFIED,UNSPECIFIED,UNSPECIFIED,UNSPECIFIED,UNSPECIFIED,GN|GEN|STANDARD|UNSPECIFIED|UNSPECIFIED|UNSPECIFIED|UNSPECIFIED|UNSPECIFIED|UNSPECIFIED,AUTO_MAPPED_TO_EXISTING_CNMC
CNMC-GN-GEN-000001,BHEL,CN9751166691,GENERAL_MATERIALS,GENERAL_MATERIAL,GENERAL_MATERIAL,CONFORMAL COATINGCOMPOUND | ACRYLIC1B31 | CONFORMAL COATING COMPOUND ACRYLIC 1B31 | DELIVERY CONDITION: CONTAINER SIZE: 5 LITRES,CONFORMAL COATINGCOMPOUND ACRYLIC1B31 CONFORMAL COATING COMPOUND ACRYLIC 1B31 DELIVERY CONDITION: CONTAINER SIZE: 5 LITRES,STANDARD,UNSPECIFIED,UNSPECIFIED,UNSPECIFIED,UNSPECIFIED,UNSPECIFIED,UNSPECIFIED,GN|GEN|STANDARD|UNSPECIFIED|UNSPECIFIED|UNSPECIFIED|UNSPECIFIED|UNSPECIFIED|UNSPECIFIED,AUTO_MAPPED_TO_EXISTING_CNMC
CNMC-GN-GEN-000001,BHEL,CN9751166705,GENERAL_MATERIALS,GENERAL_MATERIAL,GENERAL_MATERIAL,THINNER COMPOUNDTYPE 521 EU | THINNER COMPOUND TYPE 521 | DELIVERY CONDITION: CONTAINER SIZE: 5 LITRES,THINNER COMPOUNDTYPE 521 EU THINNER COMPOUND DELIVERY CONDITION: CONTAINER SIZE: 5 LITRES,STANDARD,UNSPECIFIED,UNSPECIFIED,UNSPECIFIED,UNSPECIFIED,UNSPECIFIED,UNSPECIFIED,GN|GEN|STANDARD|UNSPECIFIED|UNSPECIFIED|UNSPECIFIED|UNSPECIFIED|UNSPECIFIED|UNSPECIFIED,AUTO_MAPPED_TO_EXISTING_CNMC
CNMC-GN-GEN-000001,BHEL,CRCW08054752FRT1,GENERAL_MATERIALS,GENERAL_MATERIAL,GENERAL_MATERIAL,TO BE SUPPLIED IN TAPE | AND REEL ONLY | DATE CODE CLAUSE :----- DATE CODE OF THE | ITEMS SUPPLIED SHALL  BE  LESS  THAN  OR | EQUAL TO 30 MONTHS  FROM  THE  PO  DATE. | PRIOR APPROVAL TO  BE TAKEN BY VENDOR IN | CASE OF ANY DEVIATION FROM THIS  CLAUSE.,TO BE SUPPLIED IN TAPE AND REEL ONLY,STANDARD,UNSPECIFIED,UNSPECIFIED,UNSPECIFIED,UNSPECIFIED,UNSPECIFIED,UNSPECIFIED,GN|GEN|STANDARD|UNSPECIFIED|UNSPECIFIED|UNSPECIFIED|UNSPECIFIED|UNSPECIFIED|UNSPECIFIED,AUTO_MAPPED_TO_EXISTING_CNMC
CNMC-GN-GEN-000001,BHEL,CT7433498052,GENERAL_MATERIALS,GENERAL_MATERIAL,GENERAL_MATERIAL,TB 2.5SQ.MM 15A500V 10MM PITCH | TB 2.5SQ.MM 15A 500V 10MM PITCH | HESG455567P1,TB 2.5SQ.MM 15A500V 10MM PITCH TB 2.5SQ.MM 15A 500V 10MM PITCH HESG455567P1,STANDARD,UNSPECIFIED,UNSPECIFIED,UNSPECIFIED,UNSPECIFIED,UNSPECIFIED,UNSPECIFIED,GN|GEN|STANDARD|UNSPECIFIED|UNSPECIFIED|UNSPECIFIED|UNSPECIFIED|UNSPECIFIED|UNSPECIFIED,AUTO_MAPPED_TO_EXISTING_CNMC
CNMC-GN-GEN-000001,BHEL,CU2855275016,GENERAL_MATERIALS,GENERAL_MATERIAL,GENERAL_MATERIAL,CBL PVC 250V 16/0.14MM² 1.5A | M,CBL PVC 250V 16/0.14MM² 1.5A M,STANDARD,UNSPECIFIED,UNSPECIFIED,UNSPECIFIED,UNSPECIFIED,UNSPECIFIED,UNSPECIFIED,GN|GEN|STANDARD|UNSPECIFIED|UNSPECIFIED|UNSPECIFIED|UNSPECIFIED|UNSPECIFIED|UNSPECIFIED,AUTO_MAPPED_TO_EXISTING_CNMC
CNMC-GN-GEN-000001,BHEL,DV0688160433,GENERAL_MATERIALS,GENERAL_MATERIAL,GENERAL_MATERIAL,CRIMP TERMINAL FEMALE 16 AWG AU | CRIMP TERMINAL FEMALE 16 AWG AU,CRIMP TERMINAL FEMALE 16 AWG AU CRIMP TERMINAL FEMALE 16 AWG AU,STANDARD,UNSPECIFIED,UNSPECIFIED,UNSPECIFIED,UNSPECIFIED,UNSPECIFIED,UNSPECIFIED,GN|GEN|STANDARD|UNSPECIFIED|UNSPECIFIED|UNSPECIFIED|UNSPECIFIED|UNSPECIFIED|UNSPECIFIED,AUTO_MAPPED_TO_EXISTING_CNMC
CNMC-GN-GEN-000001,BHEL,DV0688170935,GENERAL_MATERIALS,GENERAL_MATERIAL,GENERAL_MATERIAL,"TRANSDUCER SHUNT 250V/50MA 12/24VDC | VOLTAGE TRANSDUCER 250V/50mA (nominal), | +,- 12/24VDC SUPPLY VOLTAGE.",TRANSDUCER SHUNT 250V/50MA 12/24VDC VOLTAGE TRANSDUCER 250V/50MA NOMINAL + - 12/24VDC SUPPLY VOLTAGE.,STANDARD,UNSPECIFIED,UNSPECIFIED,UNSPECIFIED,UNSPECIFIED,UNSPECIFIED,UNSPECIFIED,GN|GEN|STANDARD|UNSPECIFIED|UNSPECIFIED|UNSPECIFIED|UNSPECIFIED|UNSPECIFIED|UNSPECIFIED,AUTO_MAPPED_TO_EXISTING_CNMC
CNMC-GN-GEN-000001,BHEL,DV0688170943,GENERAL_MATERIALS,GENERAL_MATERIAL,GENERAL_MATERIAL,"TRANSDUCER SHUNT 750V/50MA 12/24VDC | VOLTAGE TRANSDUCER 750V/50mA (nominal), | +,- 12/24VDC  SUPPLY VOLTAGE.",TRANSDUCER SHUNT 750V/50MA 12/24VDC VOLTAGE TRANSDUCER 750V/50MA NOMINAL + - 12/24VDC SUPPLY VOLTAGE.,STANDARD,UNSPECIFIED,UNSPECIFIED,UNSPECIFIED,UNSPECIFIED,UNSPECIFIED,UNSPECIFIED,GN|GEN|STANDARD|UNSPECIFIED|UNSPECIFIED|UNSPECIFIED|UNSPECIFIED|UNSPECIFIED|UNSPECIFIED,AUTO_MAPPED_TO_EXISTING_CNMC
CNMC-GN-GEN-000001,BHEL,DV0688170960,GENERAL_MATERIALS,GENERAL_MATERIAL,GENERAL_MATERIAL,TRANSDUCER SHUNT 2800V/50MA | VOLTAGE TRANSDUCER | 2800V/50mA (nominal).,TRANSDUCER SHUNT 2800V/50MA VOLTAGE TRANSDUCER 2800V/50MA NOMINAL .,STANDARD,UNSPECIFIED,UNSPECIFIED,UNSPECIFIED,UNSPECIFIED,UNSPECIFIED,UNSPECIFIED,GN|GEN|STANDARD|UNSPECIFIED|UNSPECIFIED|UNSPECIFIED|UNSPECIFIED|UNSPECIFIED|UNSPECIFIED,AUTO_MAPPED_TO_EXISTING_CNMC
CNMC-GN-GEN-000001,BHEL,DV0688170994,GENERAL_MATERIALS,GENERAL_MATERIAL,GENERAL_MATERIAL,"TRANSDUCER SHUNT 300A/150MA | CURRENT TRANSDUCER 300A/150mA (nominal),",TRANSDUCER SHUNT 300A/150MA CURRENT TRANSDUCER 300A/150MA NOMINAL,STANDARD,UNSPECIFIED,UNSPECIFIED,UNSPECIFIED,UNSPECIFIED,UNSPECIFIED,UNSPECIFIED,GN|GEN|STANDARD|UNSPECIFIED|UNSPECIFIED|UNSPECIFIED|UNSPECIFIED|UNSPECIFIED|UNSPECIFIED,AUTO_MAPPED_TO_EXISTING_CNMC
CNMC-GN-GEN-000001,BHEL,DV0688171001,GENERAL_MATERIALS,GENERAL_MATERIAL,GENERAL_MATERIAL,"TRANSDUCER SHUNT 400A/80MA | CURRENT TRANSDUCER 400A/80mA (nominal), | +/-15VDC SUPPLY VOLTAGE.",TRANSDUCER SHUNT 400A/80MA CURRENT TRANSDUCER 400A/80MA NOMINAL +/-15VDC SUPPLY VOLTAGE.,STANDARD,UNSPECIFIED,UNSPECIFIED,UNSPECIFIED,UNSPECIFIED,UNSPECIFIED,UNSPECIFIED,GN|GEN|STANDARD|UNSPECIFIED|UNSPECIFIED|UNSPECIFIED|UNSPECIFIED|UNSPECIFIED|UNSPECIFIED,AUTO_MAPPED_TO_EXISTING_CNMC
CNMC-GN-GEN-000001,BHEL,DV0688171869,GENERAL_MATERIALS,GENERAL_MATERIAL,GENERAL_MATERIAL,THERMAL COMPOUND | Silicone Thermal Interface compound. | Package size: 1Kg container. | To be supplied in OEM packing only,THERMAL COMPOUND SILICONE THERMAL INTERFACE COMPOUND. PACKAGE SIZE: 1KG CONTAINER. TO BE SUPPLIED IN ONLY,STANDARD,UNSPECIFIED,UNSPECIFIED,UNSPECIFIED,UNSPECIFIED,UNSPECIFIED,UNSPECIFIED,GN|GEN|STANDARD|UNSPECIFIED|UNSPECIFIED|UNSPECIFIED|UNSPECIFIED|UNSPECIFIED|UNSPECIFIED,AUTO_MAPPED_TO_EXISTING_CNMC
CNMC-GN-GEN-000001,BHEL,DV0688172741,GENERAL_MATERIALS,GENERAL_MATERIAL,GENERAL_MATERIAL,Current Transducer 1:4000 | LEM Current Transducer | 1000A:250mA,CURRENT TRANSDUCER 1:4000 LEM CURRENT TRANSDUCER 1000A:250MA,STANDARD,UNSPECIFIED,UNSPECIFIED,UNSPECIFIED,UNSPECIFIED,UNSPECIFIED,UNSPECIFIED,GN|GEN|STANDARD|UNSPECIFIED|UNSPECIFIED|UNSPECIFIED|UNSPECIFIED|UNSPECIFIED|UNSPECIFIED,AUTO_MAPPED_TO_EXISTING_CNMC
CNMC-GN-GEN-000001,BHEL,DV0688181937,GENERAL_MATERIALS,GENERAL_MATERIAL,GENERAL_MATERIAL,CRIMP PIN MINI-FIT JR. AWG 18-24 AU | CRIMP PIN FOR MINI-FIT JR. AWG 18-24 AU,CRIMP PIN MINI-FIT JR. AWG 18-24 AU CRIMP PIN FOR MINI-FIT JR. AWG 18-24 AU,STANDARD,UNSPECIFIED,UNSPECIFIED,UNSPECIFIED,UNSPECIFIED,UNSPECIFIED,UNSPECIFIED,GN|GEN|STANDARD|UNSPECIFIED|UNSPECIFIED|UNSPECIFIED|UNSPECIFIED|UNSPECIFIED|UNSPECIFIED,AUTO_MAPPED_TO_EXISTING_CNMC
CNMC-GN-GEN-000001,BHEL,DV0692227580,GENERAL_MATERIALS,GENERAL_MATERIAL,GENERAL_MATERIAL,OP_FIB:RECEIVER-QFBR-2478A-820nm | OP_FIB:RECEIVER | QFBR-2478 | QFBR 2478    820nm | DRG:3BHC380001R0001,OP_FIB:RECEIVER-QFBR-2478A-820NM OP_FIB:RECEIVER QFBR-2478 QFBR 2478 820NM,STANDARD,UNSPECIFIED,UNSPECIFIED,UNSPECIFIED,UNSPECIFIED,UNSPECIFIED,UNSPECIFIED,GN|GEN|STANDARD|UNSPECIFIED|UNSPECIFIED|UNSPECIFIED|UNSPECIFIED|UNSPECIFIED|UNSPECIFIED,AUTO_MAPPED_TO_EXISTING_CNMC
CNMC-GN-GEN-000001,BHEL,DV0692300970,GENERAL_MATERIALS,GENERAL_MATERIAL,GENERAL_MATERIAL,COMPONENT JACK | ROHS DEVICE WITH BACKWARD COMPATIBILITY,COMPONENT JACK,STANDARD,UNSPECIFIED,UNSPECIFIED,UNSPECIFIED,UNSPECIFIED,UNSPECIFIED,UNSPECIFIED,GN|GEN|STANDARD|UNSPECIFIED|UNSPECIFIED|UNSPECIFIED|UNSPECIFIED|UNSPECIFIED|UNSPECIFIED,AUTO_MAPPED_TO_EXISTING_CNMC
CNMC-GN-GEN-000001,BHEL,DV0692302859,GENERAL_MATERIALS,GENERAL_MATERIAL,GENERAL_MATERIAL,POLYFUSE 0.30 AMP SMDPKG | MAX PART: 81470 | TO BE SUPPLIED IN OEM TAPE AND REEL ONLY. | DATE CODE OF THE ITEMS SUPPLIED SHALL BE | LESS THAN OR EQUAL TO 24 MONTHS FROM THE | INVOICE DATE. PRIOR APPROVAL TO BE TAKEN | BY VENDOR IN CASE OF ANY DEVIATION FROM | THIS CLAUSE. | VALMET PART: 081470 / 082332.,POLYFUSE 0.30 AMP SMDPKG MAX PART: 81470 TO BE SUPPLIED IN,STANDARD,UNSPECIFIED,UNSPECIFIED,UNSPECIFIED,UNSPECIFIED,UNSPECIFIED,UNSPECIFIED,GN|GEN|STANDARD|UNSPECIFIED|UNSPECIFIED|UNSPECIFIED|UNSPECIFIED|UNSPECIFIED|UNSPECIFIED,AUTO_MAPPED_TO_EXISTING_CNMC
CNMC-GN-GEN-000001,BHEL,DV0692303499,GENERAL_MATERIALS,GENERAL_MATERIAL,GENERAL_MATERIAL,MINI JUMP SHUNTS 5.08MM | MINI JUMP SHUNTS 65771-005,MINI JUMP SHUNTS 5.08MM MINI JUMP SHUNTS 65771-005,STANDARD,UNSPECIFIED,UNSPECIFIED,UNSPECIFIED,UNSPECIFIED,UNSPECIFIED,UNSPECIFIED,GN|GEN|STANDARD|UNSPECIFIED|UNSPECIFIED|UNSPECIFIED|UNSPECIFIED|UNSPECIFIED|UNSPECIFIED,AUTO_MAPPED_TO_EXISTING_CNMC
CNMC-GN-GEN-000001,BHEL,DV0692303529,GENERAL_MATERIALS,GENERAL_MATERIAL,GENERAL_MATERIAL,POST RECT. .025 SQ. | MAXPART:89423 | DATE CODE CLAUSE :----- DATE CODE OF THE | ITEMS SUPPLIED SHALL  BE  LESS  THAN  OR | EQUAL TO 24 MONTHS  FROM  THE  PO  DATE.,POST RECT. .025 SQ. MAXPART:89423,STANDARD,UNSPECIFIED,UNSPECIFIED,UNSPECIFIED,UNSPECIFIED,UNSPECIFIED,UNSPECIFIED,GN|GEN|STANDARD|UNSPECIFIED|UNSPECIFIED|UNSPECIFIED|UNSPECIFIED|UNSPECIFIED|UNSPECIFIED,AUTO_MAPPED_TO_EXISTING_CNMC
CNMC-GN-GEN-000001,BHEL,DV0692304550,GENERAL_MATERIALS,GENERAL_MATERIAL,GENERAL_MATERIAL,MINI JUMP SHUNTS 2.54MM | ROHS DEVICE WITH BACKWARD COMPATIBILITY,MINI JUMP SHUNTS 2.54MM,STANDARD,UNSPECIFIED,UNSPECIFIED,UNSPECIFIED,UNSPECIFIED,UNSPECIFIED,UNSPECIFIED,GN|GEN|STANDARD|UNSPECIFIED|UNSPECIFIED|UNSPECIFIED|UNSPECIFIED|UNSPECIFIED|UNSPECIFIED,AUTO_MAPPED_TO_EXISTING_CNMC
CNMC-GN-GEN-000001,BHEL,DV0692308393,GENERAL_MATERIALS,GENERAL_MATERIAL,GENERAL_MATERIAL,KEY SLOT LOCKING SUPPORT POST 1/4 DIA | KEY SLOT LOCKING SUPPORT POST 1/4 DIA | TYPE: KSLSP1-4-01 MAXPART:050254,KEY SLOT LOCKING SUPPORT POST 1/4 DIA KEY SLOT LOCKING SUPPORT POST 1/4 DIA MAXPART:050254,STANDARD,UNSPECIFIED,UNSPECIFIED,UNSPECIFIED,UNSPECIFIED,UNSPECIFIED,UNSPECIFIED,GN|GEN|STANDARD|UNSPECIFIED|UNSPECIFIED|UNSPECIFIED|UNSPECIFIED|UNSPECIFIED|UNSPECIFIED,AUTO_MAPPED_TO_EXISTING_CNMC
CNMC-GN-GEN-000001,BHEL,DV0692309845,GENERAL_MATERIALS,GENERAL_MATERIAL,GENERAL_MATERIAL,SIDE ELEMENT TYPE: UM 108-SEFE/L,SIDE ELEMENT 108-SEFE/L,STANDARD,UNSPECIFIED,UNSPECIFIED,UNSPECIFIED,UNSPECIFIED,UNSPECIFIED,UNSPECIFIED,GN|GEN|STANDARD|UNSPECIFIED|UNSPECIFIED|UNSPECIFIED|UNSPECIFIED|UNSPECIFIED|UNSPECIFIED,AUTO_MAPPED_TO_EXISTING_CNMC
CNMC-GN-GEN-000001,BHEL,DV0692309853,GENERAL_MATERIALS,GENERAL_MATERIAL,GENERAL_MATERIAL,SIDE ELEMENT TYPE: UM 108-SEFE/R,SIDE ELEMENT 108-SEFE/R,STANDARD,UNSPECIFIED,UNSPECIFIED,UNSPECIFIED,UNSPECIFIED,UNSPECIFIED,UNSPECIFIED,GN|GEN|STANDARD|UNSPECIFIED|UNSPECIFIED|UNSPECIFIED|UNSPECIFIED|UNSPECIFIED|UNSPECIFIED,AUTO_MAPPED_TO_EXISTING_CNMC
CNMC-GN-GEN-000001,BHEL,DV0692331352,GENERAL_MATERIALS,GENERAL_MATERIAL,GENERAL_MATERIAL,"COMPONENT JACK, REUSABLE | ROHS DEVICE WITH BACKWARD COMPATIBILITY.",COMPONENT JACK REUSABLE,STANDARD,UNSPECIFIED,UNSPECIFIED,UNSPECIFIED,UNSPECIFIED,UNSPECIFIED,UNSPECIFIED,GN|GEN|STANDARD|UNSPECIFIED|UNSPECIFIED|UNSPECIFIED|UNSPECIFIED|UNSPECIFIED|UNSPECIFIED,AUTO_MAPPED_TO_EXISTING_CNMC
CNMC-GN-GEN-000001,BHEL,DV0692331620,GENERAL_MATERIALS,GENERAL_MATERIAL,GENERAL_MATERIAL,TEST POINTLOOP TP-102-01-T | ROHS DEVICE WITH BACKWARD COMPATIBILITY.,TEST POINTLOOP TP-102-01-T,STANDARD,UNSPECIFIED,UNSPECIFIED,UNSPECIFIED,UNSPECIFIED,UNSPECIFIED,UNSPECIFIED,GN|GEN|STANDARD|UNSPECIFIED|UNSPECIFIED|UNSPECIFIED|UNSPECIFIED|UNSPECIFIED|UNSPECIFIED,AUTO_MAPPED_TO_EXISTING_CNMC
CNMC-GN-GEN-000001,BHEL,DV0692331867,GENERAL_MATERIALS,GENERAL_MATERIAL,GENERAL_MATERIAL,THERMAL COMPOUND THERMALCOTE 250G | MA PART NO: 075297 | DATE CODE OF THE ITEM SUPPLIED TO BE LESS ONE | YEAR. BHEL'S WRITTEN | APPROVAL | IS | REQUIRED | IN | CASE | OF | ANY | DEVIATION FROM THIS.,THERMAL COMPOUND THERMALCOTE 250G MA PART NO: 075297,STANDARD,UNSPECIFIED,UNSPECIFIED,UNSPECIFIED,UNSPECIFIED,UNSPECIFIED,UNSPECIFIED,GN|GEN|STANDARD|UNSPECIFIED|UNSPECIFIED|UNSPECIFIED|UNSPECIFIED|UNSPECIFIED|UNSPECIFIED,AUTO_MAPPED_TO_EXISTING_CNMC
CNMC-GN-GEN-000001,BHEL,DV0692332391,GENERAL_MATERIALS,GENERAL_MATERIAL,GENERAL_MATERIAL,AC/DC CONVERTOR 50W 230V AC/48V DC 1.1A | AC to DC convertor | 1A 48V DC,AC/DC CONVERTOR 50W 230V AC/48V DC 1.1A AC TO DC CONVERTOR 1A 48V DC,STANDARD,UNSPECIFIED,UNSPECIFIED,UNSPECIFIED,UNSPECIFIED,UNSPECIFIED,UNSPECIFIED,GN|GEN|STANDARD|UNSPECIFIED|UNSPECIFIED|UNSPECIFIED|UNSPECIFIED|UNSPECIFIED|UNSPECIFIED,AUTO_MAPPED_TO_EXISTING_CNMC
CNMC-GN-GEN-000001,BHEL,DV0692334211,GENERAL_MATERIALS,GENERAL_MATERIAL,GENERAL_MATERIAL,"TRANSZORB 40V 600W SMBJ40CA DO214 | ""DATE CODE TO BE LESS THAN 24 MONTHS | FROM INVOICE DATE.",TRANSZORB 40V 600W SMBJ40CA DO214,STANDARD,UNSPECIFIED,UNSPECIFIED,UNSPECIFIED,UNSPECIFIED,UNSPECIFIED,UNSPECIFIED,GN|GEN|STANDARD|UNSPECIFIED|UNSPECIFIED|UNSPECIFIED|UNSPECIFIED|UNSPECIFIED|UNSPECIFIED,AUTO_MAPPED_TO_EXISTING_CNMC
CNMC-GN-GEN-000001,BHEL,DV0692352450,GENERAL_MATERIALS,GENERAL_MATERIAL,GENERAL_MATERIAL,CONFORMAL COATING COMPOUND 1A33 QUART | HUMISEAL 1A33 POLYURETHANE COATING QUART | PAIL | metsoDNA-CR DOC ref: DC103198 | DATE CODE OF THE ITEM TO BE LESS | THAN 6 MONTHS OF THE INVOICE DATE.,CONFORMAL COATING COMPOUND 1A33 QUART HUMISEAL 1A33 POLYURETHANE COATING QUART PAIL METSODNA-CR DOC,STANDARD,UNSPECIFIED,UNSPECIFIED,UNSPECIFIED,UNSPECIFIED,UNSPECIFIED,UNSPECIFIED,GN|GEN|STANDARD|UNSPECIFIED|UNSPECIFIED|UNSPECIFIED|UNSPECIFIED|UNSPECIFIED|UNSPECIFIED,AUTO_MAPPED_TO_EXISTING_CNMC
CNMC-GN-GEN-000001,BHEL,DV0692355863,GENERAL_MATERIALS,GENERAL_MATERIAL,GENERAL_MATERIAL,CPU BOARD EBC500-BH | EBC500-BH    (P/N: 10E00050007X3) | RoHS Compliant,CPU BOARD EBC500-BH EBC500-BH P/N: 10E00050007X3 ROHS COMPLIANT,STANDARD,UNSPECIFIED,UNSPECIFIED,UNSPECIFIED,UNSPECIFIED,UNSPECIFIED,UNSPECIFIED,GN|GEN|STANDARD|UNSPECIFIED|UNSPECIFIED|UNSPECIFIED|UNSPECIFIED|UNSPECIFIED|UNSPECIFIED,AUTO_MAPPED_TO_EXISTING_CNMC
CNMC-GN-GEN-000001,BHEL,DV0692357467,GENERAL_MATERIALS,GENERAL_MATERIAL,GENERAL_MATERIAL,MEM MDL 1GB DDDR2 DIMM 6400-6 128x8 SA G | ADDITIONAL | REQUIREMENT | FOR | MANUFACTURER#S PART NO: IS AS FOLLOWS | 78.01GAR.405; DDR2 DIMM 6400-6 128x8 1GB SA G | ROHS DEVICE WITH BACKWARD COMPATIBILITY. | ITEM TO BE SUPPLIED IN OEM PACKING ONLY.,MEM MDL 1GB DDDR2 DIMM 6400-6 128X8 SA G ADDITIONAL REQUIREMENT FOR MANUFACTURER S PART NO: IS AS FOLLOWS 78.01GAR.405 DDR2 DIMM 6400-6 128X8 1GB SA G,STANDARD,UNSPECIFIED,UNSPECIFIED,UNSPECIFIED,UNSPECIFIED,UNSPECIFIED,UNSPECIFIED,GN|GEN|STANDARD|UNSPECIFIED|UNSPECIFIED|UNSPECIFIED|UNSPECIFIED|UNSPECIFIED|UNSPECIFIED,AUTO_MAPPED_TO_EXISTING_CNMC
CNMC-GN-GEN-000001,BHEL,DV0692358921,GENERAL_MATERIALS,GENERAL_MATERIAL,GENERAL_MATERIAL,"CONN HOUSING 51021-0200 | VALMET PART NO: 71051021,0 OEM PACKING ONLY.",CONN HOUSING 51021-0200 VALMET PART NO: 71051021 0 ONLY.,STANDARD,UNSPECIFIED,UNSPECIFIED,UNSPECIFIED,UNSPECIFIED,UNSPECIFIED,UNSPECIFIED,GN|GEN|STANDARD|UNSPECIFIED|UNSPECIFIED|UNSPECIFIED|UNSPECIFIED|UNSPECIFIED|UNSPECIFIED,AUTO_MAPPED_TO_EXISTING_CNMC
CNMC-GN-GEN-000001,BHEL,DV0692359486,GENERAL_MATERIALS,GENERAL_MATERIAL,GENERAL_MATERIAL,MBI2T Front & Back part | Valmet reference - 45452582 & 45452583. Both the parts to | be supplied as | a set.,MBI2T FRONT BACK PART VALMET - 45452582 45452583. BOTH THE PARTS TO BE SUPPLIED AS A SET.,STANDARD,UNSPECIFIED,UNSPECIFIED,UNSPECIFIED,UNSPECIFIED,UNSPECIFIED,UNSPECIFIED,GN|GEN|STANDARD|UNSPECIFIED|UNSPECIFIED|UNSPECIFIED|UNSPECIFIED|UNSPECIFIED|UNSPECIFIED,AUTO_MAPPED_TO_EXISTING_CNMC
CNMC-GN-GEN-000001,BHEL,DV0692360713,GENERAL_MATERIALS,GENERAL_MATERIAL,GENERAL_MATERIAL,CONN HIGH CURRENT TERM BLK UW 4-POT | ROHS DEVICE WITH BACKWARD COMPATIBILITY. | TO BE SUPPLIED IN OEM PACKING | ONLY. DATE CODE TO BE LESS THAN 2 YEARS FROM | INVOICE DATE. BHEL'S | WRITTEN APPROVAL IS REQUIRED IN CASE OF ANY | DEVIATION FROM THE ABOVE,CONN HIGH CURRENT TERM BLK UW 4-POT,STANDARD,UNSPECIFIED,UNSPECIFIED,UNSPECIFIED,UNSPECIFIED,UNSPECIFIED,UNSPECIFIED,GN|GEN|STANDARD|UNSPECIFIED|UNSPECIFIED|UNSPECIFIED|UNSPECIFIED|UNSPECIFIED|UNSPECIFIED,AUTO_MAPPED_TO_EXISTING_CNMC
CNMC-GN-GEN-000001,BHEL,DV0692361235,GENERAL_MATERIALS,GENERAL_MATERIAL,GENERAL_MATERIAL,QNX RUNTIME LICENSE(BCU) | QNX EMBEDDED RUNTIME Part # CS_ADV010718- | Industrial QNX Runtime for | Target System | The bidder should be an authorized distributor | of QNX RTOS software in India and should submit | a proof of the same along with the quotation,QNX RUNTIME LICENSE BCU QNX EMBEDDED RUNTIME PART CS_ADV010718- INDUSTRIAL QNX RUNTIME FOR TARGET SYSTEM,STANDARD,UNSPECIFIED,UNSPECIFIED,UNSPECIFIED,UNSPECIFIED,UNSPECIFIED,UNSPECIFIED,GN|GEN|STANDARD|UNSPECIFIED|UNSPECIFIED|UNSPECIFIED|UNSPECIFIED|UNSPECIFIED|UNSPECIFIED,AUTO_MAPPED_TO_EXISTING_CNMC
CNMC-GN-GEN-000001,BHEL,DV0692390940,GENERAL_MATERIALS,GENERAL_MATERIAL,GENERAL_MATERIAL,CONN USB TYPE A Receptacle,CONN USB RECEPTACLE,STANDARD,UNSPECIFIED,UNSPECIFIED,UNSPECIFIED,UNSPECIFIED,UNSPECIFIED,UNSPECIFIED,GN|GEN|STANDARD|UNSPECIFIED|UNSPECIFIED|UNSPECIFIED|UNSPECIFIED|UNSPECIFIED|UNSPECIFIED,AUTO_MAPPED_TO_EXISTING_CNMC
CNMC-GN-GEN-000001,BHEL,DV0692400379,GENERAL_MATERIALS,GENERAL_MATERIAL,GENERAL_MATERIAL,Female Conctr For Crimp contct type F48P,FEMALE CONCTR FOR CRIMP CONTCT,STANDARD,UNSPECIFIED,UNSPECIFIED,UNSPECIFIED,UNSPECIFIED,UNSPECIFIED,UNSPECIFIED,GN|GEN|STANDARD|UNSPECIFIED|UNSPECIFIED|UNSPECIFIED|UNSPECIFIED|UNSPECIFIED|UNSPECIFIED,AUTO_MAPPED_TO_EXISTING_CNMC
CNMC-GN-GEN-000001,BHEL,DV0692400395,GENERAL_MATERIALS,GENERAL_MATERIAL,GENERAL_MATERIAL,Shell Housing B Type F,SHELL HOUSING B,STANDARD,UNSPECIFIED,UNSPECIFIED,UNSPECIFIED,UNSPECIFIED,UNSPECIFIED,UNSPECIFIED,GN|GEN|STANDARD|UNSPECIFIED|UNSPECIFIED|UNSPECIFIED|UNSPECIFIED|UNSPECIFIED|UNSPECIFIED,AUTO_MAPPED_TO_EXISTING_CNMC
CNMC-GN-GEN-000001,BHEL,DV0692400409,GENERAL_MATERIALS,GENERAL_MATERIAL,GENERAL_MATERIAL,Shroud coding type F,SHROUD CODING,STANDARD,UNSPECIFIED,UNSPECIFIED,UNSPECIFIED,UNSPECIFIED,UNSPECIFIED,UNSPECIFIED,GN|GEN|STANDARD|UNSPECIFIED|UNSPECIFIED|UNSPECIFIED|UNSPECIFIED|UNSPECIFIED|UNSPECIFIED,AUTO_MAPPED_TO_EXISTING_CNMC
CNMC-GN-GEN-000001,BHEL,DV0692400417,GENERAL_MATERIALS,GENERAL_MATERIAL,GENERAL_MATERIAL,Locking lever Right,LOCKING LEVER RIGHT,STANDARD,UNSPECIFIED,UNSPECIFIED,UNSPECIFIED,UNSPECIFIED,UNSPECIFIED,UNSPECIFIED,GN|GEN|STANDARD|UNSPECIFIED|UNSPECIFIED|UNSPECIFIED|UNSPECIFIED|UNSPECIFIED|UNSPECIFIED,AUTO_MAPPED_TO_EXISTING_CNMC
CNMC-GN-GEN-000001,BHEL,DV0692400425,GENERAL_MATERIALS,GENERAL_MATERIAL,GENERAL_MATERIAL,Locking lever Left,LOCKING LEVER LEFT,STANDARD,UNSPECIFIED,UNSPECIFIED,UNSPECIFIED,UNSPECIFIED,UNSPECIFIED,UNSPECIFIED,GN|GEN|STANDARD|UNSPECIFIED|UNSPECIFIED|UNSPECIFIED|UNSPECIFIED|UNSPECIFIED|UNSPECIFIED,AUTO_MAPPED_TO_EXISTING_CNMC
CNMC-GN-GEN-000001,BHEL,DV0692400433,GENERAL_MATERIALS,GENERAL_MATERIAL,GENERAL_MATERIAL,"Crimp contacts TC3 0,5-1,5mm²",CRIMP CONTACTS TC3 0 5-1 5MM²,STANDARD,UNSPECIFIED,UNSPECIFIED,UNSPECIFIED,UNSPECIFIED,UNSPECIFIED,UNSPECIFIED,GN|GEN|STANDARD|UNSPECIFIED|UNSPECIFIED|UNSPECIFIED|UNSPECIFIED|UNSPECIFIED|UNSPECIFIED,AUTO_MAPPED_TO_EXISTING_CNMC
CNMC-GN-GEN-000001,BHEL,DV0692401610,GENERAL_MATERIALS,GENERAL_MATERIAL,GENERAL_MATERIAL,"STACKER 2MM 20X2, 9.1-10-9.1MM | STACKER 2MM 20X2, 9.1-10-9.1MM | OEM:SAMTEC P/N:TW-20-12-G-D-390-360",STACKER 2MM 20X2 9.1-10-9.1MM STACKER 2MM 20X2 9.1-10-9.1MM P/N:TW-20-12-G-D-390-360,STANDARD,UNSPECIFIED,UNSPECIFIED,UNSPECIFIED,UNSPECIFIED,UNSPECIFIED,UNSPECIFIED,GN|GEN|STANDARD|UNSPECIFIED|UNSPECIFIED|UNSPECIFIED|UNSPECIFIED|UNSPECIFIED|UNSPECIFIED,AUTO_MAPPED_TO_EXISTING_CNMC
CNMC-GN-GEN-000001,BHEL,DV0692404910,GENERAL_MATERIALS,GENERAL_MATERIAL,GENERAL_MATERIAL,HOOK UP INSULTN WIRES 600V AWG20,HOOK UP INSULTN WIRES 600V AWG20,STANDARD,UNSPECIFIED,UNSPECIFIED,UNSPECIFIED,UNSPECIFIED,UNSPECIFIED,UNSPECIFIED,GN|GEN|STANDARD|UNSPECIFIED|UNSPECIFIED|UNSPECIFIED|UNSPECIFIED|UNSPECIFIED|UNSPECIFIED,AUTO_MAPPED_TO_EXISTING_CNMC
CNMC-GN-GEN-000001,BHEL,DV0692411890,GENERAL_MATERIALS,GENERAL_MATERIAL,GENERAL_MATERIAL,MVB INTERFACE D113L-T-P4A | MVB MDFULL EMD INTERFACE,MVB INTERFACE D113L-T-P4A MVB MDFULL EMD INTERFACE,STANDARD,UNSPECIFIED,UNSPECIFIED,UNSPECIFIED,UNSPECIFIED,UNSPECIFIED,UNSPECIFIED,GN|GEN|STANDARD|UNSPECIFIED|UNSPECIFIED|UNSPECIFIED|UNSPECIFIED|UNSPECIFIED|UNSPECIFIED,AUTO_MAPPED_TO_EXISTING_CNMC
CNMC-GN-GEN-000001,BHEL,DV0692430016,GENERAL_MATERIALS,GENERAL_MATERIAL,GENERAL_MATERIAL,CONN RCPT 30 POS SOCKET SSW-115-02-F-D | OEM PACKAGING ONLY.,CONN RCPT 30 POS SOCKET SSW-115-02-F-D,STANDARD,UNSPECIFIED,UNSPECIFIED,UNSPECIFIED,UNSPECIFIED,UNSPECIFIED,UNSPECIFIED,GN|GEN|STANDARD|UNSPECIFIED|UNSPECIFIED|UNSPECIFIED|UNSPECIFIED|UNSPECIFIED|UNSPECIFIED,AUTO_MAPPED_TO_EXISTING_CNMC
CNMC-GN-GEN-000001,BHEL,DV0692431745,GENERAL_MATERIALS,GENERAL_MATERIAL,GENERAL_MATERIAL,"Ultra-Small, Hex Voltage, Microprocessor | OEM- MAXIM OEM PACKAGING ONLY. DATE CODE | TO BE LESS THAN 24 MONTHS FROM | INVOICE | DATE.BHEL'S | WRITTEN | APPROVAL | IS | REQUIRED IN CASE OF ANY | DEVIATION FROM THE ABOVE. LOOSE PACKET AND | BOXES NOT ACCEPTABLE.",ULTRA-SMALL HEX VOLTAGE MICROPROCESSOR MAXIM,STANDARD,UNSPECIFIED,UNSPECIFIED,UNSPECIFIED,UNSPECIFIED,UNSPECIFIED,UNSPECIFIED,GN|GEN|STANDARD|UNSPECIFIED|UNSPECIFIED|UNSPECIFIED|UNSPECIFIED|UNSPECIFIED|UNSPECIFIED,AUTO_MAPPED_TO_EXISTING_CNMC
CNMC-GN-GEN-000001,BHEL,DV0692451919,GENERAL_MATERIALS,GENERAL_MATERIAL,GENERAL_MATERIAL,LCD GRAPHIC DISP MDL 128 X 64 | LCD GRAPHIC DISP MDL 128 X 64 | COC TO BE PROVIDED AS PER DOCUMENT | INDICATED IN THE ENQUIRY OEM PACKING | ONLY. DATE CODE TO BE LESS THAN 24 | MONTHS FROM INVOICE DATE. BHEL's WRITTEN | APPROVAL IS REQUIRED IN CASE OF ANY | DEVIATION FROM THE ABOVE,LCD GRAPHIC DISP MDL 128 X 64 LCD GRAPHIC DISP MDL 128 X 64 COC TO BE PROVIDED AS PER DOCUMENT INDICATED IN THE ENQUIRY ONLY.,STANDARD,UNSPECIFIED,UNSPECIFIED,UNSPECIFIED,UNSPECIFIED,UNSPECIFIED,UNSPECIFIED,GN|GEN|STANDARD|UNSPECIFIED|UNSPECIFIED|UNSPECIFIED|UNSPECIFIED|UNSPECIFIED|UNSPECIFIED,AUTO_MAPPED_TO_EXISTING_CNMC
CNMC-GN-GEN-000001,BHEL,ED7469125779,GENERAL_MATERIALS,GENERAL_MATERIAL,GENERAL_MATERIAL,SIDE ELEMENT RIGHTUM 72-SEFE/R | SIDE ELEMENT RIGHT | UM 72-SEFE/R,SIDE ELEMENT RIGHTUM 72-SEFE/R SIDE ELEMENT RIGHT UM 72-SEFE/R,STANDARD,UNSPECIFIED,UNSPECIFIED,UNSPECIFIED,UNSPECIFIED,UNSPECIFIED,UNSPECIFIED,GN|GEN|STANDARD|UNSPECIFIED|UNSPECIFIED|UNSPECIFIED|UNSPECIFIED|UNSPECIFIED|UNSPECIFIED,AUTO_MAPPED_TO_EXISTING_CNMC
CNMC-GN-GEN-000001,BHEL,ED7469125787,GENERAL_MATERIALS,GENERAL_MATERIAL,GENERAL_MATERIAL,SIDE ELEMENT LEFTUM 72-SEFE/L | SIDE ELEMENT LEFT | UM 72-SEFE/L,SIDE ELEMENT LEFTUM 72-SEFE/L SIDE ELEMENT LEFT UM 72-SEFE/L,STANDARD,UNSPECIFIED,UNSPECIFIED,UNSPECIFIED,UNSPECIFIED,UNSPECIFIED,UNSPECIFIED,GN|GEN|STANDARD|UNSPECIFIED|UNSPECIFIED|UNSPECIFIED|UNSPECIFIED|UNSPECIFIED|UNSPECIFIED,AUTO_MAPPED_TO_EXISTING_CNMC
CNMC-GN-GEN-000001,BHEL,ISH2424A-H-TR,GENERAL_MATERIALS,GENERAL_MATERIAL,GENERAL_MATERIAL,- XP POWER LIMITED,- XP POWER LIMITED,STANDARD,UNSPECIFIED,UNSPECIFIED,UNSPECIFIED,UNSPECIFIED,UNSPECIFIED,UNSPECIFIED,GN|GEN|STANDARD|UNSPECIFIED|UNSPECIFIED|UNSPECIFIED|UNSPECIFIED|UNSPECIFIED|UNSPECIFIED,AUTO_MAPPED_TO_EXISTING_CNMC
CNMC-GN-GEN-000001,BHEL,LF33ABDT,GENERAL_MATERIALS,GENERAL_MATERIAL,GENERAL_MATERIAL,- SGS THOMSON MICROELECTRONICS,- SGS THOMSON MICROELECTRONICS,STANDARD,UNSPECIFIED,UNSPECIFIED,UNSPECIFIED,UNSPECIFIED,UNSPECIFIED,UNSPECIFIED,GN|GEN|STANDARD|UNSPECIFIED|UNSPECIFIED|UNSPECIFIED|UNSPECIFIED|UNSPECIFIED|UNSPECIFIED,AUTO_MAPPED_TO_EXISTING_CNMC
CNMC-GN-GEN-000001,BHEL,PV14-10R-M,GENERAL_MATERIALS,GENERAL_MATERIAL,GENERAL_MATERIAL,"- PANDUIT SINGAPORE PTE LTD.,",- PANDUIT SINGAPORE PTE LTD.,STANDARD,UNSPECIFIED,UNSPECIFIED,UNSPECIFIED,UNSPECIFIED,UNSPECIFIED,UNSPECIFIED,GN|GEN|STANDARD|UNSPECIFIED|UNSPECIFIED|UNSPECIFIED|UNSPECIFIED|UNSPECIFIED|UNSPECIFIED,AUTO_MAPPED_TO_EXISTING_CNMC
CNMC-GN-GEN-000001,BHEL,SN74LS38N,GENERAL_MATERIALS,GENERAL_MATERIAL,GENERAL_MATERIAL,- TEXAS INSTRUMENTS,- TEXAS INSTRUMENTS,STANDARD,UNSPECIFIED,UNSPECIFIED,UNSPECIFIED,UNSPECIFIED,UNSPECIFIED,UNSPECIFIED,GN|GEN|STANDARD|UNSPECIFIED|UNSPECIFIED|UNSPECIFIED|UNSPECIFIED|UNSPECIFIED|UNSPECIFIED,AUTO_MAPPED_TO_EXISTING_CNMC
CNMC-GN-GEN-000001,BHEL,SN74LS393N,GENERAL_MATERIALS,GENERAL_MATERIAL,GENERAL_MATERIAL,- TEXAS INSTRUMENTS,- TEXAS INSTRUMENTS,STANDARD,UNSPECIFIED,UNSPECIFIED,UNSPECIFIED,UNSPECIFIED,UNSPECIFIED,UNSPECIFIED,GN|GEN|STANDARD|UNSPECIFIED|UNSPECIFIED|UNSPECIFIED|UNSPECIFIED|UNSPECIFIED|UNSPECIFIED,AUTO_MAPPED_TO_EXISTING_CNMC
CNMC-GN-GEN-000003,BHEL,DV0692302948,GENERAL_MATERIALS,GENERAL_MATERIAL,"GENERAL_MATERIAL, PKG SMD",POLYFUSE SMD 1.1A IH MAX 30V 40A 0.24 R | TO BE SUPPLIED IN OEM TAPE AND REEL PACKING | ONLY. | DATE CODE OF THE ITEMS SUPPLIED SHALL BE | LESS THAN OR EQUAL TO 24 MONTHS FROM THE | INVOICE DATE. PRIOR APPROVAL TO BE TAKEN | BY VENDOR IN CASE OF ANY DEVIATION FROM | THIS CLAUSE. | MA PART NO: 082382,POLYFUSE SMD 1.1A IH MAX 30V 40A 0.24 R TO BE SUPPLIED IN,STANDARD,UNSPECIFIED,UNSPECIFIED,UNSPECIFIED,SMD,UNSPECIFIED,UNSPECIFIED,GN|GEN|STANDARD|UNSPECIFIED|UNSPECIFIED|UNSPECIFIED|SMD|UNSPECIFIED|UNSPECIFIED,AUTO_MAPPED_TO_EXISTING_CNMC
CNMC-GN-GEN-000003,BHEL,DV0692320881,GENERAL_MATERIALS,GENERAL_MATERIAL,"GENERAL_MATERIAL, PKG SMD",OPTO COUPLER 6N137.S SMD,OPTO COUPLER 6N137.S SMD,STANDARD,UNSPECIFIED,UNSPECIFIED,UNSPECIFIED,SMD,UNSPECIFIED,UNSPECIFIED,GN|GEN|STANDARD|UNSPECIFIED|UNSPECIFIED|UNSPECIFIED|SMD|UNSPECIFIED|UNSPECIFIED,AUTO_MAPPED_TO_EXISTING_CNMC
CNMC-GN-GEN-000003,BHEL,DV0692404880,GENERAL_MATERIALS,GENERAL_MATERIAL,"GENERAL_MATERIAL, PKG SMD",OPTCPLR:HIGH INSULTN VOLT  SMD | OEM PACKAGING ONLY.,OPTCPLR:HIGH INSULTN VOLT SMD,STANDARD,UNSPECIFIED,UNSPECIFIED,UNSPECIFIED,SMD,UNSPECIFIED,UNSPECIFIED,GN|GEN|STANDARD|UNSPECIFIED|UNSPECIFIED|UNSPECIFIED|SMD|UNSPECIFIED|UNSPECIFIED,AUTO_MAPPED_TO_EXISTING_CNMC
CNMC-GN-GEN-000003,BHEL,DV0692411300,GENERAL_MATERIALS,GENERAL_MATERIAL,"GENERAL_MATERIAL, PKG SMD",CONN SOCKET STRIP 2MM 20X2 SMT,CONN SOCKET STRIP 2MM 20X2 SMD,STANDARD,UNSPECIFIED,UNSPECIFIED,UNSPECIFIED,SMD,UNSPECIFIED,UNSPECIFIED,GN|GEN|STANDARD|UNSPECIFIED|UNSPECIFIED|UNSPECIFIED|SMD|UNSPECIFIED|UNSPECIFIED,AUTO_MAPPED_TO_EXISTING_CNMC
CNMC-GN-GEN-000003,BHEL,DV0692431593,GENERAL_MATERIALS,GENERAL_MATERIAL,"GENERAL_MATERIAL, PKG SMD",Floating point DSP SHARC SMD,FLOATING POINT DSP SHARC SMD,STANDARD,UNSPECIFIED,UNSPECIFIED,UNSPECIFIED,SMD,UNSPECIFIED,UNSPECIFIED,GN|GEN|STANDARD|UNSPECIFIED|UNSPECIFIED|UNSPECIFIED|SMD|UNSPECIFIED|UNSPECIFIED,AUTO_MAPPED_TO_EXISTING_CNMC
CNMC-GN-GEN-000003,BHEL,MSGWI06-24D12,GENERAL_MATERIALS,GENERAL_MATERIAL,"GENERAL_MATERIAL, PKG SMD",SMD | Date-code and  decoding information of the date-code to | be made | available along with the item,SMD,STANDARD,UNSPECIFIED,UNSPECIFIED,UNSPECIFIED,SMD,UNSPECIFIED,UNSPECIFIED,GN|GEN|STANDARD|UNSPECIFIED|UNSPECIFIED|UNSPECIFIED|SMD|UNSPECIFIED|UNSPECIFIED,AUTO_MAPPED_TO_EXISTING_CNMC
CNMC-GN-GEN-000004,BHEL,DV0692343172,GENERAL_MATERIALS,GENERAL_MATERIAL,"GENERAL_MATERIAL, PKG STRAIGHT","CONN 2X3 STACKED PIN STRAIGHT SMD | CON 2X3 STACKED PINS STRAIGHT SMD | 1.27mm PITCH (with alignment pins) | MA PART NO: 71170011,0",CONN 2X3 STACKED PIN STRAIGHT SMD CON 2X3 STACKED PINS STRAIGHT SMD 1.27MM PITCH WITH ALIGNMENT PINS MA PART NO: 71170011 0,STANDARD,UNSPECIFIED,UNSPECIFIED,UNSPECIFIED,STRAIGHT,UNSPECIFIED,UNSPECIFIED,GN|GEN|STANDARD|UNSPECIFIED|UNSPECIFIED|UNSPECIFIED|STRAIGHT|UNSPECIFIED|UNSPECIFIED,AUTO_MAPPED_TO_EXISTING_CNMC
CNMC-GN-GEN-000004,BHEL,DV0692343180,GENERAL_MATERIALS,GENERAL_MATERIAL,"GENERAL_MATERIAL, PKG STRAIGHT","CONN 2X10 STACKED PIN STRAIGHT SMD | CON 2X10 STACKED PIN STRAIGHT SMD | 1.27mm (with alignment pins) | MA PART NO: 71170012,0",CONN 2X10 STACKED PIN STRAIGHT SMD CON 2X10 STACKED PIN STRAIGHT SMD 1.27MM WITH ALIGNMENT PINS MA PART NO: 71170012 0,STANDARD,UNSPECIFIED,UNSPECIFIED,UNSPECIFIED,STRAIGHT,UNSPECIFIED,UNSPECIFIED,GN|GEN|STANDARD|UNSPECIFIED|UNSPECIFIED|UNSPECIFIED|STRAIGHT|UNSPECIFIED|UNSPECIFIED,AUTO_MAPPED_TO_EXISTING_CNMC
CNMC-GN-GEN-000004,BHEL,DV0692400328,GENERAL_MATERIALS,GENERAL_MATERIAL,"GENERAL_MATERIAL, PKG STRAIGHT",Straight Power Contact Male 10A,STRAIGHT POWER CONTACT MALE 10A,STANDARD,UNSPECIFIED,UNSPECIFIED,UNSPECIFIED,STRAIGHT,UNSPECIFIED,UNSPECIFIED,GN|GEN|STANDARD|UNSPECIFIED|UNSPECIFIED|UNSPECIFIED|STRAIGHT|UNSPECIFIED|UNSPECIFIED,AUTO_MAPPED_TO_EXISTING_CNMC
CNMC-GN-GEN-000006,BHEL,DV0692400310,GENERAL_MATERIALS,GENERAL_MATERIAL,"GENERAL_MATERIAL, 16P",SEK18 FEMALE OPEN END  + SR 16P,SEK18 FEMALE OPEN END + SR 16P,STANDARD,UNSPECIFIED,UNSPECIFIED,UNSPECIFIED,UNSPECIFIED,16P,UNSPECIFIED,GN|GEN|STANDARD|UNSPECIFIED|UNSPECIFIED|UNSPECIFIED|UNSPECIFIED|16P|UNSPECIFIED,AUTO_MAPPED_TO_EXISTING_CNMC
CNMC-GN-GEN-000006,BHEL,DV0692410236,GENERAL_MATERIALS,GENERAL_MATERIAL,"GENERAL_MATERIAL, 16P",FLATCABLE  16 WAY | FLATCABLE  16 WAY | OEM:3M P/N:3365-16 | 3365-16  - 3M COMPANY ELECTRONICS,FLATCABLE 16 WAY FLATCABLE 16 WAY P/N:3365-16 3365-16 - 3M COMPANY ELECTRONICS,STANDARD,UNSPECIFIED,UNSPECIFIED,UNSPECIFIED,UNSPECIFIED,16P,UNSPECIFIED,GN|GEN|STANDARD|UNSPECIFIED|UNSPECIFIED|UNSPECIFIED|UNSPECIFIED|16P|UNSPECIFIED,AUTO_MAPPED_TO_EXISTING_CNMC
CNMC-GN-GEN-000007,BHEL,DV0692080879,GENERAL_MATERIALS,GENERAL_MATERIAL,"GENERAL_MATERIAL, PKG THROUGH_HOLE",ISOLATED DC DC CONVERTOR TH | INPUT RANGE 9 to 18V OUTPUT 15V THROUGH | HOLE,ISOLATED DC DC CONVERTOR THROUGH_HOLE INPUT RANGE 9 TO 18V OUTPUT 15V THROUGH HOLE,STANDARD,UNSPECIFIED,UNSPECIFIED,UNSPECIFIED,THROUGH_HOLE,UNSPECIFIED,UNSPECIFIED,GN|GEN|STANDARD|UNSPECIFIED|UNSPECIFIED|UNSPECIFIED|THROUGH_HOLE|UNSPECIFIED|UNSPECIFIED,AUTO_MAPPED_TO_EXISTING_CNMC
CNMC-GN-GEN-000007,BHEL,DV0692402209,GENERAL_MATERIALS,GENERAL_MATERIAL,"GENERAL_MATERIAL, PKG THROUGH_HOLE",SOCKET 5X2 2.54MM VERT M20-7830542 TH | SOCKET 5X2 2.54MM VERTICAL TH | OEM:HARWIN | P/N:M20-7830542,SOCKET 5X2 2.54MM VERT M20-7830542 THROUGH_HOLE SOCKET 5X2 2.54MM VERTICAL THROUGH_HOLE P/N:M20-7830542,STANDARD,UNSPECIFIED,UNSPECIFIED,UNSPECIFIED,THROUGH_HOLE,UNSPECIFIED,UNSPECIFIED,GN|GEN|STANDARD|UNSPECIFIED|UNSPECIFIED|UNSPECIFIED|THROUGH_HOLE|UNSPECIFIED|UNSPECIFIED,AUTO_MAPPED_TO_EXISTING_CNMC
CNMC-GN-GEN-000007,BHEL,DV0692404325,GENERAL_MATERIALS,GENERAL_MATERIAL,"GENERAL_MATERIAL, PKG THROUGH_HOLE","FIBER OPTIC 29UW GAALAS OPF372A TH | FIBER OPTIC 29UW GAALAS IN ST RECEPTACLE | OEM:OPTEK/TT ELECTRONICS | P/N:OPF372A | ""OEM PACKAGING ONLY.",FIBER OPTIC 29UW GAALAS OPF372A THROUGH_HOLE FIBER OPTIC 29UW GAALAS IN ST RECEPTACLE ELECTRONICS P/N:OPF372A,STANDARD,UNSPECIFIED,UNSPECIFIED,UNSPECIFIED,THROUGH_HOLE,UNSPECIFIED,UNSPECIFIED,GN|GEN|STANDARD|UNSPECIFIED|UNSPECIFIED|UNSPECIFIED|THROUGH_HOLE|UNSPECIFIED|UNSPECIFIED,AUTO_MAPPED_TO_EXISTING_CNMC
CNMC-GN-GEN-000007,BHEL,DV0692502841,GENERAL_MATERIALS,GENERAL_MATERIAL,"GENERAL_MATERIAL, PKG THROUGH_HOLE","CONN HDR VRTL 2X1 2.54mm THT | ""CONN HDR VRTL 2X1 2.54mm TH",CONN HDR VRTL 2X1 2.54MM THT CONN HDR VRTL 2X1 2.54MM THROUGH_HOLE,STANDARD,UNSPECIFIED,UNSPECIFIED,UNSPECIFIED,THROUGH_HOLE,UNSPECIFIED,UNSPECIFIED,GN|GEN|STANDARD|UNSPECIFIED|UNSPECIFIED|UNSPECIFIED|THROUGH_HOLE|UNSPECIFIED|UNSPECIFIED,AUTO_MAPPED_TO_EXISTING_CNMC
CNMC-GN-GEN-000007,BHEL,DV0692511325,GENERAL_MATERIALS,GENERAL_MATERIAL,"GENERAL_MATERIAL, PKG THROUGH_HOLE","CONN ETHERNET 10/100 RJ45 TH | ""OEM PACKAGING ONLY. DATE CODE TO BE LESS | THAN 24 MONTHS FROM INVOICE | DATE.BHEL'S WRITTEN APPROVAL IS REQUIRED IN | CASE OF ANY DEVIATION FROM | THE ABOVE."" Loose packets and boxes not acceptable",CONN ETHERNET 10/100 RJ45 THROUGH_HOLE,STANDARD,UNSPECIFIED,UNSPECIFIED,UNSPECIFIED,THROUGH_HOLE,UNSPECIFIED,UNSPECIFIED,GN|GEN|STANDARD|UNSPECIFIED|UNSPECIFIED|UNSPECIFIED|THROUGH_HOLE|UNSPECIFIED|UNSPECIFIED,AUTO_MAPPED_TO_EXISTING_CNMC
CNMC-GN-GEN-000009,BHEL,DV0692410201,GENERAL_MATERIALS,GENERAL_MATERIAL,"GENERAL_MATERIAL, 10P",FLATCABLE  10 WAY | FLATCABLE  10 WAY | OEM:3M P/N:3365-10 | 1 roll=100ft (30.5M) | 3365-10  - 3M COMPANY ELECTRONICS,FLATCABLE 10 WAY FLATCABLE 10 WAY P/N:3365-10 1 ROLL 100FT 30.5M 3365-10 - 3M COMPANY ELECTRONICS,STANDARD,UNSPECIFIED,UNSPECIFIED,UNSPECIFIED,UNSPECIFIED,10P,UNSPECIFIED,GN|GEN|STANDARD|UNSPECIFIED|UNSPECIFIED|UNSPECIFIED|UNSPECIFIED|10P|UNSPECIFIED,AUTO_MAPPED_TO_EXISTING_CNMC
CNMC-GN-GEN-000009,BHEL,DV0692410694,GENERAL_MATERIALS,GENERAL_MATERIAL,"GENERAL_MATERIAL, 10P",FLATCABLE CONNECTORS 10 WAY FEMALE | FLATCABLE CONNECTORS 10 WAY FEMALE | OEM:HARTING P/N:09185106813,FLATCABLE CONNECTORS 10 WAY FEMALE FLATCABLE CONNECTORS 10 WAY FEMALE P/N:09185106813,STANDARD,UNSPECIFIED,UNSPECIFIED,UNSPECIFIED,UNSPECIFIED,10P,UNSPECIFIED,GN|GEN|STANDARD|UNSPECIFIED|UNSPECIFIED|UNSPECIFIED|UNSPECIFIED|10P|UNSPECIFIED,AUTO_MAPPED_TO_EXISTING_CNMC
CNMC-GN-GEN-000010,BHEL,DV0692411160,GENERAL_MATERIALS,GENERAL_MATERIAL,"GENERAL_MATERIAL, 9P",CONN SUB-D 9P RA MALE 4-40UNC THR | CONN SUB-D 9P RA MALE 4-40UNC | THREAD GROUNDING BOARD LOCKS | OEM:HARTING P/N:9651626812,CONN SUB-D 9P RA MALE 4-40UNC THR CONN SUB-D 9P RA MALE 4-40UNC THREAD GROUNDING BOARD LOCKS P/N:9651626812,STANDARD,UNSPECIFIED,UNSPECIFIED,UNSPECIFIED,UNSPECIFIED,9P,UNSPECIFIED,GN|GEN|STANDARD|UNSPECIFIED|UNSPECIFIED|UNSPECIFIED|UNSPECIFIED|9P|UNSPECIFIED,AUTO_MAPPED_TO_EXISTING_CNMC
CNMC-GN-GEN-000010,BHEL,DV0692411178,GENERAL_MATERIALS,GENERAL_MATERIAL,"GENERAL_MATERIAL, 9P",CONN SUB-D 9P RA FEMALE 4-40UNC THR | CONN SUB-D 9P RA FEMALE 4-40UNC | THREAD GROUNDING BOARD LOCKS | OEM:HARTING P/N:9661526612,CONN SUB-D 9P RA FEMALE 4-40UNC THR CONN SUB-D 9P RA FEMALE 4-40UNC THREAD GROUNDING BOARD LOCKS P/N:9661526612,STANDARD,UNSPECIFIED,UNSPECIFIED,UNSPECIFIED,UNSPECIFIED,9P,UNSPECIFIED,GN|GEN|STANDARD|UNSPECIFIED|UNSPECIFIED|UNSPECIFIED|UNSPECIFIED|9P|UNSPECIFIED,AUTO_MAPPED_TO_EXISTING_CNMC
CNMC-IN-INST-000001,BHEL,DV0688160019,INSTRUMENTATION_AND_CONTROL,INSTRUMENTATION,INSTRUMENTATION,FEET FIXING KIT - LEM SENSOR | Feet Fixing kit for LEM sensor vertical mounting,FEET FIXING KIT - LEM SENSOR FEET FIXING KIT FOR LEM SENSOR VERTICAL MOUNTING,STANDARD,UNSPECIFIED,UNSPECIFIED,UNSPECIFIED,UNSPECIFIED,UNSPECIFIED,UNSPECIFIED,IN|INST|STANDARD|UNSPECIFIED|UNSPECIFIED|UNSPECIFIED|UNSPECIFIED|UNSPECIFIED|UNSPECIFIED,AUTO_MAPPED_TO_EXISTING_CNMC
CNMC-IN-INST-000001,BHEL,DV0688160027,INSTRUMENTATION_AND_CONTROL,INSTRUMENTATION,INSTRUMENTATION,CURRENT TRANSDUCER 1000A/250mA | Current Sensor 1000A | Primary Current Nominal : 1000A rms | Secondary Current : 250mA rms | Supply Voltage +/- 15V to +/- 24V | BHEL specification:  PS4062392 REV 00,CURRENT TRANSDUCER 1000A/250MA CURRENT SENSOR 1000A PRIMARY CURRENT NOMINAL : 1000A RMS SECONDARY CURRENT : 250MA RMS SUPPLY VOLTAGE +/- 15V TO +/- 24V BHEL SPECIFICATION: PS4062392 REV 00,STANDARD,UNSPECIFIED,UNSPECIFIED,UNSPECIFIED,UNSPECIFIED,UNSPECIFIED,UNSPECIFIED,IN|INST|STANDARD|UNSPECIFIED|UNSPECIFIED|UNSPECIFIED|UNSPECIFIED|UNSPECIFIED|UNSPECIFIED,AUTO_MAPPED_TO_EXISTING_CNMC
CNMC-IN-INST-000001,BHEL,DV0692227520,INSTRUMENTATION_AND_CONTROL,INSTRUMENTATION,INSTRUMENTATION,OP_FIB:TRANSMITTER-QFBR-1478A-820nm | QFBR 1478 A  820nm | DRG:3BHC380000R0001,OP_FIB:TRANSMITTER-QFBR-1478A-820NM QFBR 1478 A 820NM,STANDARD,UNSPECIFIED,UNSPECIFIED,UNSPECIFIED,UNSPECIFIED,UNSPECIFIED,UNSPECIFIED,IN|INST|STANDARD|UNSPECIFIED|UNSPECIFIED|UNSPECIFIED|UNSPECIFIED|UNSPECIFIED|UNSPECIFIED,AUTO_MAPPED_TO_EXISTING_CNMC
CNMC-MP-FILT-000001,BHEL,DV0692351060,MECHANICAL_AND_PIPING,FILTER,FILTER,"THERMAL COMPOUND GF3500S35 | MA PART NO: 83200055,0 | REMAINING SHELF LIFE OF THE ITEM SHOULD BE | MINIMUM 4 MONTHS | FROM INVOICE DATE. OEM PACKING ONLY. | MATERIAL TO BE SUPPLIED IN 50CC CARTRIDGE.",THERMAL COMPOUND GF3500S35 MA PART NO: 83200055 0 REMAINING SHELF LIFE OF THE ITEM SHOULD BE MINIMUM 4 MONTHS FROM INVOICE DATE. ONLY. MATERIAL TO BE SUPPLIED IN 50CC CARTRIDGE.,STANDARD,UNSPECIFIED,UNSPECIFIED,UNSPECIFIED,UNSPECIFIED,UNSPECIFIED,UNSPECIFIED,MP|FILT|STANDARD|UNSPECIFIED|UNSPECIFIED|UNSPECIFIED|UNSPECIFIED|UNSPECIFIED|UNSPECIFIED,AUTO_MAPPED_TO_EXISTING_CNMC
CNMC-MP-FILT-000001,BHEL,ED7470133941,MECHANICAL_AND_PIPING,FILTER,FILTER,MDL FILTER FN660-20/06 | MDL FILTER FN660-20/06 | ABB REFERENCE: HIER457910P1,MDL FILTER FN660-20/06 MDL FILTER FN660-20/06 ABB : HIER457910P1,STANDARD,UNSPECIFIED,UNSPECIFIED,UNSPECIFIED,UNSPECIFIED,UNSPECIFIED,UNSPECIFIED,MP|FILT|STANDARD|UNSPECIFIED|UNSPECIFIED|UNSPECIFIED|UNSPECIFIED|UNSPECIFIED|UNSPECIFIED,AUTO_MAPPED_TO_EXISTING_CNMC
