CNMC,CPSE,Legacy_Material_Code,Domain,Category,Standardized_National_Description,Original_Description,Normalized_Description,Sub_Type,Primary_Rating,Secondary_Rating,Tolerance,Package_Mounting,Pins_Poles,Voltage_Current,Canonical_Key,Mapping_Status
CNMC-EE-CONN-000001,BHEL,CN9068352105,ELECTRICAL_AND_ELECTRONICS,CONNECTOR,"CONNECTOR, EURO CONNECTOR, 32P, PKG STRAIGHT, MALE",CNCTR EURO MALE 32 POLE STRT | SLDR/FASTON | CNCTR MALE 32 POLE | TYPE :0906.032.2905,CONNECTOR EURO MALE 32 POLE STRAIGHT SLDR/FASTON CONNECTOR MALE 32 POLE,EURO_CONNECTOR,UNSPECIFIED,UNSPECIFIED,UNSPECIFIED,STRAIGHT,32P,UNSPECIFIED,EE|CONN|EURO_CONNECTOR|UNSPECIFIED|UNSPECIFIED|UNSPECIFIED|STRAIGHT|32P|MALE,AUTO_MAPPED_TO_EXISTING_CNMC
CNMC-EE-CONN-000002,BHEL,CN9068352164,ELECTRICAL_AND_ELECTRONICS,CONNECTOR,"CONNECTOR, EURO CONNECTOR, 32P, PKG RIGHT_ANGLED, MALE",CNCTR EURO MALE 32POLE RTAGL SLDR | Z32EXT | CNCTR MALE 32POLE | Z32 EXTENDED | PLANT STD:ED7469101,CONNECTOR EURO MALE 32POLE RIGHT_ANGLED SLDR Z32EXT CONNECTOR MALE 32POLE Z32 EXTENDED,EURO_CONNECTOR,UNSPECIFIED,UNSPECIFIED,UNSPECIFIED,RIGHT_ANGLED,32P,UNSPECIFIED,EE|CONN|EURO_CONNECTOR|UNSPECIFIED|UNSPECIFIED|UNSPECIFIED|RIGHT_ANGLED|32P|MALE,AUTO_MAPPED_TO_EXISTING_CNMC
CNMC-EE-CONN-000003,BHEL,CN9068353101,ELECTRICAL_AND_ELECTRONICS,CONNECTOR,"CONNECTOR, EURO CONNECTOR, 48P",CNCTR EURO SHELL 48 POLE CBL SIDE ENTRY | CABLE CONNECTOR FOR | ROUND CABLE | 0906.048.0501 | SIEMENS REF: 6XX3014,CONNECTOR EURO SHELL 48 POLE CBL SIDE ENTRY CABLE CONNECTOR FOR ROUND CABLE 0906.048.0501,EURO_CONNECTOR,UNSPECIFIED,UNSPECIFIED,UNSPECIFIED,UNSPECIFIED,48P,UNSPECIFIED,EE|CONN|EURO_CONNECTOR|UNSPECIFIED|UNSPECIFIED|UNSPECIFIED|UNSPECIFIED|48P|UNSPECIFIED,AUTO_MAPPED_TO_EXISTING_CNMC
CNMC-EE-CONN-000066,BHEL,CN9068362127,ELECTRICAL_AND_ELECTRONICS,CONNECTOR,"CONNECTOR, D SUB, 9P, PKG RIGHT_ANGLED, MALE","D-Sub Right Angled 9p Female connector | D-Sub connector Female 9 Pin Right angled w/o plastic | bracket, PCB | mountable",D-SUB RIGHT_ANGLED 9P FEMALE CONNECTOR D-SUB CONNECTOR FEMALE 9 PIN RIGHT_ANGLED W/O PLASTIC BRACKET PCB MOUNTABLE,D_SUB,UNSPECIFIED,UNSPECIFIED,UNSPECIFIED,RIGHT_ANGLED,9P,UNSPECIFIED,EE|CONN|D_SUB|UNSPECIFIED|UNSPECIFIED|UNSPECIFIED|RIGHT_ANGLED|9P|MALE,AUTO_MAPPED_TO_EXISTING_CNMC
CNMC-EE-CONN-000005,BHEL,CN9068363093,ELECTRICAL_AND_ELECTRONICS,CONNECTOR,"CONNECTOR, PIN HEADER, 10P",CNCTR 10PIN HEADER ASSY SHROUDED | CNCTR 10PIN 103165-1 | HEADER ASSY SHROUDED | 218A4807P11,CONNECTOR 10PIN HEADER ASSY SHROUDED CONNECTOR 10PIN 103165-1 HEADER ASSY SHROUDED 218A4807P11,PIN_HEADER,UNSPECIFIED,UNSPECIFIED,UNSPECIFIED,UNSPECIFIED,10P,UNSPECIFIED,EE|CONN|PIN_HEADER|UNSPECIFIED|UNSPECIFIED|UNSPECIFIED|UNSPECIFIED|10P|UNSPECIFIED,AUTO_MAPPED_TO_EXISTING_CNMC
CNMC-EE-CONN-000006,BHEL,CN9068363115,ELECTRICAL_AND_ELECTRONICS,CONNECTOR,"CONNECTOR, IDC, 40P",CNCTR IDC 40PIN TRANSITION PCB | CNCTR 40PIN FLT CBL | FCC-140-40,CONNECTOR IDC 40PIN TRANSITION PCB CONNECTOR 40PIN FLAT_CABLE FCC-140-40,IDC,UNSPECIFIED,UNSPECIFIED,UNSPECIFIED,UNSPECIFIED,40P,UNSPECIFIED,EE|CONN|IDC|UNSPECIFIED|UNSPECIFIED|UNSPECIFIED|UNSPECIFIED|40P|UNSPECIFIED,AUTO_MAPPED_TO_EXISTING_CNMC
CNMC-EE-CONN-000007,BHEL,CN9068363220,ELECTRICAL_AND_ELECTRONICS,CONNECTOR,"CONNECTOR, PIN HEADER, 20P",CNCTR 20 PIN HEADER | CNCTR | 20 PIN HEADER | 2-826544-0,CONNECTOR 20 PIN HEADER CONNECTOR 20 PIN HEADER 2-826544-0,PIN_HEADER,UNSPECIFIED,UNSPECIFIED,UNSPECIFIED,UNSPECIFIED,20P,UNSPECIFIED,EE|CONN|PIN_HEADER|UNSPECIFIED|UNSPECIFIED|UNSPECIFIED|UNSPECIFIED|20P|UNSPECIFIED,AUTO_MAPPED_TO_EXISTING_CNMC
CNMC-EE-CONN-000008,BHEL,CN9068366165,ELECTRICAL_AND_ELECTRONICS,CONNECTOR,"CONNECTOR, D SUB, 15P, PKG RIGHT_ANGLED, MALE",CNCTR DSUB FEML 15 PIN RTA SLDR | CNCTR FEMALE 15PIN | DA15S 528C | HET 400092 P24,CONNECTOR DSUB FEMALE 15 PIN RIGHT_ANGLED SLDR CONNECTOR FEMALE 15PIN DA15S 528C HET 400092 P24,D_SUB,UNSPECIFIED,UNSPECIFIED,UNSPECIFIED,RIGHT_ANGLED,15P,UNSPECIFIED,EE|CONN|D_SUB|UNSPECIFIED|UNSPECIFIED|UNSPECIFIED|RIGHT_ANGLED|15P|MALE,AUTO_MAPPED_TO_EXISTING_CNMC
CNMC-EE-CONN-000009,BHEL,CN9068378023,ELECTRICAL_AND_ELECTRONICS,CONNECTOR,"CONNECTOR, 46P, MALE",CNCTR FEMALE 46 PIN MAXI TERMI | 46 POLE FEMALE | CONNECTOR | -164307-2,CONNECTOR FEMALE 46 PIN MAXI TERMI 46 POLE FEMALE CONNECTOR -164307-2,STANDARD,UNSPECIFIED,UNSPECIFIED,UNSPECIFIED,UNSPECIFIED,46P,UNSPECIFIED,EE|CONN|STANDARD|UNSPECIFIED|UNSPECIFIED|UNSPECIFIED|UNSPECIFIED|46P|MALE,AUTO_MAPPED_TO_EXISTING_CNMC
CNMC-EE-CONN-000010,BHEL,CN9068379097,ELECTRICAL_AND_ELECTRONICS,CONNECTOR,"CONNECTOR, PIN HEADER, 6P, MALE",CNCTR PWR MALE 6 PIN HEADER RND PIN | CNCTR MALE 6 PIN | ROUND HEADER,CONNECTOR PWR MALE 6 PIN HEADER RND PIN CONNECTOR MALE 6 PIN ROUND HEADER,PIN_HEADER,UNSPECIFIED,UNSPECIFIED,UNSPECIFIED,UNSPECIFIED,6P,UNSPECIFIED,EE|CONN|PIN_HEADER|UNSPECIFIED|UNSPECIFIED|UNSPECIFIED|UNSPECIFIED|6P|MALE,AUTO_MAPPED_TO_EXISTING_CNMC
CNMC-EE-CONN-000011,BHEL,CN9068410059,ELECTRICAL_AND_ELECTRONICS,CONNECTOR,"CONNECTOR, TEST JACK, 2MM",TEST JACK DBL POLE 2MM | SOC TEST DBL POLE 1812-2235,TEST JACK DOUBLE POLE 2MM SOCKET TEST DOUBLE POLE 1812-2235,TEST_JACK,2MM,UNSPECIFIED,UNSPECIFIED,UNSPECIFIED,UNSPECIFIED,UNSPECIFIED,EE|CONN|TEST_JACK|2MM|UNSPECIFIED|UNSPECIFIED|UNSPECIFIED|UNSPECIFIED|UNSPECIFIED,AUTO_MAPPED_TO_EXISTING_CNMC
CNMC-EE-CONN-000011,BHEL,CN9068410091,ELECTRICAL_AND_ELECTRONICS,CONNECTOR,"CONNECTOR, TEST JACK, 2MM",SWITCH JACK 2MM | SOC TEST 1.817.2131,SWITCH JACK 2MM SOCKET TEST 1.817.2131,TEST_JACK,2MM,UNSPECIFIED,UNSPECIFIED,UNSPECIFIED,UNSPECIFIED,UNSPECIFIED,EE|CONN|TEST_JACK|2MM|UNSPECIFIED|UNSPECIFIED|UNSPECIFIED|UNSPECIFIED|UNSPECIFIED,AUTO_MAPPED_TO_EXISTING_CNMC
CNMC-EE-CONN-000011,BHEL,CN9068426001,ELECTRICAL_AND_ELECTRONICS,CONNECTOR,"CONNECTOR, TEST JACK, 2MM",CNCTR SOC TEST DBL POLE 2MM | SOC TEST PB040.1111 | BLACK | XN400774P1,CONNECTOR SOCKET TEST DOUBLE POLE 2MM SOCKET TEST PB040.1111 BLACK XN400774P1,TEST_JACK,2MM,UNSPECIFIED,UNSPECIFIED,UNSPECIFIED,UNSPECIFIED,UNSPECIFIED,EE|CONN|TEST_JACK|2MM|UNSPECIFIED|UNSPECIFIED|UNSPECIFIED|UNSPECIFIED|UNSPECIFIED,AUTO_MAPPED_TO_EXISTING_CNMC
CNMC-EE-CONN-000011,BHEL,CN9068426141,ELECTRICAL_AND_ELECTRONICS,CONNECTOR,"CONNECTOR, TEST JACK, 2MM",CNCTR SOC TEST DBL POLE 2MM | SOC TEST | BLACK | PB 0040.1151 | DRG:HETT400129P1,CONNECTOR SOCKET TEST DOUBLE POLE 2MM SOCKET TEST BLACK PB 0040.1151,TEST_JACK,2MM,UNSPECIFIED,UNSPECIFIED,UNSPECIFIED,UNSPECIFIED,UNSPECIFIED,EE|CONN|TEST_JACK|2MM|UNSPECIFIED|UNSPECIFIED|UNSPECIFIED|UNSPECIFIED|UNSPECIFIED,AUTO_MAPPED_TO_EXISTING_CNMC
CNMC-EE-CONN-000011,BHEL,CN9068426150,ELECTRICAL_AND_ELECTRONICS,CONNECTOR,"CONNECTOR, TEST JACK, 2MM",CNCTR SOC TEST DBL POLE 2MM | SOC TEST | PB040.1290,CONNECTOR SOCKET TEST DOUBLE POLE 2MM SOCKET TEST PB040.1290,TEST_JACK,2MM,UNSPECIFIED,UNSPECIFIED,UNSPECIFIED,UNSPECIFIED,UNSPECIFIED,EE|CONN|TEST_JACK|2MM|UNSPECIFIED|UNSPECIFIED|UNSPECIFIED|UNSPECIFIED|UNSPECIFIED,AUTO_MAPPED_TO_EXISTING_CNMC
CNMC-EE-SW-000001,BHEL,CN9072521013,ELECTRICAL_AND_ELECTRONICS,SWITCH,"SWITCH, DIL SWITCH, 4P",SW DIL 0.5A 25VAC/DC4POLE ON-OFFC42315-A | SW DIL 0.5A 25VAC/DC 4POLE ON-OFF | C42315-A1341-A1 XN400286P0001 | CONTACT RATING=0.5A | SIE REF1: C42315-A1341-A1 | SIE REF2: V23756-A3003-A4,SWITCH DIL 0.5A 25VAC/DC4POLE ON-OFFC42315-A SWITCH DIL 0.5A 25VAC/DC 4POLE ON-OFF C42315-A1341-A1 XN400286P0001 CONTACT RATING 0.5A,DIL_SWITCH,UNSPECIFIED,UNSPECIFIED,UNSPECIFIED,UNSPECIFIED,4P,0.5A,EE|SW|DIL_SWITCH|UNSPECIFIED|UNSPECIFIED|UNSPECIFIED|UNSPECIFIED|4P|UNSPECIFIED,AUTO_MAPPED_TO_EXISTING_CNMC
CNMC-EE-SW-000002,BHEL,CN9072521048,ELECTRICAL_AND_ELECTRONICS,SWITCH,"SWITCH, 4P",SW 0.5A 25VAC/DC4POLE 2PSTN 4C/OC42315-A | SW 0.5A 25VAC/DC 4POLE 2PSTN 4C/O | C42315-A1347-A204 | CONTACT RATING=0.5A | SIE REF: C42315-A1347-A204,SWITCH 0.5A 25VAC/DC4POLE 2PSTN 4C/OC42315-A SWITCH 0.5A 25VAC/DC 4POLE 2PSTN 4C/O C42315-A1347-A204 CONTACT RATING 0.5A,STANDARD,UNSPECIFIED,UNSPECIFIED,UNSPECIFIED,UNSPECIFIED,4P,0.5A,EE|SW|STANDARD|UNSPECIFIED|UNSPECIFIED|UNSPECIFIED|UNSPECIFIED|4P|UNSPECIFIED,AUTO_MAPPED_TO_EXISTING_CNMC
CNMC-EE-SW-000003,BHEL,CN9072521064,ELECTRICAL_AND_ELECTRONICS,SWITCH,"SWITCH, DIL SWITCH, 1P",SW DIL 0.5A 24VAC/DC1POLE ON-OFFC42315-A | SW DIL 0.5A 24VAC/DC | 1POLE ON-OFF | CONTACT RATING=0.5A,SWITCH DIL 0.5A 24VAC/DC1POLE ON-OFFC42315-A SWITCH DIL 0.5A 24VAC/DC 1POLE ON-OFF CONTACT RATING 0.5A,DIL_SWITCH,UNSPECIFIED,UNSPECIFIED,UNSPECIFIED,UNSPECIFIED,1P,0.5A,EE|SW|DIL_SWITCH|UNSPECIFIED|UNSPECIFIED|UNSPECIFIED|UNSPECIFIED|1P|UNSPECIFIED,AUTO_MAPPED_TO_EXISTING_CNMC
CNMC-EE-SW-000004,BHEL,CN9072522052,ELECTRICAL_AND_ELECTRONICS,SWITCH,"SWITCH, DPDT",SW DPDT CONTACT RATING: 0.4VA @ 28VDC | SW 0.5A 60VAC/DC | 2C/0 C42315-A68-A1 | CONTACT RATING=0.5A,SWITCH DPDT CONTACT RATING: 0.4VA 28VDC SWITCH 0.5A 60VAC/DC 2C/0 C42315-A68-A1 CONTACT RATING 0.5A,DPDT,UNSPECIFIED,UNSPECIFIED,UNSPECIFIED,UNSPECIFIED,UNSPECIFIED,0,EE|SW|DPDT|UNSPECIFIED|UNSPECIFIED|UNSPECIFIED|UNSPECIFIED|UNSPECIFIED|UNSPECIFIED,AUTO_MAPPED_TO_EXISTING_CNMC
CNMC-EE-SW-000005,BHEL,CN9072538080,ELECTRICAL_AND_ELECTRONICS,SWITCH,"SWITCH, 8P",SW 8P 28VDC 25MILI A25801 | SW 8P 28VDC 25MILI A | CONTACT RATING = 25mA,SWITCH 8P 28VDC 25MILI A25801 SWITCH 8P 28VDC 25MILI A CONTACT RATING 25MA,STANDARD,UNSPECIFIED,UNSPECIFIED,UNSPECIFIED,UNSPECIFIED,8P,28VDC,EE|SW|STANDARD|UNSPECIFIED|UNSPECIFIED|UNSPECIFIED|UNSPECIFIED|8P|UNSPECIFIED,AUTO_MAPPED_TO_EXISTING_CNMC
CNMC-EE-FUSE-000001,BHEL,CN9073130018,ELECTRICAL_AND_ELECTRONICS,FUSE,"FUSE, HRC FUSE, 50A, 800V",FUSE HRC 50A 800V821 CP URD 36.55 QSP | FUSE HRC  50A 800V | 821 CP URD 36.55 QSP | B47695C | Ref No. R099421,FUSE HRC 50A 800V821 CP URD 36.55 QSP FUSE HRC 50A 800V 821 CP URD 36.55 QSP B47695C R099421,HRC_FUSE,50A,800V,UNSPECIFIED,UNSPECIFIED,UNSPECIFIED,UNSPECIFIED,EE|FUSE|HRC_FUSE|50A|800V|UNSPECIFIED|UNSPECIFIED|UNSPECIFIED|UNSPECIFIED,AUTO_MAPPED_TO_EXISTING_CNMC
CNMC-EE-SW-000006,BHEL,CN9073131022,ELECTRICAL_AND_ELECTRONICS,SWITCH,SWITCH,FUSE MCR SW ADPTR5EDV | ADAPTOR FOR | SEMICONDUCTOR FUSE | 5-EDV | DRG NO:B24078,FUSE MCR SWITCH ADPTR5EDV ADAPTOR FOR SEMICONDUCTOR FUSE 5-EDV,STANDARD,UNSPECIFIED,UNSPECIFIED,UNSPECIFIED,UNSPECIFIED,UNSPECIFIED,5,EE|SW|STANDARD|UNSPECIFIED|UNSPECIFIED|UNSPECIFIED|UNSPECIFIED|UNSPECIFIED|UNSPECIFIED,AUTO_MAPPED_TO_EXISTING_CNMC
CNMC-EE-FUSE-000002,BHEL,CN9073158028,ELECTRICAL_AND_ELECTRONICS,FUSE,"FUSE, HRC FUSE, 32A, 690V",HRC FUSE 32A 690V | SEMICONDUCTOR FUSE HRC | RATING: 32A; 690V,HRC FUSE 32A 690V SEMICONDUCTOR FUSE HRC RATING: 32A 690V,HRC_FUSE,32A,690V,UNSPECIFIED,UNSPECIFIED,UNSPECIFIED,UNSPECIFIED,EE|FUSE|HRC_FUSE|32A|690V|UNSPECIFIED|UNSPECIFIED|UNSPECIFIED|UNSPECIFIED,AUTO_MAPPED_TO_EXISTING_CNMC
CNMC-EE-FUSE-000003,BHEL,CN9073160049,ELECTRICAL_AND_ELECTRONICS,FUSE,FUSE,FUSE SPR BASE 1/4INCH 102071 | FUSE SPR BASE 1/4 | INCH 102071,FUSE SPR BASE 1/4INCH 102071 FUSE SPR BASE 1/4 INCH 102071,STANDARD,UNSPECIFIED,UNSPECIFIED,UNSPECIFIED,UNSPECIFIED,UNSPECIFIED,UNSPECIFIED,EE|FUSE|STANDARD|UNSPECIFIED|UNSPECIFIED|UNSPECIFIED|UNSPECIFIED|UNSPECIFIED|UNSPECIFIED,AUTO_MAPPED_TO_EXISTING_CNMC
CNMC-EE-FUSE-000004,BHEL,CN9073161010,ELECTRICAL_AND_ELECTRONICS,FUSE,"FUSE, 1A, 125V",FUSE MICRO 1A 125V273 001 | FUSE MICRO 1A 125V | 273 001,FUSE MICRO 1A 125V273 001 FUSE MICRO 1A 125V 273 001,STANDARD,1A,125V,UNSPECIFIED,UNSPECIFIED,UNSPECIFIED,UNSPECIFIED,EE|FUSE|STANDARD|1A|125V|UNSPECIFIED|UNSPECIFIED|UNSPECIFIED|UNSPECIFIED,AUTO_MAPPED_TO_EXISTING_CNMC
CNMC-EE-FUSE-000003,BHEL,CN9073161029,ELECTRICAL_AND_ELECTRONICS,FUSE,FUSE,FUSE BASE 273 PCB281007 | FUSE BASE 273 PCB,FUSE BASE 273 PCB281007 FUSE BASE 273 PCB,STANDARD,UNSPECIFIED,UNSPECIFIED,UNSPECIFIED,UNSPECIFIED,UNSPECIFIED,UNSPECIFIED,EE|FUSE|STANDARD|UNSPECIFIED|UNSPECIFIED|UNSPECIFIED|UNSPECIFIED|UNSPECIFIED|UNSPECIFIED,AUTO_MAPPED_TO_EXISTING_CNMC
CNMC-EE-FUSE-000005,BHEL,CN9073346029,ELECTRICAL_AND_ELECTRONICS,FUSE,"FUSE, 10A, 250V",FUSE SPR BASE 10A250V FOR 5X20MM FUSE | FUSE SPR BASE 10A | 250V FOR 5X20MM FUSE,FUSE SPR BASE 10A250V FOR 5X20MM FUSE FUSE SPR BASE 10A 250V FOR 5X20MM FUSE,STANDARD,10A,250V,UNSPECIFIED,UNSPECIFIED,UNSPECIFIED,UNSPECIFIED,EE|FUSE|STANDARD|10A|250V|UNSPECIFIED|UNSPECIFIED|UNSPECIFIED|UNSPECIFIED,AUTO_MAPPED_TO_EXISTING_CNMC
CNMC-GN-GEN-000001,BHEL,CN9075078048,GENERAL_MATERIALS,GENERAL_MATERIAL,GENERAL_MATERIAL,"TRMNL SNAP-ON1-2.5SQMM | TRMNL SNAP-ON | INSLTD,MR | CBL SIZE:1-2.5SQMM",TRMNL SNAP-ON1-2.5SQMM TRMNL SNAP-ON INSLTD MR CBL SIZE:1-2.5SQMM,STANDARD,UNSPECIFIED,UNSPECIFIED,UNSPECIFIED,UNSPECIFIED,UNSPECIFIED,UNSPECIFIED,GN|GEN|STANDARD|UNSPECIFIED|UNSPECIFIED|UNSPECIFIED|UNSPECIFIED|UNSPECIFIED|UNSPECIFIED,AUTO_MAPPED_TO_EXISTING_CNMC
CNMC-EE-CABL-000001,BHEL,CN9075083068,ELECTRICAL_AND_ELECTRONICS,CABLE_AND_WIRE,CABLE_AND_WIRE,PIDG FASTON RECEPTACLE | LUG FASTON | 9-160583-2 | CBL SIZE:.5-1.5SQMM,PIDG FASTON RECEPTACLE LUG FASTON 9-160583-2 CBL SIZE:.5-1.5SQMM,STANDARD,UNSPECIFIED,UNSPECIFIED,UNSPECIFIED,UNSPECIFIED,UNSPECIFIED,UNSPECIFIED,EE|CABL|STANDARD|UNSPECIFIED|UNSPECIFIED|UNSPECIFIED|UNSPECIFIED|UNSPECIFIED|UNSPECIFIED,AUTO_MAPPED_TO_EXISTING_CNMC
CNMC-EE-CONN-000012,BHEL,CN9075142021,ELECTRICAL_AND_ELECTRONICS,CONNECTOR,CONNECTOR,CNCTR RECEPTACLE FOR SL CRMPG,CONNECTOR RECEPTACLE FOR SL CRMPG,STANDARD,UNSPECIFIED,UNSPECIFIED,UNSPECIFIED,UNSPECIFIED,UNSPECIFIED,UNSPECIFIED,EE|CONN|STANDARD|UNSPECIFIED|UNSPECIFIED|UNSPECIFIED|UNSPECIFIED|UNSPECIFIED|UNSPECIFIED,AUTO_MAPPED_TO_EXISTING_CNMC
CNMC-EE-CONN-000013,BHEL,CN9075319487,ELECTRICAL_AND_ELECTRONICS,CONNECTOR,"CONNECTOR, TEST JACK, 062P",PIN & SOCKET CNCTR 062 PIN ASS. TYP3+ | PIN CONNECTOR | 163082-2 | GWE REF:506238,PIN SOCKET CONNECTOR 062 PIN ASS. TYP3+ PIN CONNECTOR 163082-2 GWE,TEST_JACK,UNSPECIFIED,UNSPECIFIED,UNSPECIFIED,UNSPECIFIED,062P,UNSPECIFIED,EE|CONN|TEST_JACK|UNSPECIFIED|UNSPECIFIED|UNSPECIFIED|UNSPECIFIED|062P|UNSPECIFIED,AUTO_MAPPED_TO_EXISTING_CNMC
CNMC-EE-CONN-000012,BHEL,CN9075319509,ELECTRICAL_AND_ELECTRONICS,CONNECTOR,CONNECTOR,CNCTR POWER | CNCTR 350824-2 | GE REF:218A4629P4,CONNECTOR POWER CONNECTOR 350824-2 GE,STANDARD,UNSPECIFIED,UNSPECIFIED,UNSPECIFIED,UNSPECIFIED,UNSPECIFIED,UNSPECIFIED,EE|CONN|STANDARD|UNSPECIFIED|UNSPECIFIED|UNSPECIFIED|UNSPECIFIED|UNSPECIFIED|UNSPECIFIED,AUTO_MAPPED_TO_EXISTING_CNMC
CNMC-EE-CONN-000012,BHEL,CN9075319541,ELECTRICAL_AND_ELECTRONICS,CONNECTOR,CONNECTOR,CNCTR RT ANGLE HDR-RS232C RECEPTACLE | CNCTR RT ANGLE HDR- | RS232C RECEPTACLE | 745105-2 278A3465P1,CONNECTOR RT ANGLE HDR-RS232C RECEPTACLE CONNECTOR RT ANGLE HDR- RS232C RECEPTACLE 745105-2 278A3465P1,STANDARD,UNSPECIFIED,UNSPECIFIED,UNSPECIFIED,UNSPECIFIED,UNSPECIFIED,UNSPECIFIED,EE|CONN|STANDARD|UNSPECIFIED|UNSPECIFIED|UNSPECIFIED|UNSPECIFIED|UNSPECIFIED|UNSPECIFIED,AUTO_MAPPED_TO_EXISTING_CNMC
CNMC-EE-CONN-000014,BHEL,CN9075319576,ELECTRICAL_AND_ELECTRONICS,CONNECTOR,"CONNECTOR, IDC",CNCTR IDC HDR WITHOUT EJECTORS | HDR WITHOUT EJECTORS | 87942-1 | GE REF:218A4807P1,CONNECTOR IDC HDR WITHOUT EJECTORS HDR WITHOUT EJECTORS 87942-1 GE,IDC,UNSPECIFIED,UNSPECIFIED,UNSPECIFIED,UNSPECIFIED,UNSPECIFIED,UNSPECIFIED,EE|CONN|IDC|UNSPECIFIED|UNSPECIFIED|UNSPECIFIED|UNSPECIFIED|UNSPECIFIED|UNSPECIFIED,AUTO_MAPPED_TO_EXISTING_CNMC
CNMC-EE-CONN-000014,BHEL,CN9075319584,ELECTRICAL_AND_ELECTRONICS,CONNECTOR,"CONNECTOR, IDC",CNCTR IDC HDR WITHOUT EJECTORS | HDR WITHOUT EJECTORS | 87942-2 | GE REF:218A4807P4,CONNECTOR IDC HDR WITHOUT EJECTORS HDR WITHOUT EJECTORS 87942-2 GE,IDC,UNSPECIFIED,UNSPECIFIED,UNSPECIFIED,UNSPECIFIED,UNSPECIFIED,UNSPECIFIED,EE|CONN|IDC|UNSPECIFIED|UNSPECIFIED|UNSPECIFIED|UNSPECIFIED|UNSPECIFIED|UNSPECIFIED,AUTO_MAPPED_TO_EXISTING_CNMC
CNMC-EE-CONN-000014,BHEL,CN9075319592,ELECTRICAL_AND_ELECTRONICS,CONNECTOR,"CONNECTOR, IDC",CNCTR IDC HDR WITHOUT EJECTORS | HDR WITHOUT EJECTORS | 87942-3 | GE REF:218A4807P3,CONNECTOR IDC HDR WITHOUT EJECTORS HDR WITHOUT EJECTORS 87942-3 GE,IDC,UNSPECIFIED,UNSPECIFIED,UNSPECIFIED,UNSPECIFIED,UNSPECIFIED,UNSPECIFIED,EE|CONN|IDC|UNSPECIFIED|UNSPECIFIED|UNSPECIFIED|UNSPECIFIED|UNSPECIFIED|UNSPECIFIED,AUTO_MAPPED_TO_EXISTING_CNMC
CNMC-EE-CONN-000014,BHEL,CN9075319606,ELECTRICAL_AND_ELECTRONICS,CONNECTOR,"CONNECTOR, IDC",CNCTR IDC HDR WITHOUT EJECTORS | HDR WITHOUT EJECTORS | 87942-4 | GE REF:218A4807P2,CONNECTOR IDC HDR WITHOUT EJECTORS HDR WITHOUT EJECTORS 87942-4 GE,IDC,UNSPECIFIED,UNSPECIFIED,UNSPECIFIED,UNSPECIFIED,UNSPECIFIED,UNSPECIFIED,EE|CONN|IDC|UNSPECIFIED|UNSPECIFIED|UNSPECIFIED|UNSPECIFIED|UNSPECIFIED|UNSPECIFIED,AUTO_MAPPED_TO_EXISTING_CNMC
CNMC-EE-CONN-000014,BHEL,CN9075319614,ELECTRICAL_AND_ELECTRONICS,CONNECTOR,"CONNECTOR, IDC",CNCTR IDC HDR WITHOUT EJECTORS | HDR WITHOUT EJECTORS | 87942-5,CONNECTOR IDC HDR WITHOUT EJECTORS HDR WITHOUT EJECTORS 87942-5,IDC,UNSPECIFIED,UNSPECIFIED,UNSPECIFIED,UNSPECIFIED,UNSPECIFIED,UNSPECIFIED,EE|CONN|IDC|UNSPECIFIED|UNSPECIFIED|UNSPECIFIED|UNSPECIFIED|UNSPECIFIED|UNSPECIFIED,AUTO_MAPPED_TO_EXISTING_CNMC
CNMC-GN-GEN-000001,BHEL,CN9075319622,GENERAL_MATERIALS,GENERAL_MATERIAL,GENERAL_MATERIAL,CNTT MALE1-86182-1GE REF:218A4558P1 | CNTT MALE | 1-86182-1 | GE REF:218A4558P1,CNTT MALE1-86182-1GE CNTT MALE 1-86182-1 GE,STANDARD,UNSPECIFIED,UNSPECIFIED,UNSPECIFIED,UNSPECIFIED,UNSPECIFIED,UNSPECIFIED,GN|GEN|STANDARD|UNSPECIFIED|UNSPECIFIED|UNSPECIFIED|UNSPECIFIED|UNSPECIFIED|UNSPECIFIED,AUTO_MAPPED_TO_EXISTING_CNMC
CNMC-GN-GEN-000001,BHEL,CN9075319657,GENERAL_MATERIALS,GENERAL_MATERIAL,GENERAL_MATERIAL,CNTT FEMALE TYPE A86477-8 / 86480-5 | CNTT FEMALE TYPE A | 86477-8 / 86480-5 | GEREF:218A4551P1R/P1,CNTT FEMALE / 86480-5 CNTT FEMALE 86477-8 / 86480-5 GEREF:218A4551P1R/P1,STANDARD,UNSPECIFIED,UNSPECIFIED,UNSPECIFIED,UNSPECIFIED,UNSPECIFIED,UNSPECIFIED,GN|GEN|STANDARD|UNSPECIFIED|UNSPECIFIED|UNSPECIFIED|UNSPECIFIED|UNSPECIFIED|UNSPECIFIED,AUTO_MAPPED_TO_EXISTING_CNMC
CNMC-EE-CONN-000015,BHEL,CN9075319665,ELECTRICAL_AND_ELECTRONICS,CONNECTOR,"CONNECTOR, IDC, 20P",CNCTR IDC HSG 20 POS | HOUSING OF 20 PIN | RIBBON CABLE | CONNECTOR | 88388-4,CONNECTOR IDC HSG 20 POS HOUSING OF 20 PIN RIBBON CABLE CONNECTOR 88388-4,IDC,UNSPECIFIED,UNSPECIFIED,UNSPECIFIED,UNSPECIFIED,20P,UNSPECIFIED,EE|CONN|IDC|UNSPECIFIED|UNSPECIFIED|UNSPECIFIED|UNSPECIFIED|20P|UNSPECIFIED,AUTO_MAPPED_TO_EXISTING_CNMC
CNMC-EE-CONN-000012,BHEL,CN9075319746,ELECTRICAL_AND_ELECTRONICS,CONNECTOR,CONNECTOR,CNCTR POWER PIN | PIN FOR POWER CNCTR | 350713-2 | GE REF:218A4647P1,CONNECTOR POWER PIN PIN FOR POWER CONNECTOR 350713-2 GE,STANDARD,UNSPECIFIED,UNSPECIFIED,UNSPECIFIED,UNSPECIFIED,UNSPECIFIED,UNSPECIFIED,EE|CONN|STANDARD|UNSPECIFIED|UNSPECIFIED|UNSPECIFIED|UNSPECIFIED|UNSPECIFIED|UNSPECIFIED,AUTO_MAPPED_TO_EXISTING_CNMC
CNMC-EE-CONN-000016,BHEL,CN9075319754,ELECTRICAL_AND_ELECTRONICS,CONNECTOR,"CONNECTOR, TEST JACK",CNCTR POWER SOC | SOC FOR POWER CNCTR | 350829-2 | GE REF:350829-2,CONNECTOR POWER SOCKET SOCKET FOR POWER CONNECTOR 350829-2 GE,TEST_JACK,UNSPECIFIED,UNSPECIFIED,UNSPECIFIED,UNSPECIFIED,UNSPECIFIED,UNSPECIFIED,EE|CONN|TEST_JACK|UNSPECIFIED|UNSPECIFIED|UNSPECIFIED|UNSPECIFIED|UNSPECIFIED|UNSPECIFIED,AUTO_MAPPED_TO_EXISTING_CNMC
CNMC-GN-GEN-000001,BHEL,CN9075348045,GENERAL_MATERIALS,GENERAL_MATERIAL,GENERAL_MATERIAL,HSG CRIMP TERMINAL | HSG CRIMP TERMINAL | 2139 09-50-3041 | GE:218A4602P18,HSG CRIMP TERMINAL HSG CRIMP TERMINAL 2139 09-50-3041 GE:218A4602P18,STANDARD,UNSPECIFIED,UNSPECIFIED,UNSPECIFIED,UNSPECIFIED,UNSPECIFIED,UNSPECIFIED,GN|GEN|STANDARD|UNSPECIFIED|UNSPECIFIED|UNSPECIFIED|UNSPECIFIED|UNSPECIFIED|UNSPECIFIED,AUTO_MAPPED_TO_EXISTING_CNMC
CNMC-GN-GEN-000001,BHEL,CN9075348096,GENERAL_MATERIALS,GENERAL_MATERIAL,GENERAL_MATERIAL,TRMNL CRIMP FOR SGLSIDED HSG 08-56-0106 | TRMNL CRIMP FOR SGL | SIDED HSG 08-56-0106 | GE:218A4602P1,TRMNL CRIMP FOR SGLSIDED HSG 08-56-0106 TRMNL CRIMP FOR SGL SIDED HSG 08-56-0106 GE:218A4602P1,STANDARD,UNSPECIFIED,UNSPECIFIED,UNSPECIFIED,UNSPECIFIED,UNSPECIFIED,UNSPECIFIED,GN|GEN|STANDARD|UNSPECIFIED|UNSPECIFIED|UNSPECIFIED|UNSPECIFIED|UNSPECIFIED|UNSPECIFIED,AUTO_MAPPED_TO_EXISTING_CNMC
CNMC-GN-GEN-000001,BHEL,CN9084246020,GENERAL_MATERIALS,GENERAL_MATERIAL,GENERAL_MATERIAL,BRACKET FIXING RIGHT0906000-9902 | BRACKET FIXING RIGHT | 0906000-9902,BRACKET FIXING RIGHT0906000-9902 BRACKET FIXING RIGHT 0906000-9902,STANDARD,UNSPECIFIED,UNSPECIFIED,UNSPECIFIED,UNSPECIFIED,UNSPECIFIED,UNSPECIFIED,GN|GEN|STANDARD|UNSPECIFIED|UNSPECIFIED|UNSPECIFIED|UNSPECIFIED|UNSPECIFIED|UNSPECIFIED,AUTO_MAPPED_TO_EXISTING_CNMC
CNMC-FH-SCRW-000001,BHEL,CN9087869045,FASTENERS_AND_HARDWARE,SCREW,SCREW,SCREW  INTERLOCK8630-05A | HETT401379P1,SCREW INTERLOCK8630-05A HETT401379P1,STANDARD,UNSPECIFIED,UNSPECIFIED,UNSPECIFIED,UNSPECIFIED,UNSPECIFIED,UNSPECIFIED,FH|SCRW|STANDARD|UNSPECIFIED|UNSPECIFIED|UNSPECIFIED|UNSPECIFIED|UNSPECIFIED|UNSPECIFIED,AUTO_MAPPED_TO_EXISTING_CNMC
CNMC-EE-CONN-000017,BHEL,CN9751056861,ELECTRICAL_AND_ELECTRONICS,CONNECTOR,"CONNECTOR, 48P, MALE",CNCTR FEML 48 POLE | CNCTR FMLE 48 POLE | 5159 009 48 1594111M,CONNECTOR FEMALE 48 POLE CONNECTOR FMLE 48 POLE 5159 009 48 1594111M,STANDARD,UNSPECIFIED,UNSPECIFIED,UNSPECIFIED,UNSPECIFIED,48P,UNSPECIFIED,EE|CONN|STANDARD|UNSPECIFIED|UNSPECIFIED|UNSPECIFIED|UNSPECIFIED|48P|MALE,AUTO_MAPPED_TO_EXISTING_CNMC
CNMC-EE-CONN-000018,BHEL,CN9751100208,ELECTRICAL_AND_ELECTRONICS,CONNECTOR,"CONNECTOR, TEST JACK, MALE",CNCTR BERG FEML VERT MT 2.54 PITCH | SOCKET BERG VERT MT 2.54 PITCH | ABB REF: HETT401108P23,CONNECTOR BERG FEMALE VERT MT 2.54 PITCH SOCKET BERG VERT MT 2.54 PITCH ABB,TEST_JACK,UNSPECIFIED,UNSPECIFIED,UNSPECIFIED,UNSPECIFIED,UNSPECIFIED,UNSPECIFIED,EE|CONN|TEST_JACK|UNSPECIFIED|UNSPECIFIED|UNSPECIFIED|UNSPECIFIED|UNSPECIFIED|MALE,AUTO_MAPPED_TO_EXISTING_CNMC
CNMC-EE-CONN-000019,BHEL,CN9751149428,ELECTRICAL_AND_ELECTRONICS,CONNECTOR,"CONNECTOR, EURO CONNECTOR, 64P, MALE",CNCTR EURO MALE 64PIN C | CONNECTOR MALE 64PIN C | ABB REF: HETT402053P2,CONNECTOR EURO MALE 64PIN C CONNECTOR MALE 64PIN C ABB,EURO_CONNECTOR,UNSPECIFIED,UNSPECIFIED,UNSPECIFIED,UNSPECIFIED,64P,UNSPECIFIED,EE|CONN|EURO_CONNECTOR|UNSPECIFIED|UNSPECIFIED|UNSPECIFIED|UNSPECIFIED|64P|MALE,AUTO_MAPPED_TO_EXISTING_CNMC
CNMC-GN-GEN-000001,BHEL,CN9751166691,GENERAL_MATERIALS,GENERAL_MATERIAL,GENERAL_MATERIAL,CONFORMAL COATINGCOMPOUND | ACRYLIC1B31 | CONFORMAL COATING COMPOUND ACRYLIC 1B31 | DELIVERY CONDITION: CONTAINER SIZE: 5 LITRES,CONFORMAL COATINGCOMPOUND ACRYLIC1B31 CONFORMAL COATING COMPOUND ACRYLIC 1B31 DELIVERY CONDITION: CONTAINER SIZE: 5 LITRES,STANDARD,UNSPECIFIED,UNSPECIFIED,UNSPECIFIED,UNSPECIFIED,UNSPECIFIED,UNSPECIFIED,GN|GEN|STANDARD|UNSPECIFIED|UNSPECIFIED|UNSPECIFIED|UNSPECIFIED|UNSPECIFIED|UNSPECIFIED,AUTO_MAPPED_TO_EXISTING_CNMC
CNMC-GN-GEN-000001,BHEL,CN9751166705,GENERAL_MATERIALS,GENERAL_MATERIAL,GENERAL_MATERIAL,THINNER COMPOUNDTYPE 521 EU | THINNER COMPOUND TYPE 521 | DELIVERY CONDITION: CONTAINER SIZE: 5 LITRES,THINNER COMPOUNDTYPE 521 EU THINNER COMPOUND DELIVERY CONDITION: CONTAINER SIZE: 5 LITRES,STANDARD,UNSPECIFIED,UNSPECIFIED,UNSPECIFIED,UNSPECIFIED,UNSPECIFIED,UNSPECIFIED,GN|GEN|STANDARD|UNSPECIFIED|UNSPECIFIED|UNSPECIFIED|UNSPECIFIED|UNSPECIFIED|UNSPECIFIED,AUTO_MAPPED_TO_EXISTING_CNMC
CNMC-EE-SW-000012,BHEL,CT7419798052,ELECTRICAL_AND_ELECTRONICS,SWITCH,"SWITCH, 6P, PKG DIP","SWITCH DIP 6POLEON-OFF PIANO TYPE | SWITCH DIP 6POLE ON-OFF PIANO TYPE | CONTACT RATING = 100mA, 6VDC | ABB REF: HETT401497P3",SWITCH DIP 6POLEON-OFF PIANO DIP 6POLE ON-OFF PIANO RATING 100MA 6VDC ABB,STANDARD,UNSPECIFIED,UNSPECIFIED,UNSPECIFIED,DIP,6P,100MA,EE|SW|STANDARD|UNSPECIFIED|UNSPECIFIED|UNSPECIFIED|DIP|6P|UNSPECIFIED,AUTO_MAPPED_TO_EXISTING_CNMC
CNMC-EE-CAP-000001,BHEL,CT7420499047,ELECTRICAL_AND_ELECTRONICS,CAPACITOR,CAPACITOR,SW PB 0.5A BLACK 1.840.9008 +1.840.0031 | SWITCH P.B.+ CAP BLK | 1.840.9008 + 1.840.0031 | CONTACT RATING=0.5A | Both Control knob and Push Button Switch to be supplied | as one item packaged in same Enclosure,SWITCH PB 0.5A BLACK 1.840.9008 +1.840.0031 SWITCH P.B.+ CAP BLK 1.840.9008 + 1.840.0031 CONTACT RATING 0.5A BOTH CONTROL KNOB AND PUSH BUTTON SWITCH TO BE SUPPLIED AS ONE ITEM PACKAGED IN SAME ENCLOSURE,STANDARD,UNSPECIFIED,UNSPECIFIED,UNSPECIFIED,UNSPECIFIED,UNSPECIFIED,UNSPECIFIED,EE|CAP|STANDARD|UNSPECIFIED|UNSPECIFIED|UNSPECIFIED|UNSPECIFIED|UNSPECIFIED|UNSPECIFIED,AUTO_MAPPED_TO_EXISTING_CNMC
CNMC-EE-FUSE-000006,BHEL,CT7431699212,ELECTRICAL_AND_ELECTRONICS,FUSE,"FUSE, SEMICONDUCTOR FUSE, 125A, 660V","FUSE SC 125A  660V  6.6URD30TTF0125 | FUSE SEMICONDUCTOR | 660V,125A | 6.6URD30TTF0125 | REF.PART NO.V300053",FUSE SC 125A 660V 6.6URD30TTF0125 FUSE SEMICONDUCTOR 660V 125A 6.6URD30TTF0125 NO.V300053,SEMICONDUCTOR_FUSE,125A,660V,UNSPECIFIED,UNSPECIFIED,UNSPECIFIED,UNSPECIFIED,EE|FUSE|SEMICONDUCTOR_FUSE|125A|660V|UNSPECIFIED|UNSPECIFIED|UNSPECIFIED|UNSPECIFIED,AUTO_MAPPED_TO_EXISTING_CNMC
CNMC-EE-FUSE-000007,BHEL,CT7431699425,ELECTRICAL_AND_ELECTRONICS,FUSE,"FUSE, HRC FUSE, 160A, 660V","FUSE HRC 160A  660V  6.6URD30D08A160 | FUSE HRC S/C, 160A | 660VAC, REF:J300112 | 6.6URD30D08A160",FUSE HRC 160A 660V 6.6URD30D08A160 FUSE HRC S/C 160A 660VAC 6.6URD30D08A160,HRC_FUSE,160A,660V,UNSPECIFIED,UNSPECIFIED,UNSPECIFIED,UNSPECIFIED,EE|FUSE|HRC_FUSE|160A|660V|UNSPECIFIED|UNSPECIFIED|UNSPECIFIED|UNSPECIFIED,AUTO_MAPPED_TO_EXISTING_CNMC
CNMC-EE-CONN-000020,BHEL,CT7433399321,ELECTRICAL_AND_ELECTRONICS,CONNECTOR,"CONNECTOR, D SUB, 9P, PKG STRAIGHT, MALE",CNCTR DSUB MALE 9POLE STRT PCB MNTG | CNCTR 9POLE MALE STRT PCB MNTG D-SUB | ABB REF: HET400092P15,CONNECTOR DSUB MALE 9POLE STRAIGHT PCB MNTG CONNECTOR 9POLE MALE STRAIGHT PCB MNTG D-SUB ABB,D_SUB,UNSPECIFIED,UNSPECIFIED,UNSPECIFIED,STRAIGHT,9P,UNSPECIFIED,EE|CONN|D_SUB|UNSPECIFIED|UNSPECIFIED|UNSPECIFIED|STRAIGHT|9P|MALE,AUTO_MAPPED_TO_EXISTING_CNMC
CNMC-EE-CONN-000021,BHEL,CT7433399410,ELECTRICAL_AND_ELECTRONICS,CONNECTOR,"CONNECTOR, 2.54MM, 10P",CNCTR BERG 10 POLE VERT DBL 2.54MM PITCH | CNCTR VERT DBL ROW 2X10POLE 2.54MM PITCH | ABB REF: HESG455602P20,CONNECTOR BERG 10 POLE VERT DOUBLE 2.54MM PITCH CONNECTOR VERT DOUBLE ROW 2X10POLE 2.54MM PITCH ABB,STANDARD,2.54MM,UNSPECIFIED,UNSPECIFIED,UNSPECIFIED,10P,UNSPECIFIED,EE|CONN|STANDARD|2.54MM|UNSPECIFIED|UNSPECIFIED|UNSPECIFIED|10P|UNSPECIFIED,AUTO_MAPPED_TO_EXISTING_CNMC
CNMC-EE-CONN-000022,BHEL,CT7433399437,ELECTRICAL_AND_ELECTRONICS,CONNECTOR,"CONNECTOR, PIN HEADER, 2.54MM, 10P, MALE","CNCTR BERG MALE 10POLE DBL 2.54MM 20.06 | CNCTR BERG STICK HEADER 2X10POLE | 2.54MM PITCH,20.06 H | ABB REF: HESG455612P10",CONNECTOR BERG MALE 10POLE DOUBLE 2.54MM 20.06 CONNECTOR BERG STICK HEADER 2X10POLE 2.54MM PITCH 20.06 H ABB,PIN_HEADER,2.54MM,UNSPECIFIED,UNSPECIFIED,UNSPECIFIED,10P,UNSPECIFIED,EE|CONN|PIN_HEADER|2.54MM|UNSPECIFIED|UNSPECIFIED|UNSPECIFIED|10P|MALE,AUTO_MAPPED_TO_EXISTING_CNMC
CNMC-GN-GEN-000002,BHEL,CT7433498044,GENERAL_MATERIALS,GENERAL_MATERIAL,"GENERAL_MATERIAL, 4P","TB 4POLE 2.5SQ.MM16A 250V | TB 4POLE 2.5SQ.MM | 16A 250V | STB3/4-5.08,1750045",TB 4POLE 2.5SQ.MM16A 250V TB 4POLE 2.5SQ.MM 16A 250V STB3/4-5.08 1750045,STANDARD,UNSPECIFIED,UNSPECIFIED,UNSPECIFIED,UNSPECIFIED,4P,UNSPECIFIED,GN|GEN|STANDARD|UNSPECIFIED|UNSPECIFIED|UNSPECIFIED|UNSPECIFIED|4P|UNSPECIFIED,AUTO_MAPPED_TO_EXISTING_CNMC
CNMC-GN-GEN-000001,BHEL,CT7433498052,GENERAL_MATERIALS,GENERAL_MATERIAL,GENERAL_MATERIAL,TB 2.5SQ.MM 15A500V 10MM PITCH | TB 2.5SQ.MM 15A 500V 10MM PITCH | HESG455567P1,TB 2.5SQ.MM 15A500V 10MM PITCH TB 2.5SQ.MM 15A 500V 10MM PITCH HESG455567P1,STANDARD,UNSPECIFIED,UNSPECIFIED,UNSPECIFIED,UNSPECIFIED,UNSPECIFIED,UNSPECIFIED,GN|GEN|STANDARD|UNSPECIFIED|UNSPECIFIED|UNSPECIFIED|UNSPECIFIED|UNSPECIFIED|UNSPECIFIED,AUTO_MAPPED_TO_EXISTING_CNMC
CNMC-GN-GEN-000001,BHEL,CU2855275016,GENERAL_MATERIALS,GENERAL_MATERIAL,GENERAL_MATERIAL,CBL PVC 250V 16/0.14MM² 1.5A | M,CBL PVC 250V 16/0.14MM² 1.5A M,STANDARD,UNSPECIFIED,UNSPECIFIED,UNSPECIFIED,UNSPECIFIED,UNSPECIFIED,UNSPECIFIED,GN|GEN|STANDARD|UNSPECIFIED|UNSPECIFIED|UNSPECIFIED|UNSPECIFIED|UNSPECIFIED|UNSPECIFIED,AUTO_MAPPED_TO_EXISTING_CNMC
CNMC-EE-FUSE-000008,BHEL,CU7431699239,ELECTRICAL_AND_ELECTRONICS,FUSE,"FUSE, SEMICONDUCTOR FUSE, 700A, 1100V","FUSE SC 700A  1100V 11URD72TTF 0700 | FUSE, SEMICONDUCTOR | 1100V, 700A | 11URD72TTF 0700 | G300501",FUSE SC 700A 1100V 11URD72TTF 0700 FUSE SEMICONDUCTOR 1100V 700A 11URD72TTF 0700 G300501,SEMICONDUCTOR_FUSE,700A,1100V,UNSPECIFIED,UNSPECIFIED,UNSPECIFIED,UNSPECIFIED,EE|FUSE|SEMICONDUCTOR_FUSE|700A|1100V|UNSPECIFIED|UNSPECIFIED|UNSPECIFIED|UNSPECIFIED,AUTO_MAPPED_TO_EXISTING_CNMC
CNMC-EE-CONN-000023,BHEL,CU7433399453,ELECTRICAL_AND_ELECTRONICS,CONNECTOR,"CONNECTOR, D SUB, 15P",CONN HOOD PLASTIC FOR 15POLE D-SUB | CNCTR HOOD PLASTIC FOR 15POLE D-SUB | ABB REF: HETT401474P2,CONN HOOD PLASTIC FOR 15POLE D-SUB CONNECTOR HOOD PLASTIC FOR 15POLE D-SUB ABB,D_SUB,UNSPECIFIED,UNSPECIFIED,UNSPECIFIED,UNSPECIFIED,15P,UNSPECIFIED,EE|CONN|D_SUB|UNSPECIFIED|UNSPECIFIED|UNSPECIFIED|UNSPECIFIED|15P|UNSPECIFIED,AUTO_MAPPED_TO_EXISTING_CNMC
CNMC-EE-SW-000006,BHEL,DT0661870200,ELECTRICAL_AND_ELECTRONICS,SWITCH,SWITCH,"BIMETAL THERMAL TRIPDEVICE SW.TEMP.90+C- | BIMETAL THERMAL TRIP | DEVICE. | SWITCHING TEMP.90øCñ | 3%, CONTACT RATING: | 10AMPS,240V,50HZ. | INSULATION VOLTAGE: | 3KV,50HZ. | Normally closed, Plastic housing . | Terminal: Solder terminals at 90 deg. angle. | Bracket: fix bracket at 90 deg. angle.",BIMETAL THERMAL TRIPDEVICE SWITCH.TEMP.90+C- BIMETAL THERMAL TRIP DEVICE. SWITCHING TEMP.90ØCÑ 3% CONTACT RATING: 10AMPS 240V 50HZ. INSULATION VOLTAGE: 3KV 50HZ. NORMALLY CLOSED PLASTIC HOUSING . TERMINAL: SOLDER TERMINALS AT 90 DEG. ANGLE. BRACKET: FIX BRACKET AT 90 DEG. ANGLE.,STANDARD,UNSPECIFIED,UNSPECIFIED,UNSPECIFIED,UNSPECIFIED,UNSPECIFIED,90,EE|SW|STANDARD|UNSPECIFIED|UNSPECIFIED|UNSPECIFIED|UNSPECIFIED|UNSPECIFIED|UNSPECIFIED,AUTO_MAPPED_TO_EXISTING_CNMC
CNMC-GN-GEN-000001,BHEL,DV0688160433,GENERAL_MATERIALS,GENERAL_MATERIAL,GENERAL_MATERIAL,CRIMP TERMINAL FEMALE 16 AWG AU | CRIMP TERMINAL FEMALE 16 AWG AU,CRIMP TERMINAL FEMALE 16 AWG AU CRIMP TERMINAL FEMALE 16 AWG AU,STANDARD,UNSPECIFIED,UNSPECIFIED,UNSPECIFIED,UNSPECIFIED,UNSPECIFIED,UNSPECIFIED,GN|GEN|STANDARD|UNSPECIFIED|UNSPECIFIED|UNSPECIFIED|UNSPECIFIED|UNSPECIFIED|UNSPECIFIED,AUTO_MAPPED_TO_EXISTING_CNMC
CNMC-MP-PIPE-000001,BHEL,DV0688170256,MECHANICAL_AND_PIPING,PIPE,"PIPE, 2MM","HEATSHRINK TUBING ATUM 8/2 MM BK | HEAT SHRINK TUBING 8/2MM BLACK, | PART NO: ATUM-8/2-0-STK(UNITS = NO) | ITEM IS IN CUT LENGTH OF 4FT = 1.22M = 1NO",HEATSHRINK TUBING ATUM 8/2 MM BK HEAT SHRINK TUBING 8/2MM BLACK PART NO: ATUM-8/2-0-STK UNITS NO ITEM IS IN CUT LENGTH OF 4FT 1.22M 1NO,STANDARD,2MM,UNSPECIFIED,UNSPECIFIED,UNSPECIFIED,UNSPECIFIED,UNSPECIFIED,MP|PIPE|STANDARD|2MM|UNSPECIFIED|UNSPECIFIED|UNSPECIFIED|UNSPECIFIED|UNSPECIFIED,AUTO_MAPPED_TO_EXISTING_CNMC
CNMC-EE-CONN-000024,BHEL,DV0688170846,ELECTRICAL_AND_ELECTRONICS,CONNECTOR,"CONNECTOR, 2P, MALE",CONNECTOR FEMALE  MINI-FIT JR.  2POLE | CONNECTOR FEMALE | MINI-FIT JR. | 2POLE,CONNECTOR FEMALE MINI-FIT JR. 2POLE CONNECTOR FEMALE MINI-FIT JR. 2POLE,STANDARD,UNSPECIFIED,UNSPECIFIED,UNSPECIFIED,UNSPECIFIED,2P,UNSPECIFIED,EE|CONN|STANDARD|UNSPECIFIED|UNSPECIFIED|UNSPECIFIED|UNSPECIFIED|2P|MALE,AUTO_MAPPED_TO_EXISTING_CNMC
CNMC-EE-CONN-000025,BHEL,DV0688170862,ELECTRICAL_AND_ELECTRONICS,CONNECTOR,"CONNECTOR, 2.54MM, 4P, MALE","CONNECTOR FEMALE 4POLE  2.54MM | FEMALE CONNECTOR 4POLES SINGLE ROW, | 2.54MM PITCH, POSITIVE LATCH",CONNECTOR FEMALE 4POLE 2.54MM FEMALE CONNECTOR 4POLES SINGLE ROW 2.54MM PITCH POSITIVE LATCH,STANDARD,2.54MM,UNSPECIFIED,UNSPECIFIED,UNSPECIFIED,4P,UNSPECIFIED,EE|CONN|STANDARD|2.54MM|UNSPECIFIED|UNSPECIFIED|UNSPECIFIED|4P|MALE,AUTO_MAPPED_TO_EXISTING_CNMC
CNMC-FH-BOLT-000001,BHEL,DV0688171281,FASTENERS_AND_HARDWARE,BOLT,BOLT,"TRMNL END CU RING 1.65SQMM M5, INSL- RED | PLASTI-GRIP VINYL PRE-INSULATED TERMINAL. | MATERIAL: TIN PLATED COPPER. | INSL:  VINYL INSULATION, RED COLOUR. | CBL SIZE: 0.26 - 1.65 SQMM. | BOLT SIZE: M5.",TRMNL END CU RING 1.65SQMM M5 INSL- RED PLASTI-GRIP VINYL PRE-INSULATED TERMINAL. MATERIAL: TIN PLATED COPPER. INSL: VINYL INSULATION RED COLOUR. CBL SIZE: 0.26 - 1.65 SQMM. BOLT SIZE: M5.,STANDARD,UNSPECIFIED,UNSPECIFIED,UNSPECIFIED,UNSPECIFIED,UNSPECIFIED,UNSPECIFIED,FH|BOLT|STANDARD|UNSPECIFIED|UNSPECIFIED|UNSPECIFIED|UNSPECIFIED|UNSPECIFIED|UNSPECIFIED,AUTO_MAPPED_TO_EXISTING_CNMC
CNMC-FH-BOLT-000001,BHEL,DV0688171290,FASTENERS_AND_HARDWARE,BOLT,BOLT,"TRMNL END CU RING 1.65SQMM M6, INSL- RED | PLASTI-GRIP VINYL PRE-INSULATED TERMINAL. | MATERIAL: TIN PLATED COPPER. | INSL:  VINYL INSULATION, RED COLOUR. | CBL SIZE: 0.25 - 1.6 SQMM. | BOLT SIZE: M6.",TRMNL END CU RING 1.65SQMM M6 INSL- RED PLASTI-GRIP VINYL PRE-INSULATED TERMINAL. MATERIAL: TIN PLATED COPPER. INSL: VINYL INSULATION RED COLOUR. CBL SIZE: 0.25 - 1.6 SQMM. BOLT SIZE: M6.,STANDARD,UNSPECIFIED,UNSPECIFIED,UNSPECIFIED,UNSPECIFIED,UNSPECIFIED,UNSPECIFIED,FH|BOLT|STANDARD|UNSPECIFIED|UNSPECIFIED|UNSPECIFIED|UNSPECIFIED|UNSPECIFIED|UNSPECIFIED,AUTO_MAPPED_TO_EXISTING_CNMC
CNMC-FH-BOLT-000001,BHEL,DV0688171303,FASTENERS_AND_HARDWARE,BOLT,BOLT,"TRMNL END CU RING 2.6SQMM M8, INSL- BLUE | PLASTI-GRIP VINYL PRE-INSULATED TERMINAL. | MATERIAL: TIN PLATED COPPER. | INSL:  VINYL INSULATION, BLUE COLOUR. | CBL SIZE: 1.0 - 2.6 SQMM. | BOLT SIZE: M8.",TRMNL END CU RING 2.6SQMM M8 INSL- BLUE PLASTI-GRIP VINYL PRE-INSULATED TERMINAL. MATERIAL: TIN PLATED COPPER. INSL: VINYL INSULATION BLUE COLOUR. CBL SIZE: 1.0 - 2.6 SQMM. BOLT SIZE: M8.,STANDARD,UNSPECIFIED,UNSPECIFIED,UNSPECIFIED,UNSPECIFIED,UNSPECIFIED,UNSPECIFIED,FH|BOLT|STANDARD|UNSPECIFIED|UNSPECIFIED|UNSPECIFIED|UNSPECIFIED|UNSPECIFIED|UNSPECIFIED,AUTO_MAPPED_TO_EXISTING_CNMC
CNMC-GN-GEN-000001,BHEL,PV14-10R-M,GENERAL_MATERIALS,GENERAL_MATERIAL,GENERAL_MATERIAL,"- PANDUIT SINGAPORE PTE LTD.,",- PANDUIT SINGAPORE PTE LTD.,STANDARD,UNSPECIFIED,UNSPECIFIED,UNSPECIFIED,UNSPECIFIED,UNSPECIFIED,UNSPECIFIED,GN|GEN|STANDARD|UNSPECIFIED|UNSPECIFIED|UNSPECIFIED|UNSPECIFIED|UNSPECIFIED|UNSPECIFIED,AUTO_MAPPED_TO_EXISTING_CNMC
CNMC-FH-BOLT-000001,BHEL,DV0688171338,FASTENERS_AND_HARDWARE,BOLT,BOLT,"TRMNL END CU RING 6.0SQMM M10, INSL-YELL | PLASTI-GRIP VINYL PRE-INSULATED TERMINAL | MATERIAL: TIN PLATED COPPER | INSL: VINYL INSULATION, YELLOW COLOUR | CBL SIZE: 3.0 - 6.0 SQMM | BOLT SIZE: M10",TRMNL END CU RING 6.0SQMM M10 INSL-YELL PLASTI-GRIP VINYL PRE-INSULATED TERMINAL MATERIAL: TIN PLATED COPPER INSL: VINYL INSULATION YELLOW COLOUR CBL SIZE: 3.0 - 6.0 SQMM BOLT SIZE: M10,STANDARD,UNSPECIFIED,UNSPECIFIED,UNSPECIFIED,UNSPECIFIED,UNSPECIFIED,UNSPECIFIED,FH|BOLT|STANDARD|UNSPECIFIED|UNSPECIFIED|UNSPECIFIED|UNSPECIFIED|UNSPECIFIED|UNSPECIFIED,AUTO_MAPPED_TO_EXISTING_CNMC
CNMC-EE-CABL-000001,BHEL,DV0688171397,ELECTRICAL_AND_ELECTRONICS,CABLE_AND_WIRE,CABLE_AND_WIRE,CABLE  3X0.24SQMM 600V BLACK | CABLE 3X0.24SQMM 600V BLACK COLOUR | HABIA REF: N 2419 T1 3 | HABIA DWG NO: 700008676,CABLE 3X0.24SQMM 600V BLACK CABLE 3X0.24SQMM 600V BLACK COLOUR HABIA 2419 T1 3 HABIA DWG NO: 700008676,STANDARD,UNSPECIFIED,UNSPECIFIED,UNSPECIFIED,UNSPECIFIED,UNSPECIFIED,UNSPECIFIED,EE|CABL|STANDARD|UNSPECIFIED|UNSPECIFIED|UNSPECIFIED|UNSPECIFIED|UNSPECIFIED|UNSPECIFIED,AUTO_MAPPED_TO_EXISTING_CNMC
CNMC-EE-CONN-000026,BHEL,DV0688171419,ELECTRICAL_AND_ELECTRONICS,CONNECTOR,"CONNECTOR, 5.12MM","CONNECTOR SHIELD-KON 3.66 - 5.12MM | SHIELD-KON CONNECTOR, | 3.66 - 5.12MM YELLOW COLOUR.",CONNECTOR SHIELD-KON 3.66 - 5.12MM SHIELD-KON CONNECTOR 3.66 - 5.12MM YELLOW COLOUR.,STANDARD,5.12MM,UNSPECIFIED,UNSPECIFIED,UNSPECIFIED,UNSPECIFIED,UNSPECIFIED,EE|CONN|STANDARD|5.12MM|UNSPECIFIED|UNSPECIFIED|UNSPECIFIED|UNSPECIFIED|UNSPECIFIED,AUTO_MAPPED_TO_EXISTING_CNMC
CNMC-EE-CABL-000001,BHEL,DV0688171524,ELECTRICAL_AND_ELECTRONICS,CABLE_AND_WIRE,CABLE_AND_WIRE,"SLEEVE FBR GLS SI RBR COATED  ID:12MM | SLEEVE FIBER GLASS WITH SILICON RUBBER | COATING, | RED COLOUR, 2500V. TEMPERATURE: -60 to +220 deg. | C. | INTERNAL DIA: 12MM.",SLEEVE FBR GLS SI RBR COATED ID:12MM SLEEVE FIBER GLASS WITH SILICON RUBBER COATING RED COLOUR 2500V. TEMPERATURE: -60 TO +220 DEG. C. INTERNAL DIA: 12MM.,STANDARD,UNSPECIFIED,UNSPECIFIED,UNSPECIFIED,UNSPECIFIED,UNSPECIFIED,UNSPECIFIED,EE|CABL|STANDARD|UNSPECIFIED|UNSPECIFIED|UNSPECIFIED|UNSPECIFIED|UNSPECIFIED|UNSPECIFIED,AUTO_MAPPED_TO_EXISTING_CNMC
CNMC-EE-CABL-000001,BHEL,DV0688171532,ELECTRICAL_AND_ELECTRONICS,CABLE_AND_WIRE,CABLE_AND_WIRE,"SLEEVE FBR GLS SI RBR COATED  ID:14MM | SLEEVE FIBER GLASS WITH SILICON RUBBER | COATING, | RED COLOUR, 2500V. TEMPERATURE: -60 to +220 deg. | C. | INTERNAL DIA: 14MM.",SLEEVE FBR GLS SI RBR COATED ID:14MM SLEEVE FIBER GLASS WITH SILICON RUBBER COATING RED COLOUR 2500V. TEMPERATURE: -60 TO +220 DEG. C. INTERNAL DIA: 14MM.,STANDARD,UNSPECIFIED,UNSPECIFIED,UNSPECIFIED,UNSPECIFIED,UNSPECIFIED,UNSPECIFIED,EE|CABL|STANDARD|UNSPECIFIED|UNSPECIFIED|UNSPECIFIED|UNSPECIFIED|UNSPECIFIED|UNSPECIFIED,AUTO_MAPPED_TO_EXISTING_CNMC
CNMC-GN-GEN-000001,BHEL,AS9QE,GENERAL_MATERIALS,GENERAL_MATERIAL,GENERAL_MATERIAL,PG10,PG10,STANDARD,UNSPECIFIED,UNSPECIFIED,UNSPECIFIED,UNSPECIFIED,UNSPECIFIED,UNSPECIFIED,GN|GEN|STANDARD|UNSPECIFIED|UNSPECIFIED|UNSPECIFIED|UNSPECIFIED|UNSPECIFIED|UNSPECIFIED,AUTO_MAPPED_TO_EXISTING_CNMC
CNMC-GN-GEN-000001,BHEL,DV0688171869,GENERAL_MATERIALS,GENERAL_MATERIAL,GENERAL_MATERIAL,THERMAL COMPOUND | Silicone Thermal Interface compound. | Package size: 1Kg container. | To be supplied in OEM packing only,THERMAL COMPOUND SILICONE THERMAL INTERFACE COMPOUND. PACKAGE SIZE: 1KG CONTAINER. TO BE SUPPLIED IN ONLY,STANDARD,UNSPECIFIED,UNSPECIFIED,UNSPECIFIED,UNSPECIFIED,UNSPECIFIED,UNSPECIFIED,GN|GEN|STANDARD|UNSPECIFIED|UNSPECIFIED|UNSPECIFIED|UNSPECIFIED|UNSPECIFIED|UNSPECIFIED,AUTO_MAPPED_TO_EXISTING_CNMC
CNMC-EE-CABL-000001,BHEL,DV0688172300,ELECTRICAL_AND_ELECTRONICS,CABLE_AND_WIRE,CABLE_AND_WIRE,CABLE TIE PLT2M | CABLE TIE PLT2M,CABLE TIE PLT2M CABLE TIE PLT2M,STANDARD,UNSPECIFIED,UNSPECIFIED,UNSPECIFIED,UNSPECIFIED,UNSPECIFIED,UNSPECIFIED,EE|CABL|STANDARD|UNSPECIFIED|UNSPECIFIED|UNSPECIFIED|UNSPECIFIED|UNSPECIFIED|UNSPECIFIED,AUTO_MAPPED_TO_EXISTING_CNMC
CNMC-EE-CABL-000001,BHEL,DV0688172636,ELECTRICAL_AND_ELECTRONICS,CABLE_AND_WIRE,CABLE_AND_WIRE,"FLEXIBLE WRAPPABLE SLEEVE 6.35MM, BLACK | FLEXIBLE WRAPPABLE SLEEVE 6.35MM, | BLACK | Item to be quoted and supplied in | #METER# as an UNITS. | ALPHA make part numbers: | PART NO.: GRP 130 1/4 BK007 | (comes in 50 FT ROLL) | 1 ROLL = 50 FT = 15.24 METER | PART NO.: GRP 130 1/4 BK004 | (comes in 200 FT ROLL) | 1 ROLL = 200FT = 60.94 METER | TECHFLEX make Part numbers: | PART NO.: F6N0.25BK100 | (comes in 100 FT ROLL) | 1 ROLL = 100 FT = 30.48 METER | PART NO.: F6N0.25BK200 | (comes in 200 FT ROLL) | 1 ROLL = 200FT = 60.94 METER",FLEXIBLE WRAPPABLE SLEEVE 6.35MM BLACK FLEXIBLE WRAPPABLE SLEEVE 6.35MM BLACK ITEM TO BE QUOTED AND SUPPLIED IN METER AS AN UNITS. ALPHA MAKE PART NUMBERS: PART NO.: GRP 130 1/4 BK007 COMES IN 50 FT ROLL 1 ROLL 50 FT 15.24 METER PART NO.: GRP 130 1/4 BK004 COMES IN 200 FT ROLL 1 ROLL 200FT 60.94 METER TECHFLEX MAKE PART NUMBERS: PART NO.: F6N0.25BK100 COMES IN 100 FT ROLL 1 ROLL 100 FT 30.48 METER PART NO.: F6N0.25BK200 COMES IN 200 FT ROLL 1 ROLL 200FT 60.94 METER,STANDARD,UNSPECIFIED,UNSPECIFIED,UNSPECIFIED,UNSPECIFIED,UNSPECIFIED,UNSPECIFIED,EE|CABL|STANDARD|UNSPECIFIED|UNSPECIFIED|UNSPECIFIED|UNSPECIFIED|UNSPECIFIED|UNSPECIFIED,AUTO_MAPPED_TO_EXISTING_CNMC
CNMC-EE-CABL-000001,BHEL,DV0688172644,ELECTRICAL_AND_ELECTRONICS,CABLE_AND_WIRE,CABLE_AND_WIRE,"SLEEVE FBR GLS SI RBR COATED ID:7MM | SLEEVE FIBER GLASS WITH SILICON RUBBER | COATING, RED COLOUR, 10kV. | TEMPERATURE: -60 to +220 deg. C. INTERNAL DIA: | 7MM.",SLEEVE FBR GLS SI RBR COATED ID:7MM SLEEVE FIBER GLASS WITH SILICON RUBBER COATING RED COLOUR 10KV. TEMPERATURE: -60 TO +220 DEG. C. INTERNAL DIA: 7MM.,STANDARD,UNSPECIFIED,UNSPECIFIED,UNSPECIFIED,UNSPECIFIED,UNSPECIFIED,UNSPECIFIED,EE|CABL|STANDARD|UNSPECIFIED|UNSPECIFIED|UNSPECIFIED|UNSPECIFIED|UNSPECIFIED|UNSPECIFIED,AUTO_MAPPED_TO_EXISTING_CNMC
CNMC-EE-CONN-000027,BHEL,DV0688173187,ELECTRICAL_AND_ELECTRONICS,CONNECTOR,"CONNECTOR, IDC, 2.54MM, 10P, MALE","CONNECTOR FEMALE, FLAT CBL 10POLE 2.54MM | 2.54mm Female IDC Connector with Strain Relief 10 pins, | selective gold | plating",CONNECTOR FEMALE FLAT CBL 10POLE 2.54MM 2.54MM FEMALE IDC CONNECTOR WITH STRAIN RELIEF 10 PINS SELECTIVE GOLD PLATING,IDC,2.54MM,UNSPECIFIED,UNSPECIFIED,UNSPECIFIED,10P,UNSPECIFIED,EE|CONN|IDC|2.54MM|UNSPECIFIED|UNSPECIFIED|UNSPECIFIED|10P|MALE,AUTO_MAPPED_TO_EXISTING_CNMC
CNMC-GN-GEN-000001,BHEL,DV0688181937,GENERAL_MATERIALS,GENERAL_MATERIAL,GENERAL_MATERIAL,CRIMP PIN MINI-FIT JR. AWG 18-24 AU | CRIMP PIN FOR MINI-FIT JR. AWG 18-24 AU,CRIMP PIN MINI-FIT JR. AWG 18-24 AU CRIMP PIN FOR MINI-FIT JR. AWG 18-24 AU,STANDARD,UNSPECIFIED,UNSPECIFIED,UNSPECIFIED,UNSPECIFIED,UNSPECIFIED,UNSPECIFIED,GN|GEN|STANDARD|UNSPECIFIED|UNSPECIFIED|UNSPECIFIED|UNSPECIFIED|UNSPECIFIED|UNSPECIFIED,AUTO_MAPPED_TO_EXISTING_CNMC
CNMC-EE-CABL-000001,BHEL,DV0688182224,ELECTRICAL_AND_ELECTRONICS,CABLE_AND_WIRE,CABLE_AND_WIRE,TRMNL END CU RING 50SQMM M10 | CABLE LUG 50SQMM-M10,TRMNL END CU RING 50SQMM M10 CABLE LUG 50SQMM-M10,STANDARD,UNSPECIFIED,UNSPECIFIED,UNSPECIFIED,UNSPECIFIED,UNSPECIFIED,UNSPECIFIED,EE|CABL|STANDARD|UNSPECIFIED|UNSPECIFIED|UNSPECIFIED|UNSPECIFIED|UNSPECIFIED|UNSPECIFIED,AUTO_MAPPED_TO_EXISTING_CNMC
CNMC-MP-PIPE-000002,BHEL,DV0688182640,MECHANICAL_AND_PIPING,PIPE,"PIPE, 1.2MM",HEATSCHRINK TUBING 2.4-1.2MM BK | HEATSCHRINK TUBING 2.4-1.2MM BK,HEATSCHRINK TUBING 2.4-1.2MM BK HEATSCHRINK TUBING 2.4-1.2MM BK,STANDARD,1.2MM,UNSPECIFIED,UNSPECIFIED,UNSPECIFIED,UNSPECIFIED,UNSPECIFIED,MP|PIPE|STANDARD|1.2MM|UNSPECIFIED|UNSPECIFIED|UNSPECIFIED|UNSPECIFIED|UNSPECIFIED,AUTO_MAPPED_TO_EXISTING_CNMC
CNMC-EE-CABL-000001,BHEL,DV0688182666,ELECTRICAL_AND_ELECTRONICS,CABLE_AND_WIRE,CABLE_AND_WIRE,"TRMNL END CU RING 1SQMM M10, INSL- RED | TRMNL END CABLE LUG CU RING, | INSL-RED | PLASTI-GRIP M10 0.5-1.0 SQMM | GUSTAV KLAUKE Part no.: 62010",TRMNL END CU RING 1SQMM M10 INSL- RED TRMNL END CABLE LUG CU RING INSL-RED PLASTI-GRIP M10 0.5-1.0 SQMM GUSTAV KLAUKE PART NO.: 62010,STANDARD,UNSPECIFIED,UNSPECIFIED,UNSPECIFIED,UNSPECIFIED,UNSPECIFIED,UNSPECIFIED,EE|CABL|STANDARD|UNSPECIFIED|UNSPECIFIED|UNSPECIFIED|UNSPECIFIED|UNSPECIFIED|UNSPECIFIED,AUTO_MAPPED_TO_EXISTING_CNMC
CNMC-EE-CABL-000001,BHEL,DV0688182879,ELECTRICAL_AND_ELECTRONICS,CABLE_AND_WIRE,CABLE_AND_WIRE,"Tyrap bracket (3.65"") | Cable tie bracket 3.65"" Strukton Ref: TC375",TYRAP BRACKET 3.65 CABLE TIE BRACKET 3.65 STRUKTON,STANDARD,UNSPECIFIED,UNSPECIFIED,UNSPECIFIED,UNSPECIFIED,UNSPECIFIED,UNSPECIFIED,EE|CABL|STANDARD|UNSPECIFIED|UNSPECIFIED|UNSPECIFIED|UNSPECIFIED|UNSPECIFIED|UNSPECIFIED,AUTO_MAPPED_TO_EXISTING_CNMC
CNMC-EE-CONN-000028,BHEL,DV0692220992,ELECTRICAL_AND_ELECTRONICS,CONNECTOR,"CONNECTOR, EURO CONNECTOR, 96P",CNCTR EURO PLUG 96 POLE | MULTIPOINT PLUGS 96 | 2-215737-1 | DRG:HESN454538P9601 | OEM AMP INC P/N: 2-215737-1,CONNECTOR EURO PLUG 96 POLE MULTIPOINT PLUGS 96 2-215737-1 INC P/N: 2-215737-1,EURO_CONNECTOR,UNSPECIFIED,UNSPECIFIED,UNSPECIFIED,UNSPECIFIED,96P,UNSPECIFIED,EE|CONN|EURO_CONNECTOR|UNSPECIFIED|UNSPECIFIED|UNSPECIFIED|UNSPECIFIED|96P|UNSPECIFIED,AUTO_MAPPED_TO_EXISTING_CNMC
CNMC-EE-CABL-000001,BHEL,DV0692223037,ELECTRICAL_AND_ELECTRONICS,CABLE_AND_WIRE,CABLE_AND_WIRE,CBL 0.5MM2 RADOX125 GREEN/YELLOW | CABLE 0.5 RADOX125 | GREEN/YELLOW | HZN451869P0406,CBL 0.5MM2 RADOX125 GREEN/YELLOW CABLE 0.5 RADOX125 GREEN/YELLOW HZN451869P0406,STANDARD,UNSPECIFIED,UNSPECIFIED,UNSPECIFIED,UNSPECIFIED,UNSPECIFIED,UNSPECIFIED,EE|CABL|STANDARD|UNSPECIFIED|UNSPECIFIED|UNSPECIFIED|UNSPECIFIED|UNSPECIFIED|UNSPECIFIED,AUTO_MAPPED_TO_EXISTING_CNMC
CNMC-EE-CABL-000001,BHEL,DV0692223339,ELECTRICAL_AND_ELECTRONICS,CABLE_AND_WIRE,CABLE_AND_WIRE,CABLE GLAND TYPE 1060.07.075 | SLEEVE METAL | HZN451989P0009 | OEM:Agro AG | OEM P/N:1060.07.075 | Clamping dia: 7.5mm required for | Trafag thermostat 414262032227,CABLE GLAND SLEEVE METAL HZN451989P0009 AG :1060.07.075 CLAMPING DIA: 7.5MM REQUIRED FOR TRAFAG THERMOSTAT 414262032227,STANDARD,UNSPECIFIED,UNSPECIFIED,UNSPECIFIED,UNSPECIFIED,UNSPECIFIED,UNSPECIFIED,EE|CABL|STANDARD|UNSPECIFIED|UNSPECIFIED|UNSPECIFIED|UNSPECIFIED|UNSPECIFIED|UNSPECIFIED,AUTO_MAPPED_TO_EXISTING_CNMC
CNMC-EE-CONN-000012,BHEL,DV0692223967,ELECTRICAL_AND_ELECTRONICS,CONNECTOR,CONNECTOR,ADAPTER PLUGNBT200235P0511 | Adapter plug | NBT200235P0511,ADAPTER PLUGNBT200235P0511 ADAPTER PLUG NBT200235P0511,STANDARD,UNSPECIFIED,UNSPECIFIED,UNSPECIFIED,UNSPECIFIED,UNSPECIFIED,UNSPECIFIED,EE|CONN|STANDARD|UNSPECIFIED|UNSPECIFIED|UNSPECIFIED|UNSPECIFIED|UNSPECIFIED|UNSPECIFIED,AUTO_MAPPED_TO_EXISTING_CNMC
CNMC-EE-CONN-000012,BHEL,DV0692224386,ELECTRICAL_AND_ELECTRONICS,CONNECTOR,CONNECTOR,CABLE CONNECTOR 3 POLIG TYPE 510-25 | PLUG | EIN400236P0003 | DRG:EIN400236P0003 | REF TYPE NO 510-25,CABLE CONNECTOR 3 POLIG PLUG EIN400236P0003 NO 510-25,STANDARD,UNSPECIFIED,UNSPECIFIED,UNSPECIFIED,UNSPECIFIED,UNSPECIFIED,UNSPECIFIED,EE|CONN|STANDARD|UNSPECIFIED|UNSPECIFIED|UNSPECIFIED|UNSPECIFIED|UNSPECIFIED|UNSPECIFIED,AUTO_MAPPED_TO_EXISTING_CNMC
CNMC-EE-CONN-000012,BHEL,DV0692225633,ELECTRICAL_AND_ELECTRONICS,CONNECTOR,CONNECTOR,CNCTR PIN CONTACT | PIN CONTACT | 8656-0352-066 | DRG:HESN454591P0100,CONNECTOR PIN CONTACT PIN CONTACT 8656-0352-066,STANDARD,UNSPECIFIED,UNSPECIFIED,UNSPECIFIED,UNSPECIFIED,UNSPECIFIED,UNSPECIFIED,EE|CONN|STANDARD|UNSPECIFIED|UNSPECIFIED|UNSPECIFIED|UNSPECIFIED|UNSPECIFIED|UNSPECIFIED,AUTO_MAPPED_TO_EXISTING_CNMC
CNMC-EE-CONN-000012,BHEL,DV0692225641,ELECTRICAL_AND_ELECTRONICS,CONNECTOR,CONNECTOR,CNCTR PIN CASE 15 POLES | PIN CASE 15 POLES | 8656-15pl LTX | DRG:HESN454591P0115,CONNECTOR PIN CASE 15 POLES PIN CASE 15 POLES 8656-15PL LTX,STANDARD,UNSPECIFIED,UNSPECIFIED,UNSPECIFIED,UNSPECIFIED,UNSPECIFIED,UNSPECIFIED,EE|CONN|STANDARD|UNSPECIFIED|UNSPECIFIED|UNSPECIFIED|UNSPECIFIED|UNSPECIFIED|UNSPECIFIED,AUTO_MAPPED_TO_EXISTING_CNMC
CNMC-IN-INST-000001,BHEL,DV0692227520,INSTRUMENTATION_AND_CONTROL,INSTRUMENTATION,INSTRUMENTATION,OP_FIB:TRANSMITTER-QFBR-1478A-820nm | QFBR 1478 A  820nm | DRG:3BHC380000R0001,OP_FIB:TRANSMITTER-QFBR-1478A-820NM QFBR 1478 A 820NM,STANDARD,UNSPECIFIED,UNSPECIFIED,UNSPECIFIED,UNSPECIFIED,UNSPECIFIED,UNSPECIFIED,IN|INST|STANDARD|UNSPECIFIED|UNSPECIFIED|UNSPECIFIED|UNSPECIFIED|UNSPECIFIED|UNSPECIFIED,AUTO_MAPPED_TO_EXISTING_CNMC
CNMC-GN-GEN-000001,BHEL,DV0692227580,GENERAL_MATERIALS,GENERAL_MATERIAL,GENERAL_MATERIAL,OP_FIB:RECEIVER-QFBR-2478A-820nm | OP_FIB:RECEIVER | QFBR-2478 | QFBR 2478    820nm | DRG:3BHC380001R0001,OP_FIB:RECEIVER-QFBR-2478A-820NM OP_FIB:RECEIVER QFBR-2478 QFBR 2478 820NM,STANDARD,UNSPECIFIED,UNSPECIFIED,UNSPECIFIED,UNSPECIFIED,UNSPECIFIED,UNSPECIFIED,GN|GEN|STANDARD|UNSPECIFIED|UNSPECIFIED|UNSPECIFIED|UNSPECIFIED|UNSPECIFIED|UNSPECIFIED,AUTO_MAPPED_TO_EXISTING_CNMC
CNMC-EE-CABL-000001,BHEL,DV0692228802,ELECTRICAL_AND_ELECTRONICS,CABLE_AND_WIRE,CABLE_AND_WIRE,MULTIPLE BASE CABLE TIE PL | MULTIPLE BASE CABLE | TIE | GMN937124P0025,MULTIPLE BASE CABLE TIE PL MULTIPLE BASE CABLE TIE GMN937124P0025,STANDARD,UNSPECIFIED,UNSPECIFIED,UNSPECIFIED,UNSPECIFIED,UNSPECIFIED,UNSPECIFIED,EE|CABL|STANDARD|UNSPECIFIED|UNSPECIFIED|UNSPECIFIED|UNSPECIFIED|UNSPECIFIED|UNSPECIFIED,AUTO_MAPPED_TO_EXISTING_CNMC
CNMC-EE-CONN-000012,BHEL,DV0692274758,ELECTRICAL_AND_ELECTRONICS,CONNECTOR,CONNECTOR,TERMINAL RECEPTACL FOR SL CRMPG- 63241-3 | Terminal RCPT FASTIN-FASTON 110 SERIES 63241-3 | CNCTR RECEPTACLE FOR SL CRMPG | Termination Style: Crimp,TERMINAL RECEPTACL FOR SL CRMPG- 63241-3 TERMINAL RCPT FASTIN-FASTON 110 SERIES 63241-3 CONNECTOR RECEPTACLE FOR SL CRMPG TERMINATION STYLE: CRIMP,STANDARD,UNSPECIFIED,UNSPECIFIED,UNSPECIFIED,UNSPECIFIED,UNSPECIFIED,UNSPECIFIED,EE|CONN|STANDARD|UNSPECIFIED|UNSPECIFIED|UNSPECIFIED|UNSPECIFIED|UNSPECIFIED|UNSPECIFIED,AUTO_MAPPED_TO_EXISTING_CNMC
CNMC-EE-SW-000006,BHEL,DV0692300724,ELECTRICAL_AND_ELECTRONICS,SWITCH,SWITCH,SWITCH PUSH BUTTON MAXPART:30589 | ROHS DEVICE WITH BACKWARD COMPATIBILITY,SWITCH PUSH BUTTON MAXPART:30589,STANDARD,UNSPECIFIED,UNSPECIFIED,UNSPECIFIED,UNSPECIFIED,UNSPECIFIED,30589,EE|SW|STANDARD|UNSPECIFIED|UNSPECIFIED|UNSPECIFIED|UNSPECIFIED|UNSPECIFIED|UNSPECIFIED,AUTO_MAPPED_TO_EXISTING_CNMC
CNMC-GN-GEN-000001,BHEL,DV0692300970,GENERAL_MATERIALS,GENERAL_MATERIAL,GENERAL_MATERIAL,COMPONENT JACK | ROHS DEVICE WITH BACKWARD COMPATIBILITY,COMPONENT JACK,STANDARD,UNSPECIFIED,UNSPECIFIED,UNSPECIFIED,UNSPECIFIED,UNSPECIFIED,UNSPECIFIED,GN|GEN|STANDARD|UNSPECIFIED|UNSPECIFIED|UNSPECIFIED|UNSPECIFIED|UNSPECIFIED|UNSPECIFIED,AUTO_MAPPED_TO_EXISTING_CNMC
CNMC-EE-FUSE-000003,BHEL,DV0692301275,ELECTRICAL_AND_ELECTRONICS,FUSE,FUSE,FUSE HOLDER P.C. MT.MAXPART:47386 | MAXPART:47386 | DATE CODE CLAUSE: | DATE CODE OF THE ITEMS SUPPLIED SHALL BE | LESS THAN OR EQUAL TO 24 MONTHS FROM THE | INVOICE DATE. PRIOR APPROVAL TO BE TAKEN | BY VENDOR IN CASE OF ANY DEVIATION FROM | THIS CLAUSE.,FUSE HOLDER P.C. MT.MAXPART:47386 MAXPART:47386,STANDARD,UNSPECIFIED,UNSPECIFIED,UNSPECIFIED,UNSPECIFIED,UNSPECIFIED,UNSPECIFIED,EE|FUSE|STANDARD|UNSPECIFIED|UNSPECIFIED|UNSPECIFIED|UNSPECIFIED|UNSPECIFIED|UNSPECIFIED,AUTO_MAPPED_TO_EXISTING_CNMC
CNMC-EE-FUSE-000009,BHEL,DV0692301291,ELECTRICAL_AND_ELECTRONICS,FUSE,"FUSE, 1A, 250V",FUSE 1A/250V 5 X 20 MM MAXPART:47389 | TO BE SUPPLIED IN OEM PACKING ONLY. | DATE CODE OF THE ITEMS SUPPLIED SHALL | BE LESS THAN OR EQUAL TO 24 MONTHS FROM | THE INVOICE DATE. PRIOR APPROVAL TO BE | TAKEN BY VENDOR IN CASE OF ANY DEVIATION | FROM THIS CLAUSE. | VALMET PART NO: 047389 / 082325,FUSE 1A/250V 5 X 20 MM MAXPART:47389 TO BE SUPPLIED IN ONLY.,STANDARD,1A,250V,UNSPECIFIED,UNSPECIFIED,UNSPECIFIED,UNSPECIFIED,EE|FUSE|STANDARD|1A|250V|UNSPECIFIED|UNSPECIFIED|UNSPECIFIED|UNSPECIFIED,AUTO_MAPPED_TO_EXISTING_CNMC
CNMC-EE-SW-000008,BHEL,DV0692301682,ELECTRICAL_AND_ELECTRONICS,SWITCH,"SWITCH, ROTARY",HEX ROTARY SWITCH | ROHS DEVICE WITH BACKWARD COMPATIBILITY,HEX ROTARY SWITCH,ROTARY,UNSPECIFIED,UNSPECIFIED,UNSPECIFIED,UNSPECIFIED,UNSPECIFIED,UNSPECIFIED,EE|SW|ROTARY|UNSPECIFIED|UNSPECIFIED|UNSPECIFIED|UNSPECIFIED|UNSPECIFIED|UNSPECIFIED,AUTO_MAPPED_TO_EXISTING_CNMC
CNMC-EE-CAP-000001,BHEL,DV0692302379,ELECTRICAL_AND_ELECTRONICS,CAPACITOR,CAPACITOR,"PLUNGER CAP BLACK DIA 0.1 INCH  EP&TP | PLUNGER CAP BLACK | DIA 0.1 INCH, EP&TP",PLUNGER CAP BLACK DIA 0.1 INCH EP TP PLUNGER CAP BLACK DIA 0.1 INCH EP TP,STANDARD,UNSPECIFIED,UNSPECIFIED,UNSPECIFIED,UNSPECIFIED,UNSPECIFIED,UNSPECIFIED,EE|CAP|STANDARD|UNSPECIFIED|UNSPECIFIED|UNSPECIFIED|UNSPECIFIED|UNSPECIFIED|UNSPECIFIED,AUTO_MAPPED_TO_EXISTING_CNMC
CNMC-GN-GEN-000001,BHEL,DV0692302859,GENERAL_MATERIALS,GENERAL_MATERIAL,GENERAL_MATERIAL,POLYFUSE 0.30 AMP SMDPKG | MAX PART: 81470 | TO BE SUPPLIED IN OEM TAPE AND REEL ONLY. | DATE CODE OF THE ITEMS SUPPLIED SHALL BE | LESS THAN OR EQUAL TO 24 MONTHS FROM THE | INVOICE DATE. PRIOR APPROVAL TO BE TAKEN | BY VENDOR IN CASE OF ANY DEVIATION FROM | THIS CLAUSE. | VALMET PART: 081470 / 082332.,POLYFUSE 0.30 AMP SMDPKG MAX PART: 81470 TO BE SUPPLIED IN,STANDARD,UNSPECIFIED,UNSPECIFIED,UNSPECIFIED,UNSPECIFIED,UNSPECIFIED,UNSPECIFIED,GN|GEN|STANDARD|UNSPECIFIED|UNSPECIFIED|UNSPECIFIED|UNSPECIFIED|UNSPECIFIED|UNSPECIFIED,AUTO_MAPPED_TO_EXISTING_CNMC
CNMC-GN-GEN-000003,BHEL,DV0692302948,GENERAL_MATERIALS,GENERAL_MATERIAL,"GENERAL_MATERIAL, PKG SMD",POLYFUSE SMD 1.1A IH MAX 30V 40A 0.24 R | TO BE SUPPLIED IN OEM TAPE AND REEL PACKING | ONLY. | DATE CODE OF THE ITEMS SUPPLIED SHALL BE | LESS THAN OR EQUAL TO 24 MONTHS FROM THE | INVOICE DATE. PRIOR APPROVAL TO BE TAKEN | BY VENDOR IN CASE OF ANY DEVIATION FROM | THIS CLAUSE. | MA PART NO: 082382,POLYFUSE SMD 1.1A IH MAX 30V 40A 0.24 R TO BE SUPPLIED IN,STANDARD,UNSPECIFIED,UNSPECIFIED,UNSPECIFIED,SMD,UNSPECIFIED,UNSPECIFIED,GN|GEN|STANDARD|UNSPECIFIED|UNSPECIFIED|UNSPECIFIED|SMD|UNSPECIFIED|UNSPECIFIED,AUTO_MAPPED_TO_EXISTING_CNMC
CNMC-EE-CONN-000029,BHEL,DV0692303014,ELECTRICAL_AND_ELECTRONICS,CONNECTOR,"CONNECTOR, PIN HEADER",HEADER 3 POSITION | HEADER 3 POSITION MAXPART:81577 | DATE CODE CLAUSE :----- DATE CODE OF THE | ITEMS SUPPLIED SHALL  BE  LESS  THAN  OR | EQUAL TO 24 MONTHS  FROM  THE  PO  DATE. | PRIOR APPROVAL TO  BE TAKEN BY VENDOR IN | CASE OF ANY DEVIATION FROM THIS  CLAUSE.,HEADER 3 POSITION HEADER 3 POSITION MAXPART:81577,PIN_HEADER,UNSPECIFIED,UNSPECIFIED,UNSPECIFIED,UNSPECIFIED,UNSPECIFIED,UNSPECIFIED,EE|CONN|PIN_HEADER|UNSPECIFIED|UNSPECIFIED|UNSPECIFIED|UNSPECIFIED|UNSPECIFIED|UNSPECIFIED,AUTO_MAPPED_TO_EXISTING_CNMC
CNMC-GN-GEN-000001,BHEL,DV0692303499,GENERAL_MATERIALS,GENERAL_MATERIAL,GENERAL_MATERIAL,MINI JUMP SHUNTS 5.08MM | MINI JUMP SHUNTS 65771-005,MINI JUMP SHUNTS 5.08MM MINI JUMP SHUNTS 65771-005,STANDARD,UNSPECIFIED,UNSPECIFIED,UNSPECIFIED,UNSPECIFIED,UNSPECIFIED,UNSPECIFIED,GN|GEN|STANDARD|UNSPECIFIED|UNSPECIFIED|UNSPECIFIED|UNSPECIFIED|UNSPECIFIED|UNSPECIFIED,AUTO_MAPPED_TO_EXISTING_CNMC
CNMC-GN-GEN-000001,BHEL,DV0692304550,GENERAL_MATERIALS,GENERAL_MATERIAL,GENERAL_MATERIAL,MINI JUMP SHUNTS 2.54MM | ROHS DEVICE WITH BACKWARD COMPATIBILITY,MINI JUMP SHUNTS 2.54MM,STANDARD,UNSPECIFIED,UNSPECIFIED,UNSPECIFIED,UNSPECIFIED,UNSPECIFIED,UNSPECIFIED,GN|GEN|STANDARD|UNSPECIFIED|UNSPECIFIED|UNSPECIFIED|UNSPECIFIED|UNSPECIFIED|UNSPECIFIED,AUTO_MAPPED_TO_EXISTING_CNMC
CNMC-EE-CONN-000030,BHEL,DV0692304630,ELECTRICAL_AND_ELECTRONICS,CONNECTOR,"CONNECTOR, PIN HEADER, 2P",HEADER 0.25 SQ. 2 PIN | ROHS DEVICE WITH BACKWARD COMPATIBILITY,HEADER 0.25 SQ. 2 PIN,PIN_HEADER,UNSPECIFIED,UNSPECIFIED,UNSPECIFIED,UNSPECIFIED,2P,UNSPECIFIED,EE|CONN|PIN_HEADER|UNSPECIFIED|UNSPECIFIED|UNSPECIFIED|UNSPECIFIED|2P|UNSPECIFIED,AUTO_MAPPED_TO_EXISTING_CNMC
CNMC-GN-GEN-000001,BHEL,DV0692308393,GENERAL_MATERIALS,GENERAL_MATERIAL,GENERAL_MATERIAL,KEY SLOT LOCKING SUPPORT POST 1/4 DIA | KEY SLOT LOCKING SUPPORT POST 1/4 DIA | TYPE: KSLSP1-4-01 MAXPART:050254,KEY SLOT LOCKING SUPPORT POST 1/4 DIA KEY SLOT LOCKING SUPPORT POST 1/4 DIA MAXPART:050254,STANDARD,UNSPECIFIED,UNSPECIFIED,UNSPECIFIED,UNSPECIFIED,UNSPECIFIED,UNSPECIFIED,GN|GEN|STANDARD|UNSPECIFIED|UNSPECIFIED|UNSPECIFIED|UNSPECIFIED|UNSPECIFIED|UNSPECIFIED,AUTO_MAPPED_TO_EXISTING_CNMC
CNMC-EE-MOD-000001,BHEL,DV0692309047,ELECTRICAL_AND_ELECTRONICS,ELECTRONIC_MODULE,ELECTRONIC_MODULE,CARD EDGE P.C. CONN. | CARD EDGE P.C.CONN. | VALMET REF: 047392 | DATE CODE CLAUSE :DATE CODE OF THE | ITEMS SUPPLIED SHALL BE LESS THAN OR | EQUAL TO 24 MONTHS FROM THE PO DATE. | PRIOR APPROVAL TO BE TAKEN BY VENDOR IN | CASE OF ANY DEVIATION FROM THIS CLAUSE. | SAP PART NO.OF VISHAY IS: EB83-S0L2240W-101,CARD EDGE P.C. CONN. CARD EDGE P.C.CONN. VALMET,STANDARD,UNSPECIFIED,UNSPECIFIED,UNSPECIFIED,UNSPECIFIED,UNSPECIFIED,UNSPECIFIED,EE|MOD|STANDARD|UNSPECIFIED|UNSPECIFIED|UNSPECIFIED|UNSPECIFIED|UNSPECIFIED|UNSPECIFIED,AUTO_MAPPED_TO_EXISTING_CNMC
CNMC-GN-GEN-000001,BHEL,DV0692309845,GENERAL_MATERIALS,GENERAL_MATERIAL,GENERAL_MATERIAL,SIDE ELEMENT TYPE: UM 108-SEFE/L,SIDE ELEMENT 108-SEFE/L,STANDARD,UNSPECIFIED,UNSPECIFIED,UNSPECIFIED,UNSPECIFIED,UNSPECIFIED,UNSPECIFIED,GN|GEN|STANDARD|UNSPECIFIED|UNSPECIFIED|UNSPECIFIED|UNSPECIFIED|UNSPECIFIED|UNSPECIFIED,AUTO_MAPPED_TO_EXISTING_CNMC
CNMC-GN-GEN-000001,BHEL,DV0692309853,GENERAL_MATERIALS,GENERAL_MATERIAL,GENERAL_MATERIAL,SIDE ELEMENT TYPE: UM 108-SEFE/R,SIDE ELEMENT 108-SEFE/R,STANDARD,UNSPECIFIED,UNSPECIFIED,UNSPECIFIED,UNSPECIFIED,UNSPECIFIED,UNSPECIFIED,GN|GEN|STANDARD|UNSPECIFIED|UNSPECIFIED|UNSPECIFIED|UNSPECIFIED|UNSPECIFIED|UNSPECIFIED,AUTO_MAPPED_TO_EXISTING_CNMC
CNMC-EE-REL-000001,BHEL,DV0692320628,ELECTRICAL_AND_ELECTRONICS,RELAY,RELAY,RETAINER SPRING 31-6514-101 | RETAINER SPRING FOR | OEN RELAY 2R3115 | TYPE 31-6514-101,RETAINER SPRING 31-6514-101 RETAINER SPRING FOR OEN RELAY 2R3115,STANDARD,UNSPECIFIED,UNSPECIFIED,UNSPECIFIED,UNSPECIFIED,UNSPECIFIED,UNSPECIFIED,EE|REL|STANDARD|UNSPECIFIED|UNSPECIFIED|UNSPECIFIED|UNSPECIFIED|UNSPECIFIED|UNSPECIFIED,AUTO_MAPPED_TO_EXISTING_CNMC
CNMC-EE-FUSE-000010,BHEL,DV0692331280,ELECTRICAL_AND_ELECTRONICS,FUSE,"FUSE, 3A, 125V",FUSE 3A 125V SUBMIN VFA | VALMET REF: 082318 | ROHS DEVICE WITH BACKWARD COMPATIBILITY. | OEM TAPE AND REEL PACKING ONLY. VENDORS TO | QUOTE IN MULTIPLES OF SPQ ONLY. DATE CODE | TO BE LESS THAN 24 MONTHS FROM INVOICE DATE.,FUSE 3A 125V SUBMIN VFA VALMET,STANDARD,3A,125V,UNSPECIFIED,UNSPECIFIED,UNSPECIFIED,UNSPECIFIED,EE|FUSE|STANDARD|3A|125V|UNSPECIFIED|UNSPECIFIED|UNSPECIFIED|UNSPECIFIED,AUTO_MAPPED_TO_EXISTING_CNMC
CNMC-GN-GEN-000001,BHEL,DV0692331352,GENERAL_MATERIALS,GENERAL_MATERIAL,GENERAL_MATERIAL,"COMPONENT JACK, REUSABLE | ROHS DEVICE WITH BACKWARD COMPATIBILITY.",COMPONENT JACK REUSABLE,STANDARD,UNSPECIFIED,UNSPECIFIED,UNSPECIFIED,UNSPECIFIED,UNSPECIFIED,UNSPECIFIED,GN|GEN|STANDARD|UNSPECIFIED|UNSPECIFIED|UNSPECIFIED|UNSPECIFIED|UNSPECIFIED|UNSPECIFIED,AUTO_MAPPED_TO_EXISTING_CNMC
CNMC-GN-GEN-000001,BHEL,DV0692331620,GENERAL_MATERIALS,GENERAL_MATERIAL,GENERAL_MATERIAL,TEST POINTLOOP TP-102-01-T | ROHS DEVICE WITH BACKWARD COMPATIBILITY.,TEST POINTLOOP TP-102-01-T,STANDARD,UNSPECIFIED,UNSPECIFIED,UNSPECIFIED,UNSPECIFIED,UNSPECIFIED,UNSPECIFIED,GN|GEN|STANDARD|UNSPECIFIED|UNSPECIFIED|UNSPECIFIED|UNSPECIFIED|UNSPECIFIED|UNSPECIFIED,AUTO_MAPPED_TO_EXISTING_CNMC
CNMC-GN-GEN-000001,BHEL,DV0692331867,GENERAL_MATERIALS,GENERAL_MATERIAL,GENERAL_MATERIAL,THERMAL COMPOUND THERMALCOTE 250G | MA PART NO: 075297 | DATE CODE OF THE ITEM SUPPLIED TO BE LESS ONE | YEAR. BHEL'S WRITTEN | APPROVAL | IS | REQUIRED | IN | CASE | OF | ANY | DEVIATION FROM THIS.,THERMAL COMPOUND THERMALCOTE 250G MA PART NO: 075297,STANDARD,UNSPECIFIED,UNSPECIFIED,UNSPECIFIED,UNSPECIFIED,UNSPECIFIED,UNSPECIFIED,GN|GEN|STANDARD|UNSPECIFIED|UNSPECIFIED|UNSPECIFIED|UNSPECIFIED|UNSPECIFIED|UNSPECIFIED,AUTO_MAPPED_TO_EXISTING_CNMC
CNMC-EE-CONN-000031,BHEL,DV0692332383,ELECTRICAL_AND_ELECTRONICS,CONNECTOR,"CONNECTOR, 32P, MALE","CONNECTOR DIN41612-TYPE F 32 PIN, FEMALE | Backplane connector Female",CONNECTOR DIN41612- 32 PIN FEMALE BACKPLANE CONNECTOR FEMALE,STANDARD,UNSPECIFIED,UNSPECIFIED,UNSPECIFIED,UNSPECIFIED,32P,UNSPECIFIED,EE|CONN|STANDARD|UNSPECIFIED|UNSPECIFIED|UNSPECIFIED|UNSPECIFIED|32P|MALE,AUTO_MAPPED_TO_EXISTING_CNMC
CNMC-EE-CABL-000001,BHEL,DV0692332439,ELECTRICAL_AND_ELECTRONICS,CABLE_AND_WIRE,CABLE_AND_WIRE,CABLE CAT6 DPU-MR BACKUP | CABLE CAT6 DPU-MR BACKUP Valmet ref: LD049228 | Make   : M/s Panduit GmbH | Part no: UTPSP3Y,CABLE CAT6 DPU-MR BACKUP CABLE CAT6 DPU-MR BACKUP VALMET MAKE : M/S PANDUIT GMBH PART NO: UTPSP3Y,STANDARD,UNSPECIFIED,UNSPECIFIED,UNSPECIFIED,UNSPECIFIED,UNSPECIFIED,UNSPECIFIED,EE|CABL|STANDARD|UNSPECIFIED|UNSPECIFIED|UNSPECIFIED|UNSPECIFIED|UNSPECIFIED|UNSPECIFIED,AUTO_MAPPED_TO_EXISTING_CNMC
CNMC-EE-CONN-000032,BHEL,DV0692332650,ELECTRICAL_AND_ELECTRONICS,CONNECTOR,"CONNECTOR, 40P",CONNECTOR 40PIN DUAL ROW,CONNECTOR 40PIN DUAL ROW,STANDARD,UNSPECIFIED,UNSPECIFIED,UNSPECIFIED,UNSPECIFIED,40P,UNSPECIFIED,EE|CONN|STANDARD|UNSPECIFIED|UNSPECIFIED|UNSPECIFIED|UNSPECIFIED|40P|UNSPECIFIED,AUTO_MAPPED_TO_EXISTING_CNMC
CNMC-EE-CONN-000012,BHEL,DV0692332782,ELECTRICAL_AND_ELECTRONICS,CONNECTOR,CONNECTOR,"CONNECTOR 2X17 PINS | maxDNA PART REF: LD082604,A | RoHS DEVICE WITH BACKWARD COMPATIBILITY.",CONNECTOR 2X17 PINS MAXDNA PART A,STANDARD,UNSPECIFIED,UNSPECIFIED,UNSPECIFIED,UNSPECIFIED,UNSPECIFIED,UNSPECIFIED,EE|CONN|STANDARD|UNSPECIFIED|UNSPECIFIED|UNSPECIFIED|UNSPECIFIED|UNSPECIFIED|UNSPECIFIED,AUTO_MAPPED_TO_EXISTING_CNMC
CNMC-EE-CONN-000033,BHEL,DV0692332790,ELECTRICAL_AND_ELECTRONICS,CONNECTOR,"CONNECTOR, 2MM","CONNECTOR 1X4 PINS 2MM PITCH | maxDNA PART REF: LD082605,A | RoHS DEVICE WITH BACKWARD COMPATIBILITY.",CONNECTOR 1X4 PINS 2MM PITCH MAXDNA PART A,STANDARD,2MM,UNSPECIFIED,UNSPECIFIED,UNSPECIFIED,UNSPECIFIED,UNSPECIFIED,EE|CONN|STANDARD|2MM|UNSPECIFIED|UNSPECIFIED|UNSPECIFIED|UNSPECIFIED|UNSPECIFIED,AUTO_MAPPED_TO_EXISTING_CNMC
CNMC-EE-CONN-000012,BHEL,DV0692332804,ELECTRICAL_AND_ELECTRONICS,CONNECTOR,CONNECTOR,"CONNECTOR RJ45 W/ MAGNETICS | maxDNA PART REF: LD082568,A | RoHS DEVICE WITH BACKWARD COMPATIBILITY.",CONNECTOR RJ45 W/ MAGNETICS MAXDNA PART A,STANDARD,UNSPECIFIED,UNSPECIFIED,UNSPECIFIED,UNSPECIFIED,UNSPECIFIED,UNSPECIFIED,EE|CONN|STANDARD|UNSPECIFIED|UNSPECIFIED|UNSPECIFIED|UNSPECIFIED|UNSPECIFIED|UNSPECIFIED,AUTO_MAPPED_TO_EXISTING_CNMC
CNMC-EE-CONN-000012,BHEL,DV0692332855,ELECTRICAL_AND_ELECTRONICS,CONNECTOR,CONNECTOR,"CONNECTOR RJ45 JK0-0036NL | maxDNA PART REF: LD094004,A | ROHS WITH BACKWARD COMPATIBILITY",CONNECTOR RJ45 JK0-0036NL MAXDNA PART A ROHS WITH BACKWARD COMPATIBILITY,STANDARD,UNSPECIFIED,UNSPECIFIED,UNSPECIFIED,UNSPECIFIED,UNSPECIFIED,UNSPECIFIED,EE|CONN|STANDARD|UNSPECIFIED|UNSPECIFIED|UNSPECIFIED|UNSPECIFIED|UNSPECIFIED|UNSPECIFIED,AUTO_MAPPED_TO_EXISTING_CNMC
CNMC-EE-CONN-000034,BHEL,DV0692333045,ELECTRICAL_AND_ELECTRONICS,CONNECTOR,"CONNECTOR, 2.54MM",CONNECTOR 8X2 POLES 2.54MM PITCH | MAXDNA PART REF: 81528,CONNECTOR 8X2 POLES 2.54MM PITCH MAXDNA PART,STANDARD,2.54MM,UNSPECIFIED,UNSPECIFIED,UNSPECIFIED,UNSPECIFIED,UNSPECIFIED,EE|CONN|STANDARD|2.54MM|UNSPECIFIED|UNSPECIFIED|UNSPECIFIED|UNSPECIFIED|UNSPECIFIED,AUTO_MAPPED_TO_EXISTING_CNMC
CNMC-EE-SW-000013,BHEL,DV0692333135,ELECTRICAL_AND_ELECTRONICS,SWITCH,"SWITCH, ROTARY, PKG RIGHT_ANGLED",SWITCH ROTARY RIGHT ANGLE | VALMET REF: 094105 DATE CODE TO BE LESS THAN | 24 MONTHS OF THE INVOICE | DATE. BHEL'S WRITTEN APPROVAL IS REQUIRED IN | CASE OF ANY DEVIATION AS | ABOVE.,SWITCH ROTARY RIGHT_ANGLED VALMET,ROTARY,UNSPECIFIED,UNSPECIFIED,UNSPECIFIED,RIGHT_ANGLED,UNSPECIFIED,UNSPECIFIED,EE|SW|ROTARY|UNSPECIFIED|UNSPECIFIED|UNSPECIFIED|RIGHT_ANGLED|UNSPECIFIED|UNSPECIFIED,AUTO_MAPPED_TO_EXISTING_CNMC
CNMC-EE-CONN-000012,BHEL,DV0692333277,ELECTRICAL_AND_ELECTRONICS,CONNECTOR,CONNECTOR,CONNECTOR 4-PORT 100 BASE-T | VALMET REF: 094276 DATE CODE TO BE LESS THAN | 24 MONTHS OF THE INVOICE | DATE. BHEL'S WRITTEN APPROVAL IS REQUIRED IN | CASE OF ANY DEVIATION AS | ABOVE.,CONNECTOR 4-PORT 100 BASE-T VALMET,STANDARD,UNSPECIFIED,UNSPECIFIED,UNSPECIFIED,UNSPECIFIED,UNSPECIFIED,UNSPECIFIED,EE|CONN|STANDARD|UNSPECIFIED|UNSPECIFIED|UNSPECIFIED|UNSPECIFIED|UNSPECIFIED|UNSPECIFIED,AUTO_MAPPED_TO_EXISTING_CNMC
CNMC-EE-CONN-000012,BHEL,DV0692333285,ELECTRICAL_AND_ELECTRONICS,CONNECTOR,CONNECTOR,CONNECTOR 7X2 POS. 2.54 PITCH | VALMET REF: 094284 DATE CODE TO BE LESS THAN | 24 MONTHS OF THE INVOICE | DATE. BHEL'S WRITTEN APPROVAL IS REQUIRED IN | CASE OF ANY DEVIATION AS | ABOVE.,CONNECTOR 7X2 POS. 2.54 PITCH VALMET,STANDARD,UNSPECIFIED,UNSPECIFIED,UNSPECIFIED,UNSPECIFIED,UNSPECIFIED,UNSPECIFIED,EE|CONN|STANDARD|UNSPECIFIED|UNSPECIFIED|UNSPECIFIED|UNSPECIFIED|UNSPECIFIED|UNSPECIFIED,AUTO_MAPPED_TO_EXISTING_CNMC
CNMC-EE-CONN-000035,BHEL,DV0692333301,ELECTRICAL_AND_ELECTRONICS,CONNECTOR,"CONNECTOR, PKG SMD",CONNECTOR USB MICRO-B SMD | VALMET REF: 094301 DATE CODE TO BE LESS THAN | 24 MONTHS OF THE INVOICE | DATE. BHEL'S WRITTEN APPROVAL IS REQUIRED IN | CASE OF ANY DEVIATION AS | ABOVE.,CONNECTOR USB MICRO-B SMD VALMET,STANDARD,UNSPECIFIED,UNSPECIFIED,UNSPECIFIED,SMD,UNSPECIFIED,UNSPECIFIED,EE|CONN|STANDARD|UNSPECIFIED|UNSPECIFIED|UNSPECIFIED|SMD|UNSPECIFIED|UNSPECIFIED,AUTO_MAPPED_TO_EXISTING_CNMC
CNMC-GN-GEN-000001,BHEL,DV0692334211,GENERAL_MATERIALS,GENERAL_MATERIAL,GENERAL_MATERIAL,"TRANSZORB 40V 600W SMBJ40CA DO214 | ""DATE CODE TO BE LESS THAN 24 MONTHS | FROM INVOICE DATE.",TRANSZORB 40V 600W SMBJ40CA DO214,STANDARD,UNSPECIFIED,UNSPECIFIED,UNSPECIFIED,UNSPECIFIED,UNSPECIFIED,UNSPECIFIED,GN|GEN|STANDARD|UNSPECIFIED|UNSPECIFIED|UNSPECIFIED|UNSPECIFIED|UNSPECIFIED|UNSPECIFIED,AUTO_MAPPED_TO_EXISTING_CNMC
CNMC-EE-FUSE-000011,BHEL,DV0692334220,ELECTRICAL_AND_ELECTRONICS,FUSE,"FUSE, 2A","FUSE BOARD MOUNT 2A 65VAC/VDC RAD | ""DATE CODE TO BE LESS THAN 24 MONTHS | FROM INVOICE DATE.",FUSE BOARD MOUNT 2A 65VAC/VDC RAD,STANDARD,2A,UNSPECIFIED,UNSPECIFIED,UNSPECIFIED,UNSPECIFIED,UNSPECIFIED,EE|FUSE|STANDARD|2A|UNSPECIFIED|UNSPECIFIED|UNSPECIFIED|UNSPECIFIED|UNSPECIFIED,AUTO_MAPPED_TO_EXISTING_CNMC
CNMC-EE-CONN-000035,BHEL,DV0692334238,ELECTRICAL_AND_ELECTRONICS,CONNECTOR,"CONNECTOR, PKG SMD","CONNECTOR PC TEST POINT MINIATURE SMD | ""DATE CODE TO BE LESS THAN 24 MONTHS | FROM INVOICE DATE.",CONNECTOR PC TEST POINT MINIATURE SMD,STANDARD,UNSPECIFIED,UNSPECIFIED,UNSPECIFIED,SMD,UNSPECIFIED,UNSPECIFIED,EE|CONN|STANDARD|UNSPECIFIED|UNSPECIFIED|UNSPECIFIED|SMD|UNSPECIFIED|UNSPECIFIED,AUTO_MAPPED_TO_EXISTING_CNMC
CNMC-EE-FUSE-000012,BHEL,DV0692342354,ELECTRICAL_AND_ELECTRONICS,FUSE,"FUSE, 5A, 32V","FUSE MINI BLADE TYPE THT 32V 5A | MA PART NO: 74206500,0 | ROHS DEVICE WITH BACKWARD COMPATIBILITY.",FUSE MINI BLADE 32V 5A MA PART NO: 74206500 0,STANDARD,5A,32V,UNSPECIFIED,UNSPECIFIED,UNSPECIFIED,UNSPECIFIED,EE|FUSE|STANDARD|5A|32V|UNSPECIFIED|UNSPECIFIED|UNSPECIFIED|UNSPECIFIED,AUTO_MAPPED_TO_EXISTING_CNMC
CNMC-EE-FUSE-000013,BHEL,DV0692342362,ELECTRICAL_AND_ELECTRONICS,FUSE,"FUSE, 1A, PKG SMD","FUSE RESETTABLE PTC 0.1A MF-MSMF010 SMD | MA PART NO: 62606040,0 | ROHS DEVICE WITH BACKWARD COMPATIBILITY. | OEM TAPE AND REEL PACKING ONLY.",FUSE RESETTABLE PTC 0.1A METAL_FILM-MSMF010 SMD MA PART NO: 62606040 0,STANDARD,1A,UNSPECIFIED,UNSPECIFIED,SMD,UNSPECIFIED,UNSPECIFIED,EE|FUSE|STANDARD|1A|UNSPECIFIED|UNSPECIFIED|SMD|UNSPECIFIED|UNSPECIFIED,AUTO_MAPPED_TO_EXISTING_CNMC
CNMC-EE-CONN-000036,BHEL,DV0692343130,ELECTRICAL_AND_ELECTRONICS,CONNECTOR,"CONNECTOR, MALE","CONNECTOR FEMALE IPS1-104-01-S-D-RA | MA PART NO: 71000108,0 OEM PACKING ONLY. DATE | CODE TO BE LESS THAN 24 | MONTHS FROM INVOICE DATE. BHEL'S WRITTEN | APPROVAL IS REQUIRED IN CASE OF | ANY DEVIATION FROM THE ABOVE.",CONNECTOR FEMALE IPS1-104-01-S-D-RA MA PART NO: 71000108 0 ONLY.,STANDARD,UNSPECIFIED,UNSPECIFIED,UNSPECIFIED,UNSPECIFIED,UNSPECIFIED,UNSPECIFIED,EE|CONN|STANDARD|UNSPECIFIED|UNSPECIFIED|UNSPECIFIED|UNSPECIFIED|UNSPECIFIED|MALE,AUTO_MAPPED_TO_EXISTING_CNMC
CNMC-EE-CONN-000036,BHEL,DV0692343148,ELECTRICAL_AND_ELECTRONICS,CONNECTOR,"CONNECTOR, MALE","CONNECTOR MALE IPT1-104-01-S-D-RA | MA PART NO: 71000114,0 OEM PACKING ONLY. DATE | CODE TO BE LESS THAN 24 | MONTHS FROM INVOICE DATE. BHEL'S WRITTEN | APPROVAL IS REQUIRED IN CASE OF",CONNECTOR MALE IPT1-104-01-S-D-RA MA PART NO: 71000114 0 ONLY.,STANDARD,UNSPECIFIED,UNSPECIFIED,UNSPECIFIED,UNSPECIFIED,UNSPECIFIED,UNSPECIFIED,EE|CONN|STANDARD|UNSPECIFIED|UNSPECIFIED|UNSPECIFIED|UNSPECIFIED|UNSPECIFIED|MALE,AUTO_MAPPED_TO_EXISTING_CNMC
CNMC-GN-GEN-000004,BHEL,DV0692343172,GENERAL_MATERIALS,GENERAL_MATERIAL,"GENERAL_MATERIAL, PKG STRAIGHT","CONN 2X3 STACKED PIN STRAIGHT SMD | CON 2X3 STACKED PINS STRAIGHT SMD | 1.27mm PITCH (with alignment pins) | MA PART NO: 71170011,0",CONN 2X3 STACKED PIN STRAIGHT SMD CON 2X3 STACKED PINS STRAIGHT SMD 1.27MM PITCH WITH ALIGNMENT PINS MA PART NO: 71170011 0,STANDARD,UNSPECIFIED,UNSPECIFIED,UNSPECIFIED,STRAIGHT,UNSPECIFIED,UNSPECIFIED,GN|GEN|STANDARD|UNSPECIFIED|UNSPECIFIED|UNSPECIFIED|STRAIGHT|UNSPECIFIED|UNSPECIFIED,AUTO_MAPPED_TO_EXISTING_CNMC
CNMC-GN-GEN-000004,BHEL,DV0692343180,GENERAL_MATERIALS,GENERAL_MATERIAL,"GENERAL_MATERIAL, PKG STRAIGHT","CONN 2X10 STACKED PIN STRAIGHT SMD | CON 2X10 STACKED PIN STRAIGHT SMD | 1.27mm (with alignment pins) | MA PART NO: 71170012,0",CONN 2X10 STACKED PIN STRAIGHT SMD CON 2X10 STACKED PIN STRAIGHT SMD 1.27MM WITH ALIGNMENT PINS MA PART NO: 71170012 0,STANDARD,UNSPECIFIED,UNSPECIFIED,UNSPECIFIED,STRAIGHT,UNSPECIFIED,UNSPECIFIED,GN|GEN|STANDARD|UNSPECIFIED|UNSPECIFIED|UNSPECIFIED|STRAIGHT|UNSPECIFIED|UNSPECIFIED,AUTO_MAPPED_TO_EXISTING_CNMC
CNMC-EE-CONN-000035,BHEL,DV0692344012,ELECTRICAL_AND_ELECTRONICS,CONNECTOR,"CONNECTOR, PKG SMD","CONNECTOR SMD 2X9 PIN RIGHT ANGLE | MA PART NO: 71170918,0 OEM PACKING ONLY.",CONNECTOR SMD 2X9 PIN RIGHT_ANGLED MA PART NO: 71170918 0 ONLY.,STANDARD,UNSPECIFIED,UNSPECIFIED,UNSPECIFIED,SMD,UNSPECIFIED,UNSPECIFIED,EE|CONN|STANDARD|UNSPECIFIED|UNSPECIFIED|UNSPECIFIED|SMD|UNSPECIFIED|UNSPECIFIED,AUTO_MAPPED_TO_EXISTING_CNMC
CNMC-EE-CONN-000035,BHEL,DV0692344020,ELECTRICAL_AND_ELECTRONICS,CONNECTOR,"CONNECTOR, PKG SMD","CONNECTOR SMD 2X10 PIN RIGHT ANGLE | MA PART NO: 71170920,0",CONNECTOR SMD 2X10 PIN RIGHT_ANGLED MA PART NO: 71170920 0,STANDARD,UNSPECIFIED,UNSPECIFIED,UNSPECIFIED,SMD,UNSPECIFIED,UNSPECIFIED,EE|CONN|STANDARD|UNSPECIFIED|UNSPECIFIED|UNSPECIFIED|SMD|UNSPECIFIED|UNSPECIFIED,AUTO_MAPPED_TO_EXISTING_CNMC
CNMC-EE-CONN-000037,BHEL,DV0692344039,ELECTRICAL_AND_ELECTRONICS,CONNECTOR,"CONNECTOR, 4P, PKG SMD","CONNECTOR SMD 2X5/4 PIN RIGHT ANGLE | MA PART NO: 71170921,0 OEM PACKING ONLY.",CONNECTOR SMD 2X5/4 PIN RIGHT_ANGLED MA PART NO: 71170921 0 ONLY.,STANDARD,UNSPECIFIED,UNSPECIFIED,UNSPECIFIED,SMD,4P,UNSPECIFIED,EE|CONN|STANDARD|UNSPECIFIED|UNSPECIFIED|UNSPECIFIED|SMD|4P|UNSPECIFIED,AUTO_MAPPED_TO_EXISTING_CNMC
CNMC-EE-CONN-000038,BHEL,DV0692344055,ELECTRICAL_AND_ELECTRONICS,CONNECTOR,"CONNECTOR, PKG SMD, MALE","CONNECTOR SMD 2X5 FEMALE STRAIGHT | MA PART NO: 71171010,0",CONNECTOR SMD 2X5 FEMALE STRAIGHT MA PART NO: 71171010 0,STANDARD,UNSPECIFIED,UNSPECIFIED,UNSPECIFIED,SMD,UNSPECIFIED,UNSPECIFIED,EE|CONN|STANDARD|UNSPECIFIED|UNSPECIFIED|UNSPECIFIED|SMD|UNSPECIFIED|MALE,AUTO_MAPPED_TO_EXISTING_CNMC
CNMC-EE-CONN-000038,BHEL,DV0692344063,ELECTRICAL_AND_ELECTRONICS,CONNECTOR,"CONNECTOR, PKG SMD, MALE","CONNECTOR SMD 2X3 FEMALE STRAIGHT | MA PART NO: 71171013,0",CONNECTOR SMD 2X3 FEMALE STRAIGHT MA PART NO: 71171013 0,STANDARD,UNSPECIFIED,UNSPECIFIED,UNSPECIFIED,SMD,UNSPECIFIED,UNSPECIFIED,EE|CONN|STANDARD|UNSPECIFIED|UNSPECIFIED|UNSPECIFIED|SMD|UNSPECIFIED|MALE,AUTO_MAPPED_TO_EXISTING_CNMC
CNMC-EE-CONN-000038,BHEL,DV0692344080,ELECTRICAL_AND_ELECTRONICS,CONNECTOR,"CONNECTOR, PKG SMD, MALE","CONNECTOR SMD 2X10 FEMALE STRAIGHT | MA PART NO: 71171020,0",CONNECTOR SMD 2X10 FEMALE STRAIGHT MA PART NO: 71171020 0,STANDARD,UNSPECIFIED,UNSPECIFIED,UNSPECIFIED,SMD,UNSPECIFIED,UNSPECIFIED,EE|CONN|STANDARD|UNSPECIFIED|UNSPECIFIED|UNSPECIFIED|SMD|UNSPECIFIED|MALE,AUTO_MAPPED_TO_EXISTING_CNMC
CNMC-EE-CONN-000067,BHEL,DV0692344160,ELECTRICAL_AND_ELECTRONICS,CONNECTOR,"CONNECTOR, 5P, PKG RIGHT_ANGLED","CONNECTOR 2X7/5 PIN RIGHT ANGLE | MA PART NO: 71172910,0",CONNECTOR 2X7/5 PIN RIGHT_ANGLED MA PART NO: 71172910 0,STANDARD,UNSPECIFIED,UNSPECIFIED,UNSPECIFIED,RIGHT_ANGLED,5P,UNSPECIFIED,EE|CONN|STANDARD|UNSPECIFIED|UNSPECIFIED|UNSPECIFIED|RIGHT_ANGLED|5P|UNSPECIFIED,AUTO_MAPPED_TO_EXISTING_CNMC
CNMC-EE-CONN-000068,BHEL,DV0692344179,ELECTRICAL_AND_ELECTRONICS,CONNECTOR,"CONNECTOR, PKG RIGHT_ANGLED","CONNECTOR 2X7 PIN RIGHT ANGLE | MA PART NO: 71172915,0",CONNECTOR 2X7 PIN RIGHT_ANGLED MA PART NO: 71172915 0,STANDARD,UNSPECIFIED,UNSPECIFIED,UNSPECIFIED,RIGHT_ANGLED,UNSPECIFIED,UNSPECIFIED,EE|CONN|STANDARD|UNSPECIFIED|UNSPECIFIED|UNSPECIFIED|RIGHT_ANGLED|UNSPECIFIED|UNSPECIFIED,AUTO_MAPPED_TO_EXISTING_CNMC
CNMC-EE-CONN-000040,BHEL,DV0692344209,ELECTRICAL_AND_ELECTRONICS,CONNECTOR,"CONNECTOR, PKG STRAIGHT, MALE","CONNECTOR 2X9 PIN FEMALE STRAIGHT | MA PART NO: 71173018,0",CONNECTOR 2X9 PIN FEMALE STRAIGHT MA PART NO: 71173018 0,STANDARD,UNSPECIFIED,UNSPECIFIED,UNSPECIFIED,STRAIGHT,UNSPECIFIED,UNSPECIFIED,EE|CONN|STANDARD|UNSPECIFIED|UNSPECIFIED|UNSPECIFIED|STRAIGHT|UNSPECIFIED|MALE,AUTO_MAPPED_TO_EXISTING_CNMC
CNMC-EE-CONN-000041,BHEL,DV0692344217,ELECTRICAL_AND_ELECTRONICS,CONNECTOR,"CONNECTOR, 4P, PKG STRAIGHT, MALE","CONNECTOR 2X5/4 PIN FEMALE STRAIGHT | MA PART NO: 71173019,0",CONNECTOR 2X5/4 PIN FEMALE STRAIGHT MA PART NO: 71173019 0,STANDARD,UNSPECIFIED,UNSPECIFIED,UNSPECIFIED,STRAIGHT,4P,UNSPECIFIED,EE|CONN|STANDARD|UNSPECIFIED|UNSPECIFIED|UNSPECIFIED|STRAIGHT|4P|MALE,AUTO_MAPPED_TO_EXISTING_CNMC
CNMC-EE-CONN-000040,BHEL,DV0692344225,ELECTRICAL_AND_ELECTRONICS,CONNECTOR,"CONNECTOR, PKG STRAIGHT, MALE","CONNECTOR 2X10 PIN FEMALE STRAIGHT | MA PART NO: 71173020,0",CONNECTOR 2X10 PIN FEMALE STRAIGHT MA PART NO: 71173020 0,STANDARD,UNSPECIFIED,UNSPECIFIED,UNSPECIFIED,STRAIGHT,UNSPECIFIED,UNSPECIFIED,EE|CONN|STANDARD|UNSPECIFIED|UNSPECIFIED|UNSPECIFIED|STRAIGHT|UNSPECIFIED|MALE,AUTO_MAPPED_TO_EXISTING_CNMC
CNMC-EE-CONN-000069,BHEL,DV0692344284,ELECTRICAL_AND_ELECTRONICS,CONNECTOR,"CONNECTOR, PKG RIGHT_ANGLED, MALE","CONNECTOR 2X7/5 ELEV FEMALE RIGHT ANGLE | MA PART NO:71176910,0",CONNECTOR 2X7/5 ELEV FEMALE RIGHT_ANGLED MA PART NO:71176910 0,STANDARD,UNSPECIFIED,UNSPECIFIED,UNSPECIFIED,RIGHT_ANGLED,UNSPECIFIED,UNSPECIFIED,EE|CONN|STANDARD|UNSPECIFIED|UNSPECIFIED|UNSPECIFIED|RIGHT_ANGLED|UNSPECIFIED|MALE,AUTO_MAPPED_TO_EXISTING_CNMC
CNMC-EE-CONN-000069,BHEL,DV0692344292,ELECTRICAL_AND_ELECTRONICS,CONNECTOR,"CONNECTOR, PKG RIGHT_ANGLED, MALE","CONNECTOR 2X7 ELEV FEMALE RIGHT ANGLE | MA PART NO:71176914,0",CONNECTOR 2X7 ELEV FEMALE RIGHT_ANGLED MA PART NO:71176914 0,STANDARD,UNSPECIFIED,UNSPECIFIED,UNSPECIFIED,RIGHT_ANGLED,UNSPECIFIED,UNSPECIFIED,EE|CONN|STANDARD|UNSPECIFIED|UNSPECIFIED|UNSPECIFIED|RIGHT_ANGLED|UNSPECIFIED|MALE,AUTO_MAPPED_TO_EXISTING_CNMC
CNMC-EE-CONN-000075,BHEL,DV0692346910,ELECTRICAL_AND_ELECTRONICS,CONNECTOR,"CONNECTOR, 16P","CONNECTOR 16-PIN MC1,5/16-G-3,5 | MA PART NO: 71000370,0",CONNECTOR 16-PIN MC1 5/16-G-3 5 MA PART NO: 71000370 0,STANDARD,UNSPECIFIED,UNSPECIFIED,UNSPECIFIED,UNSPECIFIED,16P,UNSPECIFIED,EE|CONN|STANDARD|UNSPECIFIED|UNSPECIFIED|UNSPECIFIED|UNSPECIFIED|16P|UNSPECIFIED,NEW_CNMC_GENERATED
CNMC-EE-CONN-000012,BHEL,DV0692348042,ELECTRICAL_AND_ELECTRONICS,CONNECTOR,CONNECTOR,"CONNECTOR 16CON MCV 1,5/16-GF-3,81 | MA PART NO: 71000319,0",CONNECTOR 16CON MCV 1 5/16-GF-3 81 MA PART NO: 71000319 0,STANDARD,UNSPECIFIED,UNSPECIFIED,UNSPECIFIED,UNSPECIFIED,UNSPECIFIED,UNSPECIFIED,EE|CONN|STANDARD|UNSPECIFIED|UNSPECIFIED|UNSPECIFIED|UNSPECIFIED|UNSPECIFIED|UNSPECIFIED,AUTO_MAPPED_TO_EXISTING_CNMC
CNMC-EE-CONN-000035,BHEL,DV0692348158,ELECTRICAL_AND_ELECTRONICS,CONNECTOR,"CONNECTOR, PKG SMD",CONNECTOR SD-MEMORY CARD SMD | MA PART NO: 71005738,CONNECTOR SD-MEMORY CARD SMD MA PART NO: 71005738,STANDARD,UNSPECIFIED,UNSPECIFIED,UNSPECIFIED,SMD,UNSPECIFIED,UNSPECIFIED,EE|CONN|STANDARD|UNSPECIFIED|UNSPECIFIED|UNSPECIFIED|SMD|UNSPECIFIED|UNSPECIFIED,AUTO_MAPPED_TO_EXISTING_CNMC
CNMC-EE-CONN-000035,BHEL,DV0692349340,ELECTRICAL_AND_ELECTRONICS,CONNECTOR,"CONNECTOR, PKG SMD","CONNECTOR 2X5 PINS SMD TSM-105-01-L-DV | METSODNA PART REF:71172105,0",CONNECTOR 2X5 PINS SMD TSM-105-01-L-DV METSODNA PART 0,STANDARD,UNSPECIFIED,UNSPECIFIED,UNSPECIFIED,SMD,UNSPECIFIED,UNSPECIFIED,EE|CONN|STANDARD|UNSPECIFIED|UNSPECIFIED|UNSPECIFIED|SMD|UNSPECIFIED|UNSPECIFIED,AUTO_MAPPED_TO_EXISTING_CNMC
CNMC-EE-SW-000014,BHEL,DV0692349375,ELECTRICAL_AND_ELECTRONICS,SWITCH,"SWITCH, PKG DIP","SWITCH 8-POS PIANO DIP DA-08-V | METSODNA PART REF:74140818,0 | OEN PART#132-DA-08-V",SWITCH 8-POS PIANO DIP DA-08-V METSODNA PART 0 OEN PART 132-DA-08-V,STANDARD,UNSPECIFIED,UNSPECIFIED,UNSPECIFIED,DIP,UNSPECIFIED,8,EE|SW|STANDARD|UNSPECIFIED|UNSPECIFIED|UNSPECIFIED|DIP|UNSPECIFIED|UNSPECIFIED,AUTO_MAPPED_TO_EXISTING_CNMC
CNMC-EE-CONN-000035,BHEL,DV0692349502,ELECTRICAL_AND_ELECTRONICS,CONNECTOR,"CONNECTOR, PKG SMD","CONNECTOR 230POS AS0B326-S78N-7F SMD | METSODNA PART REF:71123078,0",CONNECTOR 230POS AS0B326-S78N-7F SMD METSODNA PART 0,STANDARD,UNSPECIFIED,UNSPECIFIED,UNSPECIFIED,SMD,UNSPECIFIED,UNSPECIFIED,EE|CONN|STANDARD|UNSPECIFIED|UNSPECIFIED|UNSPECIFIED|SMD|UNSPECIFIED|UNSPECIFIED,AUTO_MAPPED_TO_EXISTING_CNMC
CNMC-EE-CONN-000012,BHEL,DV0692349510,ELECTRICAL_AND_ELECTRONICS,CONNECTOR,CONNECTOR,"CONNECTOR DUAL RJ45 MIC24A10-0101W-LF3 | METSODNA PART REF:71102410,0",CONNECTOR DUAL RJ45 MIC24A10-0101W-LF3 METSODNA PART 0,STANDARD,UNSPECIFIED,UNSPECIFIED,UNSPECIFIED,UNSPECIFIED,UNSPECIFIED,UNSPECIFIED,EE|CONN|STANDARD|UNSPECIFIED|UNSPECIFIED|UNSPECIFIED|UNSPECIFIED|UNSPECIFIED|UNSPECIFIED,AUTO_MAPPED_TO_EXISTING_CNMC
CNMC-EE-MOD-000001,BHEL,DV0692350071,ELECTRICAL_AND_ELECTRONICS,ELECTRONIC_MODULE,ELECTRONIC_MODULE,INSULATING WASHER 2  RM10 | Powernet partno : 65000010 | Used below L1 & T2 in IPSP module.,INSULATING WASHER 2 RM10 POWERNET PARTNO : 65000010 USED BELOW L1 T2 IN IPSP MODULE.,STANDARD,UNSPECIFIED,UNSPECIFIED,UNSPECIFIED,UNSPECIFIED,UNSPECIFIED,UNSPECIFIED,EE|MOD|STANDARD|UNSPECIFIED|UNSPECIFIED|UNSPECIFIED|UNSPECIFIED|UNSPECIFIED|UNSPECIFIED,AUTO_MAPPED_TO_EXISTING_CNMC
CNMC-EE-CABL-000001,BHEL,DV0692350080,ELECTRICAL_AND_ELECTRONICS,CABLE_AND_WIRE,CABLE_AND_WIRE,"INSULATOR SLEEVE D3X1 | Powernet partno : 65023001 | Used for fixing V1, V11, V26, V27 to heatsink.",INSULATOR SLEEVE D3X1 POWERNET PARTNO : 65023001 USED FOR FIXING V1 V11 V26 V27 TO HEATSINK.,STANDARD,UNSPECIFIED,UNSPECIFIED,UNSPECIFIED,UNSPECIFIED,UNSPECIFIED,UNSPECIFIED,EE|CABL|STANDARD|UNSPECIFIED|UNSPECIFIED|UNSPECIFIED|UNSPECIFIED|UNSPECIFIED|UNSPECIFIED,AUTO_MAPPED_TO_EXISTING_CNMC
CNMC-GN-GEN-000005,BHEL,DV0692350098,GENERAL_MATERIALS,GENERAL_MATERIAL,"GENERAL_MATERIAL, PKG TO-220",INSULATOR CERAMIC AIO TO-220 | Powernet partno : 65050001 | Used below V1,INSULATOR CERAMIC AIO TO-220 POWERNET PARTNO : 65050001 USED BELOW V1,STANDARD,UNSPECIFIED,UNSPECIFIED,UNSPECIFIED,TO-220,UNSPECIFIED,UNSPECIFIED,GN|GEN|STANDARD|UNSPECIFIED|UNSPECIFIED|UNSPECIFIED|TO-220|UNSPECIFIED|UNSPECIFIED,AUTO_MAPPED_TO_EXISTING_CNMC
CNMC-MP-FILT-000001,BHEL,DV0692351060,MECHANICAL_AND_PIPING,FILTER,FILTER,"THERMAL COMPOUND GF3500S35 | MA PART NO: 83200055,0 | REMAINING SHELF LIFE OF THE ITEM SHOULD BE | MINIMUM 4 MONTHS | FROM INVOICE DATE. OEM PACKING ONLY. | MATERIAL TO BE SUPPLIED IN 50CC CARTRIDGE.",THERMAL COMPOUND GF3500S35 MA PART NO: 83200055 0 REMAINING SHELF LIFE OF THE ITEM SHOULD BE MINIMUM 4 MONTHS FROM INVOICE DATE. ONLY. MATERIAL TO BE SUPPLIED IN 50CC CARTRIDGE.,STANDARD,UNSPECIFIED,UNSPECIFIED,UNSPECIFIED,UNSPECIFIED,UNSPECIFIED,UNSPECIFIED,MP|FILT|STANDARD|UNSPECIFIED|UNSPECIFIED|UNSPECIFIED|UNSPECIFIED|UNSPECIFIED|UNSPECIFIED,AUTO_MAPPED_TO_EXISTING_CNMC
CNMC-FH-SCRW-000001,BHEL,DV0692352434,FASTENERS_AND_HARDWARE,SCREW,SCREW,RING TERMINAL NYLON INSULATION | REF 0.5-1mm2 FOR M3 SCREW | 22-18 AWG | COLOUR: RED | VENDOR | MAY | QUOTE | FOR | PN18-6RN-C | OR | PN18-6RN-M WHICHEVER IS APPLICABLE | BASED ON QTY. REQUIREMENT,RING TERMINAL NYLON INSULATION FOR M3 SCREW 22-18 AWG COLOUR: RED VENDOR MAY QUOTE FOR PN18-6RN-C OR PN18-6RN-M WHICHEVER IS APPLICABLE BASED ON QTY. REQUIREMENT,STANDARD,UNSPECIFIED,UNSPECIFIED,UNSPECIFIED,UNSPECIFIED,UNSPECIFIED,UNSPECIFIED,FH|SCRW|STANDARD|UNSPECIFIED|UNSPECIFIED|UNSPECIFIED|UNSPECIFIED|UNSPECIFIED|UNSPECIFIED,AUTO_MAPPED_TO_EXISTING_CNMC
CNMC-GN-GEN-000001,BHEL,DV0692352450,GENERAL_MATERIALS,GENERAL_MATERIAL,GENERAL_MATERIAL,CONFORMAL COATING COMPOUND 1A33 QUART | HUMISEAL 1A33 POLYURETHANE COATING QUART | PAIL | metsoDNA-CR DOC ref: DC103198 | DATE CODE OF THE ITEM TO BE LESS | THAN 6 MONTHS OF THE INVOICE DATE.,CONFORMAL COATING COMPOUND 1A33 QUART HUMISEAL 1A33 POLYURETHANE COATING QUART PAIL METSODNA-CR DOC,STANDARD,UNSPECIFIED,UNSPECIFIED,UNSPECIFIED,UNSPECIFIED,UNSPECIFIED,UNSPECIFIED,GN|GEN|STANDARD|UNSPECIFIED|UNSPECIFIED|UNSPECIFIED|UNSPECIFIED|UNSPECIFIED|UNSPECIFIED,AUTO_MAPPED_TO_EXISTING_CNMC
CNMC-EE-CONN-000076,BHEL,DV0692356070,ELECTRICAL_AND_ELECTRONICS,CONNECTOR,"CONNECTOR, 5.08MM, 4P",CONNECTOR 4-POLE 5.08MM PITCH | METSODNA PART REF:ACN-CS BOM,CONNECTOR 4-POLE 5.08MM PITCH METSODNA PART BOM,STANDARD,5.08MM,UNSPECIFIED,UNSPECIFIED,UNSPECIFIED,4P,UNSPECIFIED,EE|CONN|STANDARD|5.08MM|UNSPECIFIED|UNSPECIFIED|UNSPECIFIED|4P|UNSPECIFIED,NEW_CNMC_GENERATED
CNMC-MP-PIPE-000003,BHEL,DV0692356720,MECHANICAL_AND_PIPING,PIPE,PIPE,THERMAL PASTE P12 | CONSUMABLE :THERMAL COMPOUND | PASTE P12 : WACKER | TUBE PACK OF 90 ML OR 180gm/ TIN PACK IS | ACCEPTABLE,THERMAL PASTE P12 CONSUMABLE :THERMAL COMPOUND PASTE P12 : WACKER TUBE PACK OF 90 ML OR 180GM/ TIN PACK IS ACCEPTABLE,STANDARD,UNSPECIFIED,UNSPECIFIED,UNSPECIFIED,UNSPECIFIED,UNSPECIFIED,UNSPECIFIED,MP|PIPE|STANDARD|UNSPECIFIED|UNSPECIFIED|UNSPECIFIED|UNSPECIFIED|UNSPECIFIED|UNSPECIFIED,AUTO_MAPPED_TO_EXISTING_CNMC
CNMC-GN-GEN-000001,BHEL,DV0692357467,GENERAL_MATERIALS,GENERAL_MATERIAL,GENERAL_MATERIAL,MEM MDL 1GB DDDR2 DIMM 6400-6 128x8 SA G | ADDITIONAL | REQUIREMENT | FOR | MANUFACTURER#S PART NO: IS AS FOLLOWS | 78.01GAR.405; DDR2 DIMM 6400-6 128x8 1GB SA G | ROHS DEVICE WITH BACKWARD COMPATIBILITY. | ITEM TO BE SUPPLIED IN OEM PACKING ONLY.,MEM MDL 1GB DDDR2 DIMM 6400-6 128X8 SA G ADDITIONAL REQUIREMENT FOR MANUFACTURER S PART NO: IS AS FOLLOWS 78.01GAR.405 DDR2 DIMM 6400-6 128X8 1GB SA G,STANDARD,UNSPECIFIED,UNSPECIFIED,UNSPECIFIED,UNSPECIFIED,UNSPECIFIED,UNSPECIFIED,GN|GEN|STANDARD|UNSPECIFIED|UNSPECIFIED|UNSPECIFIED|UNSPECIFIED|UNSPECIFIED|UNSPECIFIED,AUTO_MAPPED_TO_EXISTING_CNMC
CNMC-EE-CONN-000043,BHEL,DV0692357661,ELECTRICAL_AND_ELECTRONICS,CONNECTOR,"CONNECTOR, PIN HEADER, 2MM, 8P, PKG THROUGH_HOLE","CONNECTOR, 2x10/8 PIN HDR RT ANGL 2mm TH | CONNECTOR, 2x10/8 PIN HEADER RIGHT ANGLE 2mm | TH | METSO PART REFERENCE: 71172918",CONNECTOR 2X10/8 PIN HDR RT ANGL 2MM THROUGH_HOLE CONNECTOR 2X10/8 PIN HEADER RIGHT_ANGLED 2MM THROUGH_HOLE METSO PART : 71172918,PIN_HEADER,2MM,UNSPECIFIED,UNSPECIFIED,THROUGH_HOLE,8P,UNSPECIFIED,EE|CONN|PIN_HEADER|2MM|UNSPECIFIED|UNSPECIFIED|THROUGH_HOLE|8P|UNSPECIFIED,AUTO_MAPPED_TO_EXISTING_CNMC
CNMC-EE-CONN-000016,BHEL,DV0692358305,ELECTRICAL_AND_ELECTRONICS,CONNECTOR,"CONNECTOR, TEST JACK","CONNECTOR CRIMP SOCKET | VALMET REF:71050079,0 DATE CODE TO BE LESS | THAN 24 MONTHS OF THE INVOICE | DATE. BHEL'S WRITTEN APPROVAL IS REQUIRED IN | CASE OF ANY DEVIATION AS | ABOVE.",CONNECTOR CRIMP SOCKET VALMET 0,TEST_JACK,UNSPECIFIED,UNSPECIFIED,UNSPECIFIED,UNSPECIFIED,UNSPECIFIED,UNSPECIFIED,EE|CONN|TEST_JACK|UNSPECIFIED|UNSPECIFIED|UNSPECIFIED|UNSPECIFIED|UNSPECIFIED|UNSPECIFIED,AUTO_MAPPED_TO_EXISTING_CNMC
CNMC-EE-FUSE-000014,BHEL,DV0692358639,ELECTRICAL_AND_ELECTRONICS,FUSE,"FUSE, 5A, PKG SMD","FUSE WITH HOLDER 5A 125VAC/VDC SLOW SMD            1,500 | Metso part Number : 74205125 ROHS DEVICE WITH | BACKWARD COMPATIBILITY. | OEM TAPE AND REEL PACKING ONLY. DATE CODE | TO BE LESS THAN 24 MONTHS FROM | INVOICE DATE. BHEL'S WRITTEN APPROVAL IS | REQUIRED IN CASE OF ANY | DEVIATION FROM THE ABOVE.",FUSE WITH HOLDER 5A 125VAC/VDC SLOW SMD 1 500 METSO PART NUMBER : 74205125,STANDARD,5A,UNSPECIFIED,UNSPECIFIED,SMD,UNSPECIFIED,UNSPECIFIED,EE|FUSE|STANDARD|5A|UNSPECIFIED|UNSPECIFIED|SMD|UNSPECIFIED|UNSPECIFIED,AUTO_MAPPED_TO_EXISTING_CNMC
CNMC-EE-CONN-000044,BHEL,DV0692358647,ELECTRICAL_AND_ELECTRONICS,CONNECTOR,"CONNECTOR, TEST JACK, PKG THROUGH_HOLE",CONNECTOR ST BNC SOCKET 50R TH | Metso part Number : 71600050 ROHS DEVICE WITH | BACKWARD COMPATIBILITY.,CONNECTOR ST BNC SOCKET 50R THROUGH_HOLE METSO PART NUMBER : 71600050,TEST_JACK,UNSPECIFIED,UNSPECIFIED,UNSPECIFIED,THROUGH_HOLE,UNSPECIFIED,UNSPECIFIED,EE|CONN|TEST_JACK|UNSPECIFIED|UNSPECIFIED|UNSPECIFIED|THROUGH_HOLE|UNSPECIFIED|UNSPECIFIED,AUTO_MAPPED_TO_EXISTING_CNMC
CNMC-GN-GEN-000001,BHEL,DV0692358921,GENERAL_MATERIALS,GENERAL_MATERIAL,GENERAL_MATERIAL,"CONN HOUSING 51021-0200 | VALMET PART NO: 71051021,0 OEM PACKING ONLY.",CONN HOUSING 51021-0200 VALMET PART NO: 71051021 0 ONLY.,STANDARD,UNSPECIFIED,UNSPECIFIED,UNSPECIFIED,UNSPECIFIED,UNSPECIFIED,UNSPECIFIED,GN|GEN|STANDARD|UNSPECIFIED|UNSPECIFIED|UNSPECIFIED|UNSPECIFIED|UNSPECIFIED|UNSPECIFIED,AUTO_MAPPED_TO_EXISTING_CNMC
CNMC-EE-CONN-000035,BHEL,DV0692359400,ELECTRICAL_AND_ELECTRONICS,CONNECTOR,"CONNECTOR, PKG SMD",CONNECTOR SD-MEMORY CARD SMD,CONNECTOR SD-MEMORY CARD SMD,STANDARD,UNSPECIFIED,UNSPECIFIED,UNSPECIFIED,SMD,UNSPECIFIED,UNSPECIFIED,EE|CONN|STANDARD|UNSPECIFIED|UNSPECIFIED|UNSPECIFIED|SMD|UNSPECIFIED|UNSPECIFIED,AUTO_MAPPED_TO_EXISTING_CNMC
CNMC-GN-GEN-000001,BHEL,DV0692359486,GENERAL_MATERIALS,GENERAL_MATERIAL,GENERAL_MATERIAL,MBI2T Front & Back part | Valmet reference - 45452582 & 45452583. Both the parts to | be supplied as | a set.,MBI2T FRONT BACK PART VALMET - 45452582 45452583. BOTH THE PARTS TO BE SUPPLIED AS A SET.,STANDARD,UNSPECIFIED,UNSPECIFIED,UNSPECIFIED,UNSPECIFIED,UNSPECIFIED,UNSPECIFIED,GN|GEN|STANDARD|UNSPECIFIED|UNSPECIFIED|UNSPECIFIED|UNSPECIFIED|UNSPECIFIED|UNSPECIFIED,AUTO_MAPPED_TO_EXISTING_CNMC
CNMC-EE-CABL-000001,BHEL,DV0692360705,ELECTRICAL_AND_ELECTRONICS,CABLE_AND_WIRE,CABLE_AND_WIRE,"CONN ETHERNET CABLE CAT5e RPCE | ETHERNET CABLE ASSEMBLY LENGTH 9.84""",CONN ETHERNET CABLE CAT5E RPCE ETHERNET CABLE ASSEMBLY LENGTH 9.84,STANDARD,UNSPECIFIED,UNSPECIFIED,UNSPECIFIED,UNSPECIFIED,UNSPECIFIED,UNSPECIFIED,EE|CABL|STANDARD|UNSPECIFIED|UNSPECIFIED|UNSPECIFIED|UNSPECIFIED|UNSPECIFIED|UNSPECIFIED,AUTO_MAPPED_TO_EXISTING_CNMC
CNMC-GN-GEN-000001,BHEL,DV0692360713,GENERAL_MATERIALS,GENERAL_MATERIAL,GENERAL_MATERIAL,CONN HIGH CURRENT TERM BLK UW 4-POT | ROHS DEVICE WITH BACKWARD COMPATIBILITY. | TO BE SUPPLIED IN OEM PACKING | ONLY. DATE CODE TO BE LESS THAN 2 YEARS FROM | INVOICE DATE. BHEL'S | WRITTEN APPROVAL IS REQUIRED IN CASE OF ANY | DEVIATION FROM THE ABOVE,CONN HIGH CURRENT TERM BLK UW 4-POT,STANDARD,UNSPECIFIED,UNSPECIFIED,UNSPECIFIED,UNSPECIFIED,UNSPECIFIED,UNSPECIFIED,GN|GEN|STANDARD|UNSPECIFIED|UNSPECIFIED|UNSPECIFIED|UNSPECIFIED|UNSPECIFIED|UNSPECIFIED,AUTO_MAPPED_TO_EXISTING_CNMC
CNMC-GN-GEN-000001,BHEL,DV0692361235,GENERAL_MATERIALS,GENERAL_MATERIAL,GENERAL_MATERIAL,QNX RUNTIME LICENSE(BCU) | QNX EMBEDDED RUNTIME Part # CS_ADV010718- | Industrial QNX Runtime for | Target System | The bidder should be an authorized distributor | of QNX RTOS software in India and should submit | a proof of the same along with the quotation,QNX RUNTIME LICENSE BCU QNX EMBEDDED RUNTIME PART CS_ADV010718- INDUSTRIAL QNX RUNTIME FOR TARGET SYSTEM,STANDARD,UNSPECIFIED,UNSPECIFIED,UNSPECIFIED,UNSPECIFIED,UNSPECIFIED,UNSPECIFIED,GN|GEN|STANDARD|UNSPECIFIED|UNSPECIFIED|UNSPECIFIED|UNSPECIFIED|UNSPECIFIED|UNSPECIFIED,AUTO_MAPPED_TO_EXISTING_CNMC
CNMC-GN-GEN-000001,BHEL,DV0692390940,GENERAL_MATERIALS,GENERAL_MATERIAL,GENERAL_MATERIAL,CONN USB TYPE A Receptacle,CONN USB RECEPTACLE,STANDARD,UNSPECIFIED,UNSPECIFIED,UNSPECIFIED,UNSPECIFIED,UNSPECIFIED,UNSPECIFIED,GN|GEN|STANDARD|UNSPECIFIED|UNSPECIFIED|UNSPECIFIED|UNSPECIFIED|UNSPECIFIED|UNSPECIFIED,AUTO_MAPPED_TO_EXISTING_CNMC
CNMC-EE-FUSE-000015,BHEL,DV0692391169,ELECTRICAL_AND_ELECTRONICS,FUSE,"FUSE, 5A, 125V, PKG SMD",FUSE SLOW BLOW 2410 5A 125V SMD | FUSE SLOW BLOW 2410 5A 125V SMD | Surface Mount Fuses 125V 5A,FUSE SLOW BLOW 2410 5A 125V SMD FUSE SLOW BLOW 2410 5A 125V SMD SURFACE MOUNT FUSES 125V 5A,STANDARD,5A,125V,UNSPECIFIED,SMD,UNSPECIFIED,UNSPECIFIED,EE|FUSE|STANDARD|5A|125V|UNSPECIFIED|SMD|UNSPECIFIED|UNSPECIFIED,AUTO_MAPPED_TO_EXISTING_CNMC
CNMC-EE-CONN-000045,BHEL,DV0692391332,ELECTRICAL_AND_ELECTRONICS,CONNECTOR,"CONNECTOR, D SUB",SCREW(18.2L) FOR DSUB _UNC 4/40 94518203,SCREW 18.2L FOR DSUB _UNC 4/40 94518203,D_SUB,UNSPECIFIED,UNSPECIFIED,UNSPECIFIED,UNSPECIFIED,UNSPECIFIED,UNSPECIFIED,EE|CONN|D_SUB|UNSPECIFIED|UNSPECIFIED|UNSPECIFIED|UNSPECIFIED|UNSPECIFIED|UNSPECIFIED,AUTO_MAPPED_TO_EXISTING_CNMC
CNMC-EE-CONN-000046,BHEL,DV0692400280,ELECTRICAL_AND_ELECTRONICS,CONNECTOR,"CONNECTOR, D SUB, 9P",D-Sub top entry metal hood 9pole with m3,D-SUB TOP ENTRY METAL HOOD 9POLE WITH M3,D_SUB,UNSPECIFIED,UNSPECIFIED,UNSPECIFIED,UNSPECIFIED,9P,UNSPECIFIED,EE|CONN|D_SUB|UNSPECIFIED|UNSPECIFIED|UNSPECIFIED|UNSPECIFIED|9P|UNSPECIFIED,AUTO_MAPPED_TO_EXISTING_CNMC
CNMC-EE-CABL-000001,BHEL,DV0692400298,ELECTRICAL_AND_ELECTRONICS,CABLE_AND_WIRE,CABLE_AND_WIRE,Cable clamp for cable 5-7mm,CABLE CLAMP FOR CABLE 5-7MM,STANDARD,UNSPECIFIED,UNSPECIFIED,UNSPECIFIED,UNSPECIFIED,UNSPECIFIED,UNSPECIFIED,EE|CABL|STANDARD|UNSPECIFIED|UNSPECIFIED|UNSPECIFIED|UNSPECIFIED|UNSPECIFIED|UNSPECIFIED,AUTO_MAPPED_TO_EXISTING_CNMC
CNMC-EE-CABL-000001,BHEL,DV0692400301,ELECTRICAL_AND_ELECTRONICS,CABLE_AND_WIRE,CABLE_AND_WIRE,Cable clamp 7-10mm,CABLE CLAMP 7-10MM,STANDARD,UNSPECIFIED,UNSPECIFIED,UNSPECIFIED,UNSPECIFIED,UNSPECIFIED,UNSPECIFIED,EE|CABL|STANDARD|UNSPECIFIED|UNSPECIFIED|UNSPECIFIED|UNSPECIFIED|UNSPECIFIED|UNSPECIFIED,AUTO_MAPPED_TO_EXISTING_CNMC
CNMC-GN-GEN-000006,BHEL,DV0692400310,GENERAL_MATERIALS,GENERAL_MATERIAL,"GENERAL_MATERIAL, 16P",SEK18 FEMALE OPEN END  + SR 16P,SEK18 FEMALE OPEN END + SR 16P,STANDARD,UNSPECIFIED,UNSPECIFIED,UNSPECIFIED,UNSPECIFIED,16P,UNSPECIFIED,GN|GEN|STANDARD|UNSPECIFIED|UNSPECIFIED|UNSPECIFIED|UNSPECIFIED|16P|UNSPECIFIED,AUTO_MAPPED_TO_EXISTING_CNMC
CNMC-GN-GEN-000004,BHEL,DV0692400328,GENERAL_MATERIALS,GENERAL_MATERIAL,"GENERAL_MATERIAL, PKG STRAIGHT",Straight Power Contact Male 10A,STRAIGHT POWER CONTACT MALE 10A,STANDARD,UNSPECIFIED,UNSPECIFIED,UNSPECIFIED,STRAIGHT,UNSPECIFIED,UNSPECIFIED,GN|GEN|STANDARD|UNSPECIFIED|UNSPECIFIED|UNSPECIFIED|STRAIGHT|UNSPECIFIED|UNSPECIFIED,AUTO_MAPPED_TO_EXISTING_CNMC
CNMC-EE-CONN-000004,BHEL,DV0692400344,ELECTRICAL_AND_ELECTRONICS,CONNECTOR,"CONNECTOR, D SUB, 9P, MALE",D-Sub Crimp terminal female 9-p,D-SUB CRIMP TERMINAL FEMALE 9-P,D_SUB,UNSPECIFIED,UNSPECIFIED,UNSPECIFIED,UNSPECIFIED,9P,UNSPECIFIED,EE|CONN|D_SUB|UNSPECIFIED|UNSPECIFIED|UNSPECIFIED|UNSPECIFIED|9P|MALE,AUTO_MAPPED_TO_EXISTING_CNMC
CNMC-EE-CONN-000047,BHEL,DV0692400352,ELECTRICAL_AND_ELECTRONICS,CONNECTOR,"CONNECTOR, D SUB, MALE","D-Sub Crimpcntct female gold pltd 0,5mm²",D-SUB CRIMPCNTCT FEMALE GOLD PLTD 0 5MM²,D_SUB,UNSPECIFIED,UNSPECIFIED,UNSPECIFIED,UNSPECIFIED,UNSPECIFIED,UNSPECIFIED,EE|CONN|D_SUB|UNSPECIFIED|UNSPECIFIED|UNSPECIFIED|UNSPECIFIED|UNSPECIFIED|MALE,AUTO_MAPPED_TO_EXISTING_CNMC
CNMC-EE-CONN-000047,BHEL,DV0692400360,ELECTRICAL_AND_ELECTRONICS,CONNECTOR,"CONNECTOR, D SUB, MALE","D-Sub Crimpcntct male gold pltd 0,5mm²",D-SUB CRIMPCNTCT MALE GOLD PLTD 0 5MM²,D_SUB,UNSPECIFIED,UNSPECIFIED,UNSPECIFIED,UNSPECIFIED,UNSPECIFIED,UNSPECIFIED,EE|CONN|D_SUB|UNSPECIFIED|UNSPECIFIED|UNSPECIFIED|UNSPECIFIED|UNSPECIFIED|MALE,AUTO_MAPPED_TO_EXISTING_CNMC
CNMC-GN-GEN-000001,BHEL,DV0692400379,GENERAL_MATERIALS,GENERAL_MATERIAL,GENERAL_MATERIAL,Female Conctr For Crimp contct type F48P,FEMALE CONCTR FOR CRIMP CONTCT,STANDARD,UNSPECIFIED,UNSPECIFIED,UNSPECIFIED,UNSPECIFIED,UNSPECIFIED,UNSPECIFIED,GN|GEN|STANDARD|UNSPECIFIED|UNSPECIFIED|UNSPECIFIED|UNSPECIFIED|UNSPECIFIED|UNSPECIFIED,AUTO_MAPPED_TO_EXISTING_CNMC
CNMC-GN-GEN-000001,BHEL,DV0692400395,GENERAL_MATERIALS,GENERAL_MATERIAL,GENERAL_MATERIAL,Shell Housing B Type F,SHELL HOUSING B,STANDARD,UNSPECIFIED,UNSPECIFIED,UNSPECIFIED,UNSPECIFIED,UNSPECIFIED,UNSPECIFIED,GN|GEN|STANDARD|UNSPECIFIED|UNSPECIFIED|UNSPECIFIED|UNSPECIFIED|UNSPECIFIED|UNSPECIFIED,AUTO_MAPPED_TO_EXISTING_CNMC
CNMC-GN-GEN-000001,BHEL,DV0692400409,GENERAL_MATERIALS,GENERAL_MATERIAL,GENERAL_MATERIAL,Shroud coding type F,SHROUD CODING,STANDARD,UNSPECIFIED,UNSPECIFIED,UNSPECIFIED,UNSPECIFIED,UNSPECIFIED,UNSPECIFIED,GN|GEN|STANDARD|UNSPECIFIED|UNSPECIFIED|UNSPECIFIED|UNSPECIFIED|UNSPECIFIED|UNSPECIFIED,AUTO_MAPPED_TO_EXISTING_CNMC
CNMC-GN-GEN-000001,BHEL,DV0692400417,GENERAL_MATERIALS,GENERAL_MATERIAL,GENERAL_MATERIAL,Locking lever Right,LOCKING LEVER RIGHT,STANDARD,UNSPECIFIED,UNSPECIFIED,UNSPECIFIED,UNSPECIFIED,UNSPECIFIED,UNSPECIFIED,GN|GEN|STANDARD|UNSPECIFIED|UNSPECIFIED|UNSPECIFIED|UNSPECIFIED|UNSPECIFIED|UNSPECIFIED,AUTO_MAPPED_TO_EXISTING_CNMC
CNMC-GN-GEN-000001,BHEL,DV0692400425,GENERAL_MATERIALS,GENERAL_MATERIAL,GENERAL_MATERIAL,Locking lever Left,LOCKING LEVER LEFT,STANDARD,UNSPECIFIED,UNSPECIFIED,UNSPECIFIED,UNSPECIFIED,UNSPECIFIED,UNSPECIFIED,GN|GEN|STANDARD|UNSPECIFIED|UNSPECIFIED|UNSPECIFIED|UNSPECIFIED|UNSPECIFIED|UNSPECIFIED,AUTO_MAPPED_TO_EXISTING_CNMC
CNMC-GN-GEN-000001,BHEL,DV0692400433,GENERAL_MATERIALS,GENERAL_MATERIAL,GENERAL_MATERIAL,"Crimp contacts TC3 0,5-1,5mm²",CRIMP CONTACTS TC3 0 5-1 5MM²,STANDARD,UNSPECIFIED,UNSPECIFIED,UNSPECIFIED,UNSPECIFIED,UNSPECIFIED,UNSPECIFIED,GN|GEN|STANDARD|UNSPECIFIED|UNSPECIFIED|UNSPECIFIED|UNSPECIFIED|UNSPECIFIED|UNSPECIFIED,AUTO_MAPPED_TO_EXISTING_CNMC
CNMC-GN-GEN-000016,BHEL,DV0692400573,GENERAL_MATERIALS,GENERAL_MATERIAL,"GENERAL_MATERIAL, 12P",Receptacle mini-fit 12-P.,RECEPTACLE MINI-FIT 12-P.,STANDARD,UNSPECIFIED,UNSPECIFIED,UNSPECIFIED,UNSPECIFIED,12P,UNSPECIFIED,GN|GEN|STANDARD|UNSPECIFIED|UNSPECIFIED|UNSPECIFIED|UNSPECIFIED|12P|UNSPECIFIED,NEW_CNMC_GENERATED
CNMC-GN-GEN-000017,BHEL,DV0692400581,GENERAL_MATERIALS,GENERAL_MATERIAL,"GENERAL_MATERIAL, 2P","Molex MiniFit , jr Receptacle 2-P",MOLEX MINIFIT JR RECEPTACLE 2-P,STANDARD,UNSPECIFIED,UNSPECIFIED,UNSPECIFIED,UNSPECIFIED,2P,UNSPECIFIED,GN|GEN|STANDARD|UNSPECIFIED|UNSPECIFIED|UNSPECIFIED|UNSPECIFIED|2P|UNSPECIFIED,NEW_CNMC_GENERATED
CNMC-EE-MOD-000001,BHEL,DV0692400605,ELECTRICAL_AND_ELECTRONICS,ELECTRONIC_MODULE,ELECTRONIC_MODULE,SOLDER ANCHOR PCB 1.6MM 125700D00000G | SOLDER ANCHOR PCB 1.6MM,SOLDER ANCHOR PCB 1.6MM 125700D00000G SOLDER ANCHOR PCB 1.6MM,STANDARD,UNSPECIFIED,UNSPECIFIED,UNSPECIFIED,UNSPECIFIED,UNSPECIFIED,UNSPECIFIED,EE|MOD|STANDARD|UNSPECIFIED|UNSPECIFIED|UNSPECIFIED|UNSPECIFIED|UNSPECIFIED|UNSPECIFIED,AUTO_MAPPED_TO_EXISTING_CNMC
CNMC-EE-CONN-000070,BHEL,DV0692400826,ELECTRICAL_AND_ELECTRONICS,CONNECTOR,"CONNECTOR, 48P, PKG RIGHT_ANGLED, MALE",CNCTR MALE DIN41612-F 48P RA 09061486901 | CONNECTOR DIN41612-F | 48 POLE RIGHT ANGLE MALE | OEM:HARTING | P/N: 09061486901,CONNECTOR MALE DIN41612-F 48P RA 09061486901 CONNECTOR DIN41612-F 48 POLE RIGHT_ANGLED MALE P/N: 09061486901,STANDARD,UNSPECIFIED,UNSPECIFIED,UNSPECIFIED,RIGHT_ANGLED,48P,UNSPECIFIED,EE|CONN|STANDARD|UNSPECIFIED|UNSPECIFIED|UNSPECIFIED|RIGHT_ANGLED|48P|MALE,AUTO_MAPPED_TO_EXISTING_CNMC
CNMC-EE-CONN-000048,BHEL,DV0692400850,ELECTRICAL_AND_ELECTRONICS,CONNECTOR,"CONNECTOR, PIN HEADER, 2.54MM, PKG THROUGH_HOLE",HEADER 5X2 2.54MM 90131-0765 TH | HEADER 5X2 2.54MM TH | OEM:MOLEX | P/N:90131-0765,HEADER 5X2 2.54MM 90131-0765 THROUGH_HOLE HEADER 5X2 2.54MM THROUGH_HOLE P/N:90131-0765,PIN_HEADER,2.54MM,UNSPECIFIED,UNSPECIFIED,THROUGH_HOLE,UNSPECIFIED,UNSPECIFIED,EE|CONN|PIN_HEADER|2.54MM|UNSPECIFIED|UNSPECIFIED|THROUGH_HOLE|UNSPECIFIED|UNSPECIFIED,AUTO_MAPPED_TO_EXISTING_CNMC
CNMC-EE-CONN-000048,BHEL,DV0692400869,ELECTRICAL_AND_ELECTRONICS,CONNECTOR,"CONNECTOR, PIN HEADER, 2.54MM, PKG THROUGH_HOLE",HEADER 7X2 2.54MM 90131-0767 TH | HEADER 7X2 2.54MM TH NO. PIN 3 | (REMOVE MANUALLY) | OEM:MOLEX | P/N:90131-0767,HEADER 7X2 2.54MM 90131-0767 THROUGH_HOLE HEADER 7X2 2.54MM THROUGH_HOLE NO. PIN 3 REMOVE MANUALLY P/N:90131-0767,PIN_HEADER,2.54MM,UNSPECIFIED,UNSPECIFIED,THROUGH_HOLE,UNSPECIFIED,UNSPECIFIED,EE|CONN|PIN_HEADER|2.54MM|UNSPECIFIED|UNSPECIFIED|THROUGH_HOLE|UNSPECIFIED|UNSPECIFIED,AUTO_MAPPED_TO_EXISTING_CNMC
CNMC-GN-GEN-000001,BHEL,DV0692401610,GENERAL_MATERIALS,GENERAL_MATERIAL,GENERAL_MATERIAL,"STACKER 2MM 20X2, 9.1-10-9.1MM | STACKER 2MM 20X2, 9.1-10-9.1MM | OEM:SAMTEC P/N:TW-20-12-G-D-390-360",STACKER 2MM 20X2 9.1-10-9.1MM STACKER 2MM 20X2 9.1-10-9.1MM P/N:TW-20-12-G-D-390-360,STANDARD,UNSPECIFIED,UNSPECIFIED,UNSPECIFIED,UNSPECIFIED,UNSPECIFIED,UNSPECIFIED,GN|GEN|STANDARD|UNSPECIFIED|UNSPECIFIED|UNSPECIFIED|UNSPECIFIED|UNSPECIFIED|UNSPECIFIED,AUTO_MAPPED_TO_EXISTING_CNMC
CNMC-EE-CONN-000049,BHEL,DV0692401792,ELECTRICAL_AND_ELECTRONICS,CONNECTOR,"CONNECTOR, 9P, MALE",CNCTR SUB-D DUAL 9P RA 1734282-3 MOF | CONNECTOR SUB-D DUAL 9P RA | MALE OVER FEMALE #4-4-UNC INSERT | OEM:TYCO | P/N:1734282-3,CONNECTOR SUB-D DUAL 9P RA 1734282-3 MOF CONNECTOR SUB-D DUAL 9P RA MALE OVER FEMALE 4-4-UNC INSERT P/N:1734282-3,STANDARD,UNSPECIFIED,UNSPECIFIED,UNSPECIFIED,UNSPECIFIED,9P,UNSPECIFIED,EE|CONN|STANDARD|UNSPECIFIED|UNSPECIFIED|UNSPECIFIED|UNSPECIFIED|9P|MALE,AUTO_MAPPED_TO_EXISTING_CNMC
CNMC-EE-CONN-000050,BHEL,DV0692401806,ELECTRICAL_AND_ELECTRONICS,CONNECTOR,"CONNECTOR, 9P",CNCTR SUB-D DUAL 9P RA 1734285-3 FOF | CONNECTOR SUB-D DUAL 9P RA,CONNECTOR SUB-D DUAL 9P RA 1734285-3 FOF CONNECTOR SUB-D DUAL 9P RA,STANDARD,UNSPECIFIED,UNSPECIFIED,UNSPECIFIED,UNSPECIFIED,9P,UNSPECIFIED,EE|CONN|STANDARD|UNSPECIFIED|UNSPECIFIED|UNSPECIFIED|UNSPECIFIED|9P|UNSPECIFIED,AUTO_MAPPED_TO_EXISTING_CNMC
CNMC-EE-CONN-000051,BHEL,DV0692402071,ELECTRICAL_AND_ELECTRONICS,CONNECTOR,"CONNECTOR, 48P",BRACKET NUT 48P CNCTR LEFT 09060009966 | BRACKET WITH NUT FOR 48P CONNECTOR(LEFT) | OEM:HARTING | P/N:09060009966,BRACKET NUT 48P CONNECTOR LEFT 09060009966 BRACKET WITH NUT FOR 48P CONNECTOR LEFT P/N:09060009966,STANDARD,UNSPECIFIED,UNSPECIFIED,UNSPECIFIED,UNSPECIFIED,48P,UNSPECIFIED,EE|CONN|STANDARD|UNSPECIFIED|UNSPECIFIED|UNSPECIFIED|UNSPECIFIED|48P|UNSPECIFIED,AUTO_MAPPED_TO_EXISTING_CNMC
CNMC-EE-CONN-000051,BHEL,DV0692402080,ELECTRICAL_AND_ELECTRONICS,CONNECTOR,"CONNECTOR, 48P",BRACKET NUT 48P CNCTR RIGHT 09060009967 | BRACKET WITH NUT FOR 48P CONNECTOR(RIGHT) | OEM:HARTING | P/N:09060009967,BRACKET NUT 48P CONNECTOR RIGHT 09060009967 BRACKET WITH NUT FOR 48P CONNECTOR RIGHT P/N:09060009967,STANDARD,UNSPECIFIED,UNSPECIFIED,UNSPECIFIED,UNSPECIFIED,48P,UNSPECIFIED,EE|CONN|STANDARD|UNSPECIFIED|UNSPECIFIED|UNSPECIFIED|UNSPECIFIED|48P|UNSPECIFIED,AUTO_MAPPED_TO_EXISTING_CNMC
CNMC-EE-CONN-000052,BHEL,DV0692402098,ELECTRICAL_AND_ELECTRONICS,CONNECTOR,"CONNECTOR, PIN HEADER, 2.54MM",HEADER SHORT 8X2 2.54MM RA 09185166913 | HEADER 8X2 2.54MM RA FLATCABLE SHORT LEVERS | OEM:HARTING | P/N:09185166913,HEADER SHORT 8X2 2.54MM RA 09185166913 HEADER 8X2 2.54MM RA FLATCABLE SHORT LEVERS P/N:09185166913,PIN_HEADER,2.54MM,UNSPECIFIED,UNSPECIFIED,UNSPECIFIED,UNSPECIFIED,UNSPECIFIED,EE|CONN|PIN_HEADER|2.54MM|UNSPECIFIED|UNSPECIFIED|UNSPECIFIED|UNSPECIFIED|UNSPECIFIED,AUTO_MAPPED_TO_EXISTING_CNMC
CNMC-EE-CONN-000012,BHEL,DV0692402110,ELECTRICAL_AND_ELECTRONICS,CONNECTOR,CONNECTOR,PC104 CNCTR 32X2 NON STACK M20-6113245 | PC104 CONNECTOR | 32X2 NON-STACK THROUGH | OEM: HARWIN | P/N: M20-6113245,PC104 CONNECTOR 32X2 NON STACK M20-6113245 PC104 CONNECTOR 32X2 NON-STACK THROUGH P/N: M20-6113245,STANDARD,UNSPECIFIED,UNSPECIFIED,UNSPECIFIED,UNSPECIFIED,UNSPECIFIED,UNSPECIFIED,EE|CONN|STANDARD|UNSPECIFIED|UNSPECIFIED|UNSPECIFIED|UNSPECIFIED|UNSPECIFIED|UNSPECIFIED,AUTO_MAPPED_TO_EXISTING_CNMC
CNMC-EE-CONN-000052,BHEL,DV0692402128,ELECTRICAL_AND_ELECTRONICS,CONNECTOR,"CONNECTOR, PIN HEADER, 2.54MM",HEADER 3X2 2.54MM RAM20-9950345 | HEADER 3X2 2.54MM RA | OEM: HARWIN | P/N: M20-9950345,HEADER 3X2 2.54MM RAM20-9950345 HEADER 3X2 2.54MM RA P/N: M20-9950345,PIN_HEADER,2.54MM,UNSPECIFIED,UNSPECIFIED,UNSPECIFIED,UNSPECIFIED,UNSPECIFIED,EE|CONN|PIN_HEADER|2.54MM|UNSPECIFIED|UNSPECIFIED|UNSPECIFIED|UNSPECIFIED|UNSPECIFIED,AUTO_MAPPED_TO_EXISTING_CNMC
CNMC-GN-GEN-000007,BHEL,DV0692402209,GENERAL_MATERIALS,GENERAL_MATERIAL,"GENERAL_MATERIAL, PKG THROUGH_HOLE",SOCKET 5X2 2.54MM VERT M20-7830542 TH | SOCKET 5X2 2.54MM VERTICAL TH | OEM:HARWIN | P/N:M20-7830542,SOCKET 5X2 2.54MM VERT M20-7830542 THROUGH_HOLE SOCKET 5X2 2.54MM VERTICAL THROUGH_HOLE P/N:M20-7830542,STANDARD,UNSPECIFIED,UNSPECIFIED,UNSPECIFIED,THROUGH_HOLE,UNSPECIFIED,UNSPECIFIED,GN|GEN|STANDARD|UNSPECIFIED|UNSPECIFIED|UNSPECIFIED|THROUGH_HOLE|UNSPECIFIED|UNSPECIFIED,AUTO_MAPPED_TO_EXISTING_CNMC
CNMC-EE-CONN-000053,BHEL,DV0692402748,ELECTRICAL_AND_ELECTRONICS,CONNECTOR,"CONNECTOR, PIN HEADER, 2.54MM, 3P",HEADER 3P 2.54MM VERTICAL M20-9990345SIL | HEADER 3P 2.54MM VERTICAL SIL | OEM:HARWIN | P/N:M20-9990345,HEADER 3P 2.54MM VERTICAL M20-9990345SIL HEADER 3P 2.54MM VERTICAL SIL P/N:M20-9990345,PIN_HEADER,2.54MM,UNSPECIFIED,UNSPECIFIED,UNSPECIFIED,3P,UNSPECIFIED,EE|CONN|PIN_HEADER|2.54MM|UNSPECIFIED|UNSPECIFIED|UNSPECIFIED|3P|UNSPECIFIED,AUTO_MAPPED_TO_EXISTING_CNMC
CNMC-EE-CONN-000054,BHEL,DV0692402896,ELECTRICAL_AND_ELECTRONICS,CONNECTOR,"CONNECTOR, PIN HEADER, 4.20MM, PKG THROUGH_HOLE",HEADER 7X2 4.20MM VERT 39-28-9148 TH | HEADER 7X2 4.20MM VERTICAL PEGS | DRAIN HOLES MINI-FIT JR. | OEM:MOLEX | P/N:39-28-9148,HEADER 7X2 4.20MM VERT 39-28-9148 THROUGH_HOLE HEADER 7X2 4.20MM VERTICAL PEGS DRAIN HOLES MINI-FIT JR. P/N:39-28-9148,PIN_HEADER,4.20MM,UNSPECIFIED,UNSPECIFIED,THROUGH_HOLE,UNSPECIFIED,UNSPECIFIED,EE|CONN|PIN_HEADER|4.20MM|UNSPECIFIED|UNSPECIFIED|THROUGH_HOLE|UNSPECIFIED|UNSPECIFIED,AUTO_MAPPED_TO_EXISTING_CNMC
CNMC-EE-CONN-000048,BHEL,DV0692403205,ELECTRICAL_AND_ELECTRONICS,CONNECTOR,"CONNECTOR, PIN HEADER, 2.54MM, PKG THROUGH_HOLE",HEADER 5X2 2.54MM DW-5-15-L-D-236 TH | CONNECTOR HEADER 5X2 2.54MM TH | OEM:SAMTEC | P/N:DW-5-15-L-D-236,HEADER 5X2 2.54MM DW-5-15-L-D-236 THROUGH_HOLE CONNECTOR HEADER 5X2 2.54MM THROUGH_HOLE P/N:DW-5-15-L-D-236,PIN_HEADER,2.54MM,UNSPECIFIED,UNSPECIFIED,THROUGH_HOLE,UNSPECIFIED,UNSPECIFIED,EE|CONN|PIN_HEADER|2.54MM|UNSPECIFIED|UNSPECIFIED|THROUGH_HOLE|UNSPECIFIED|UNSPECIFIED,AUTO_MAPPED_TO_EXISTING_CNMC
CNMC-GN-GEN-000008,BHEL,DV0692403728,GENERAL_MATERIALS,GENERAL_MATERIAL,"GENERAL_MATERIAL, 15P",CONN SUB-D 15P RA MALE GRNDING BRD | LOCKS | CONN SUB-D 15P RA MALE | GROUNDING BOARD LOCKS | OEM:HARTING | P/N:09652626812,CONN SUB-D 15P RA MALE GRNDING BRD LOCKS CONN SUB-D 15P RA MALE GROUNDING BOARD LOCKS P/N:09652626812,STANDARD,UNSPECIFIED,UNSPECIFIED,UNSPECIFIED,UNSPECIFIED,15P,UNSPECIFIED,GN|GEN|STANDARD|UNSPECIFIED|UNSPECIFIED|UNSPECIFIED|UNSPECIFIED|15P|UNSPECIFIED,AUTO_MAPPED_TO_EXISTING_CNMC
CNMC-EE-CONN-000054,BHEL,DV0692404163,ELECTRICAL_AND_ELECTRONICS,CONNECTOR,"CONNECTOR, PIN HEADER, 4.20MM, PKG THROUGH_HOLE",HEADER 2X2 4.20MM RA PEGS 39-30-1042  TH | HEADER 2X2 4.20MM RIGHT ANGLE | WITH PEGS MOLEX 5569 TH | OEM:MOLEX | P/N:39-30-1042,HEADER 2X2 4.20MM RA PEGS 39-30-1042 THROUGH_HOLE HEADER 2X2 4.20MM RIGHT_ANGLED WITH PEGS MOLEX 5569 THROUGH_HOLE P/N:39-30-1042,PIN_HEADER,4.20MM,UNSPECIFIED,UNSPECIFIED,THROUGH_HOLE,UNSPECIFIED,UNSPECIFIED,EE|CONN|PIN_HEADER|4.20MM|UNSPECIFIED|UNSPECIFIED|THROUGH_HOLE|UNSPECIFIED|UNSPECIFIED,AUTO_MAPPED_TO_EXISTING_CNMC
CNMC-EE-CONN-000055,BHEL,DV0692404180,ELECTRICAL_AND_ELECTRONICS,CONNECTOR,"CONNECTOR, PIN HEADER, 4.20MM, 3P, PKG THROUGH_HOLE",HEADER 3P 4.20MM RA39-30-3038 SNAP-IN TH | HEADER 3P 4.20MM RIGHT ANGLE | WITH SNAP-IN MOLEX 5569 TH | OEM:MOLEX | P/N:39-30-3038,HEADER 3P 4.20MM RA39-30-3038 SNAP-IN THROUGH_HOLE HEADER 3P 4.20MM RIGHT_ANGLED WITH SNAP-IN MOLEX 5569 THROUGH_HOLE P/N:39-30-3038,PIN_HEADER,4.20MM,UNSPECIFIED,UNSPECIFIED,THROUGH_HOLE,3P,UNSPECIFIED,EE|CONN|PIN_HEADER|4.20MM|UNSPECIFIED|UNSPECIFIED|THROUGH_HOLE|3P|UNSPECIFIED,AUTO_MAPPED_TO_EXISTING_CNMC
CNMC-EE-CONN-000056,BHEL,DV0692404244,ELECTRICAL_AND_ELECTRONICS,CONNECTOR,"CONNECTOR, PIN HEADER, 2.54MM, PKG SMD",HEADER 5X2 2.54MM HTST-105-01-L-DV SMD | HEADER 5X2 2.54MM SHROUDED SMT | OEM:SAMTEC | P/N:HTST-105-01-L-DV,HEADER 5X2 2.54MM HTST-105-01-L-DV SMD HEADER 5X2 2.54MM SHROUDED SMD P/N:HTST-105-01-L-DV,PIN_HEADER,2.54MM,UNSPECIFIED,UNSPECIFIED,SMD,UNSPECIFIED,UNSPECIFIED,EE|CONN|PIN_HEADER|2.54MM|UNSPECIFIED|UNSPECIFIED|SMD|UNSPECIFIED|UNSPECIFIED,AUTO_MAPPED_TO_EXISTING_CNMC
CNMC-GN-GEN-000007,BHEL,DV0692404325,GENERAL_MATERIALS,GENERAL_MATERIAL,"GENERAL_MATERIAL, PKG THROUGH_HOLE","FIBER OPTIC 29UW GAALAS OPF372A TH | FIBER OPTIC 29UW GAALAS IN ST RECEPTACLE | OEM:OPTEK/TT ELECTRONICS | P/N:OPF372A | ""OEM PACKAGING ONLY.",FIBER OPTIC 29UW GAALAS OPF372A THROUGH_HOLE FIBER OPTIC 29UW GAALAS IN ST RECEPTACLE ELECTRONICS P/N:OPF372A,STANDARD,UNSPECIFIED,UNSPECIFIED,UNSPECIFIED,THROUGH_HOLE,UNSPECIFIED,UNSPECIFIED,GN|GEN|STANDARD|UNSPECIFIED|UNSPECIFIED|UNSPECIFIED|THROUGH_HOLE|UNSPECIFIED|UNSPECIFIED,AUTO_MAPPED_TO_EXISTING_CNMC
CNMC-EE-MOD-000002,BHEL,DV0692404627,ELECTRICAL_AND_ELECTRONICS,ELECTRONIC_MODULE,"ELECTRONIC_MODULE, 9P, PKG STRAIGHT",CONN SUB-D 9P STRT MALE 8900604011800 | CONN SUB-D 9P STRAIGHT MALE | PCB 4-40 THREADED INSERT | OEM:HARTING | P/N:8900604011800,CONN SUB-D 9P STRAIGHT MALE 8900604011800 CONN SUB-D 9P STRAIGHT MALE PCB 4-40 THREADED INSERT P/N:8900604011800,STANDARD,UNSPECIFIED,UNSPECIFIED,UNSPECIFIED,STRAIGHT,9P,UNSPECIFIED,EE|MOD|STANDARD|UNSPECIFIED|UNSPECIFIED|UNSPECIFIED|STRAIGHT|9P|UNSPECIFIED,AUTO_MAPPED_TO_EXISTING_CNMC
CNMC-EE-MOD-000002,BHEL,DV0692404635,ELECTRICAL_AND_ELECTRONICS,ELECTRONIC_MODULE,"ELECTRONIC_MODULE, 9P, PKG STRAIGHT",CONN SUB-D 9P STRT FEMALE 8900604011900 | CONN SUB-D 9P STRAIGHT FEMALE | PCB 4-40 THREADED INSERT | OEM:HARTING | P/N:8900604011900,CONN SUB-D 9P STRAIGHT FEMALE 8900604011900 CONN SUB-D 9P STRAIGHT FEMALE PCB 4-40 THREADED INSERT P/N:8900604011900,STANDARD,UNSPECIFIED,UNSPECIFIED,UNSPECIFIED,STRAIGHT,9P,UNSPECIFIED,EE|MOD|STANDARD|UNSPECIFIED|UNSPECIFIED|UNSPECIFIED|STRAIGHT|9P|UNSPECIFIED,AUTO_MAPPED_TO_EXISTING_CNMC
CNMC-EE-MOD-000003,BHEL,DV0692404643,ELECTRICAL_AND_ELECTRONICS,ELECTRONIC_MODULE,"ELECTRONIC_MODULE, 15P, PKG STRAIGHT",CONN SUB-D 15P STRT FEMALE 8900604012100 | CONN SUB-D 15P STRAIGHT FEMALE | PCB 4-40 THREADED INSERT | OEM:HARTING | P/N:8900604012100,CONN SUB-D 15P STRAIGHT FEMALE 8900604012100 CONN SUB-D 15P STRAIGHT FEMALE PCB 4-40 THREADED INSERT P/N:8900604012100,STANDARD,UNSPECIFIED,UNSPECIFIED,UNSPECIFIED,STRAIGHT,15P,UNSPECIFIED,EE|MOD|STANDARD|UNSPECIFIED|UNSPECIFIED|UNSPECIFIED|STRAIGHT|15P|UNSPECIFIED,AUTO_MAPPED_TO_EXISTING_CNMC
CNMC-EE-MOD-000003,BHEL,DV0692404651,ELECTRICAL_AND_ELECTRONICS,ELECTRONIC_MODULE,"ELECTRONIC_MODULE, 15P, PKG STRAIGHT",CONN SUB-D 15P STRT MALE 8900604012000 | CONN SUB-D 15P STRAIGHT MALE | PCB 4-40 THREADED INSERT | OEM:HARTING | P/N:8900604012000,CONN SUB-D 15P STRAIGHT MALE 8900604012000 CONN SUB-D 15P STRAIGHT MALE PCB 4-40 THREADED INSERT P/N:8900604012000,STANDARD,UNSPECIFIED,UNSPECIFIED,UNSPECIFIED,STRAIGHT,15P,UNSPECIFIED,EE|MOD|STANDARD|UNSPECIFIED|UNSPECIFIED|UNSPECIFIED|STRAIGHT|15P|UNSPECIFIED,AUTO_MAPPED_TO_EXISTING_CNMC
CNMC-GN-GEN-000001,BHEL,DV0692404910,GENERAL_MATERIALS,GENERAL_MATERIAL,GENERAL_MATERIAL,HOOK UP INSULTN WIRES 600V AWG20,HOOK UP INSULTN WIRES 600V AWG20,STANDARD,UNSPECIFIED,UNSPECIFIED,UNSPECIFIED,UNSPECIFIED,UNSPECIFIED,UNSPECIFIED,GN|GEN|STANDARD|UNSPECIFIED|UNSPECIFIED|UNSPECIFIED|UNSPECIFIED|UNSPECIFIED|UNSPECIFIED,AUTO_MAPPED_TO_EXISTING_CNMC
CNMC-EE-CABL-000001,BHEL,DV0692404961,ELECTRICAL_AND_ELECTRONICS,CABLE_AND_WIRE,CABLE_AND_WIRE,SCREENED CABLE  3X0.5 SQMM 600V | SCRND CABLE 3X0.5 SQMM 600V | P/N: 004-12551-020 | MAKE: HABIA CABLE AB,SCREENED CABLE 3X0.5 SQMM 600V SCRND CABLE 3X0.5 SQMM 600V P/N: 004-12551-020 MAKE: HABIA CABLE AB,STANDARD,UNSPECIFIED,UNSPECIFIED,UNSPECIFIED,UNSPECIFIED,UNSPECIFIED,UNSPECIFIED,EE|CABL|STANDARD|UNSPECIFIED|UNSPECIFIED|UNSPECIFIED|UNSPECIFIED|UNSPECIFIED|UNSPECIFIED,AUTO_MAPPED_TO_EXISTING_CNMC
CNMC-EE-CABL-000001,BHEL,DV0692404980,ELECTRICAL_AND_ELECTRONICS,CABLE_AND_WIRE,CABLE_AND_WIRE,"CABLE H-BBM 0.5SQMM, RED | CABLE H-BBM 0.5SQMM,2000V RED COLOUR",CABLE H-BBM 0.5SQMM RED CABLE H-BBM 0.5SQMM 2000V RED COLOUR,STANDARD,UNSPECIFIED,UNSPECIFIED,UNSPECIFIED,UNSPECIFIED,UNSPECIFIED,UNSPECIFIED,EE|CABL|STANDARD|UNSPECIFIED|UNSPECIFIED|UNSPECIFIED|UNSPECIFIED|UNSPECIFIED|UNSPECIFIED,AUTO_MAPPED_TO_EXISTING_CNMC
CNMC-EE-CONN-000056,BHEL,DV0692405003,ELECTRICAL_AND_ELECTRONICS,CONNECTOR,"CONNECTOR, PIN HEADER, 2.54MM, PKG SMD",HEADER 3X2 2.54MM VERT SMD | HEADER 3X2 2.54MM VERT SMT PIN LENGTH | 8.133MM,HEADER 3X2 2.54MM VERT SMD HEADER 3X2 2.54MM VERT SMD PIN LENGTH 8.133MM,PIN_HEADER,2.54MM,UNSPECIFIED,UNSPECIFIED,SMD,UNSPECIFIED,UNSPECIFIED,EE|CONN|PIN_HEADER|2.54MM|UNSPECIFIED|UNSPECIFIED|SMD|UNSPECIFIED|UNSPECIFIED,AUTO_MAPPED_TO_EXISTING_CNMC
CNMC-EE-CONN-000048,BHEL,DV0692405219,ELECTRICAL_AND_ELECTRONICS,CONNECTOR,"CONNECTOR, PIN HEADER, 2.54MM, PKG THROUGH_HOLE","HEADER 5X2 2.54MM VERT LONG LATCH | ERT LATCHES SHROUDED TH 10 pins, | straight, long lever",HEADER 5X2 2.54MM VERT LONG LATCH ERT LATCHES SHROUDED THROUGH_HOLE 10 PINS STRAIGHT LONG LEVER,PIN_HEADER,2.54MM,UNSPECIFIED,UNSPECIFIED,THROUGH_HOLE,UNSPECIFIED,UNSPECIFIED,EE|CONN|PIN_HEADER|2.54MM|UNSPECIFIED|UNSPECIFIED|THROUGH_HOLE|UNSPECIFIED|UNSPECIFIED,AUTO_MAPPED_TO_EXISTING_CNMC
CNMC-EE-CONN-000012,BHEL,DV0692405690,ELECTRICAL_AND_ELECTRONICS,CONNECTOR,CONNECTOR,PC104 STACK CNCTR 32X2 STACK | 4P02-2A02-DA  - 3M ELECTRONIC PRODUCTS DIVISION,PC104 STACK CONNECTOR 32X2 STACK 4P02-2A02-DA - 3M ELECTRONIC PRODUCTS DIVISION,STANDARD,UNSPECIFIED,UNSPECIFIED,UNSPECIFIED,UNSPECIFIED,UNSPECIFIED,UNSPECIFIED,EE|CONN|STANDARD|UNSPECIFIED|UNSPECIFIED|UNSPECIFIED|UNSPECIFIED|UNSPECIFIED|UNSPECIFIED,AUTO_MAPPED_TO_EXISTING_CNMC
CNMC-EE-CONN-000048,BHEL,DV0692410023,ELECTRICAL_AND_ELECTRONICS,CONNECTOR,"CONNECTOR, PIN HEADER, 2.54MM, PKG THROUGH_HOLE",HEADER 7X2 2.54MM VERT SHROUDED TH | HEADER 7X2 2.54MM VERT SHROUDED TH | OEM:AMP/TYCO P/N:281272-2,HEADER 7X2 2.54MM VERT SHROUDED THROUGH_HOLE HEADER 7X2 2.54MM VERT SHROUDED THROUGH_HOLE P/N:281272-2,PIN_HEADER,2.54MM,UNSPECIFIED,UNSPECIFIED,THROUGH_HOLE,UNSPECIFIED,UNSPECIFIED,EE|CONN|PIN_HEADER|2.54MM|UNSPECIFIED|UNSPECIFIED|THROUGH_HOLE|UNSPECIFIED|UNSPECIFIED,AUTO_MAPPED_TO_EXISTING_CNMC
CNMC-EE-MOD-000002,BHEL,DV0692410066,ELECTRICAL_AND_ELECTRONICS,ELECTRONIC_MODULE,"ELECTRONIC_MODULE, 9P, PKG STRAIGHT",SUB-D CONN 9P STRAIGHT MALE PCB4-40 THRD               50 | CONN SUB-D 9P STRAIGHT MALE PCB 4-40 | THREADED INSERT TDE SERIES | OEM:TYCO P/N:1-1634218-2,SUB-D CONN 9P STRAIGHT MALE PCB4-40 THRD 50 CONN SUB-D 9P STRAIGHT MALE PCB 4-40 THREADED INSERT TDE SERIES P/N:1-1634218-2,STANDARD,UNSPECIFIED,UNSPECIFIED,UNSPECIFIED,STRAIGHT,9P,UNSPECIFIED,EE|MOD|STANDARD|UNSPECIFIED|UNSPECIFIED|UNSPECIFIED|STRAIGHT|9P|UNSPECIFIED,AUTO_MAPPED_TO_EXISTING_CNMC
CNMC-GN-GEN-000009,BHEL,DV0692410201,GENERAL_MATERIALS,GENERAL_MATERIAL,"GENERAL_MATERIAL, 10P",FLATCABLE  10 WAY | FLATCABLE  10 WAY | OEM:3M P/N:3365-10 | 1 roll=100ft (30.5M) | 3365-10  - 3M COMPANY ELECTRONICS,FLATCABLE 10 WAY FLATCABLE 10 WAY P/N:3365-10 1 ROLL 100FT 30.5M 3365-10 - 3M COMPANY ELECTRONICS,STANDARD,UNSPECIFIED,UNSPECIFIED,UNSPECIFIED,UNSPECIFIED,10P,UNSPECIFIED,GN|GEN|STANDARD|UNSPECIFIED|UNSPECIFIED|UNSPECIFIED|UNSPECIFIED|10P|UNSPECIFIED,AUTO_MAPPED_TO_EXISTING_CNMC
CNMC-GN-GEN-000006,BHEL,DV0692410236,GENERAL_MATERIALS,GENERAL_MATERIAL,"GENERAL_MATERIAL, 16P",FLATCABLE  16 WAY | FLATCABLE  16 WAY | OEM:3M P/N:3365-16 | 3365-16  - 3M COMPANY ELECTRONICS,FLATCABLE 16 WAY FLATCABLE 16 WAY P/N:3365-16 3365-16 - 3M COMPANY ELECTRONICS,STANDARD,UNSPECIFIED,UNSPECIFIED,UNSPECIFIED,UNSPECIFIED,16P,UNSPECIFIED,GN|GEN|STANDARD|UNSPECIFIED|UNSPECIFIED|UNSPECIFIED|UNSPECIFIED|16P|UNSPECIFIED,AUTO_MAPPED_TO_EXISTING_CNMC
CNMC-EE-CONN-000048,BHEL,DV0692410589,ELECTRICAL_AND_ELECTRONICS,CONNECTOR,"CONNECTOR, PIN HEADER, 2.54MM, PKG THROUGH_HOLE",HEADER 8X2 2.54MM VERT SHROUDED TH | HEADER 8X2 2.54MM VERT SHROUDED TH | OEM:AMP/TYCO P/N:281273-2,HEADER 8X2 2.54MM VERT SHROUDED THROUGH_HOLE HEADER 8X2 2.54MM VERT SHROUDED THROUGH_HOLE P/N:281273-2,PIN_HEADER,2.54MM,UNSPECIFIED,UNSPECIFIED,THROUGH_HOLE,UNSPECIFIED,UNSPECIFIED,EE|CONN|PIN_HEADER|2.54MM|UNSPECIFIED|UNSPECIFIED|THROUGH_HOLE|UNSPECIFIED|UNSPECIFIED,AUTO_MAPPED_TO_EXISTING_CNMC
CNMC-GN-GEN-000009,BHEL,DV0692410694,GENERAL_MATERIALS,GENERAL_MATERIAL,"GENERAL_MATERIAL, 10P",FLATCABLE CONNECTORS 10 WAY FEMALE | FLATCABLE CONNECTORS 10 WAY FEMALE | OEM:HARTING P/N:09185106813,FLATCABLE CONNECTORS 10 WAY FEMALE FLATCABLE CONNECTORS 10 WAY FEMALE P/N:09185106813,STANDARD,UNSPECIFIED,UNSPECIFIED,UNSPECIFIED,UNSPECIFIED,10P,UNSPECIFIED,GN|GEN|STANDARD|UNSPECIFIED|UNSPECIFIED|UNSPECIFIED|UNSPECIFIED|10P|UNSPECIFIED,AUTO_MAPPED_TO_EXISTING_CNMC
CNMC-EE-CONN-000071,BHEL,DV0692411062,ELECTRICAL_AND_ELECTRONICS,CONNECTOR,"CONNECTOR, PIN HEADER, 4.20MM, 5569P, PKG RIGHT_ANGLED",HEADER 6X2 4.20MM RA WITH FLANGES | HEADER 6X2 4.20MM | RIGHT ANGLE WITH FLANGES MOLEX 5569 | OEM:MOLEX P/N:39-29-5123,HEADER 6X2 4.20MM RA WITH FLANGES HEADER 6X2 4.20MM RIGHT_ANGLED WITH FLANGES MOLEX 5569 P/N:39-29-5123,PIN_HEADER,4.20MM,UNSPECIFIED,UNSPECIFIED,RIGHT_ANGLED,5569P,UNSPECIFIED,EE|CONN|PIN_HEADER|4.20MM|UNSPECIFIED|UNSPECIFIED|RIGHT_ANGLED|5569P|UNSPECIFIED,AUTO_MAPPED_TO_EXISTING_CNMC
CNMC-EE-MOD-000002,BHEL,DV0692411089,ELECTRICAL_AND_ELECTRONICS,ELECTRONIC_MODULE,"ELECTRONIC_MODULE, 9P, PKG STRAIGHT",SUB-D CONN 9P STRT FEMALE PCB 4-40 THRD | CONN SUB-D 9P STRAIGHT FEMALE | PCB 4-40 THREADED INSERT TDE SERIES | OEM:TYCO  P/N:1-1634222-2,SUB-D CONN 9P STRAIGHT FEMALE PCB 4-40 THRD CONN SUB-D 9P STRAIGHT FEMALE PCB 4-40 THREADED INSERT TDE SERIES P/N:1-1634222-2,STANDARD,UNSPECIFIED,UNSPECIFIED,UNSPECIFIED,STRAIGHT,9P,UNSPECIFIED,EE|MOD|STANDARD|UNSPECIFIED|UNSPECIFIED|UNSPECIFIED|STRAIGHT|9P|UNSPECIFIED,AUTO_MAPPED_TO_EXISTING_CNMC
CNMC-GN-GEN-000010,BHEL,DV0692411160,GENERAL_MATERIALS,GENERAL_MATERIAL,"GENERAL_MATERIAL, 9P",CONN SUB-D 9P RA MALE 4-40UNC THR | CONN SUB-D 9P RA MALE 4-40UNC | THREAD GROUNDING BOARD LOCKS | OEM:HARTING P/N:9651626812,CONN SUB-D 9P RA MALE 4-40UNC THR CONN SUB-D 9P RA MALE 4-40UNC THREAD GROUNDING BOARD LOCKS P/N:9651626812,STANDARD,UNSPECIFIED,UNSPECIFIED,UNSPECIFIED,UNSPECIFIED,9P,UNSPECIFIED,GN|GEN|STANDARD|UNSPECIFIED|UNSPECIFIED|UNSPECIFIED|UNSPECIFIED|9P|UNSPECIFIED,AUTO_MAPPED_TO_EXISTING_CNMC
CNMC-GN-GEN-000010,BHEL,DV0692411178,GENERAL_MATERIALS,GENERAL_MATERIAL,"GENERAL_MATERIAL, 9P",CONN SUB-D 9P RA FEMALE 4-40UNC THR | CONN SUB-D 9P RA FEMALE 4-40UNC | THREAD GROUNDING BOARD LOCKS | OEM:HARTING P/N:9661526612,CONN SUB-D 9P RA FEMALE 4-40UNC THR CONN SUB-D 9P RA FEMALE 4-40UNC THREAD GROUNDING BOARD LOCKS P/N:9661526612,STANDARD,UNSPECIFIED,UNSPECIFIED,UNSPECIFIED,UNSPECIFIED,9P,UNSPECIFIED,GN|GEN|STANDARD|UNSPECIFIED|UNSPECIFIED|UNSPECIFIED|UNSPECIFIED|9P|UNSPECIFIED,AUTO_MAPPED_TO_EXISTING_CNMC
CNMC-GN-GEN-000003,BHEL,DV0692411300,GENERAL_MATERIALS,GENERAL_MATERIAL,"GENERAL_MATERIAL, PKG SMD",CONN SOCKET STRIP 2MM 20X2 SMT,CONN SOCKET STRIP 2MM 20X2 SMD,STANDARD,UNSPECIFIED,UNSPECIFIED,UNSPECIFIED,SMD,UNSPECIFIED,UNSPECIFIED,GN|GEN|STANDARD|UNSPECIFIED|UNSPECIFIED|UNSPECIFIED|SMD|UNSPECIFIED|UNSPECIFIED,AUTO_MAPPED_TO_EXISTING_CNMC
CNMC-GN-GEN-000011,BHEL,DV0692420509,GENERAL_MATERIALS,GENERAL_MATERIAL,"GENERAL_MATERIAL, 20P, PKG SMD",SOCKET DUAL ROW 20 PIN SMD | Date-code and  decoding information of the date-code to be | made | available along with the item,SOCKET DUAL ROW 20 PIN SMD,STANDARD,UNSPECIFIED,UNSPECIFIED,UNSPECIFIED,SMD,20P,UNSPECIFIED,GN|GEN|STANDARD|UNSPECIFIED|UNSPECIFIED|UNSPECIFIED|SMD|20P|UNSPECIFIED,AUTO_MAPPED_TO_EXISTING_CNMC
CNMC-GN-GEN-000001,BHEL,DV0692430016,GENERAL_MATERIALS,GENERAL_MATERIAL,GENERAL_MATERIAL,CONN RCPT 30 POS SOCKET SSW-115-02-F-D | OEM PACKAGING ONLY.,CONN RCPT 30 POS SOCKET SSW-115-02-F-D,STANDARD,UNSPECIFIED,UNSPECIFIED,UNSPECIFIED,UNSPECIFIED,UNSPECIFIED,UNSPECIFIED,GN|GEN|STANDARD|UNSPECIFIED|UNSPECIFIED|UNSPECIFIED|UNSPECIFIED|UNSPECIFIED|UNSPECIFIED,AUTO_MAPPED_TO_EXISTING_CNMC
CNMC-EE-CONN-000058,BHEL,DV0692430085,ELECTRICAL_AND_ELECTRONICS,CONNECTOR,"CONNECTOR, PIN HEADER, 2.54MM, 10P, PKG THROUGH_HOLE, MALE","Header 5x2 2.54mm Vertical TH Boxed | ""Header 5x2 2.54mm Vertical TH Boxed/ Headers & Wire | Housings WR-BHD | 2.54mm | Box | 10Pin | Male | Straight"" | OEM:WURTH | P/N.61201021621",HEADER 5X2 2.54MM VERTICAL THROUGH_HOLE BOXED HEADER 5X2 2.54MM VERTICAL THROUGH_HOLE BOXED/ HEADERS WIRE HOUSINGS WR-BHD 2.54MM BOX 10PIN MALE STRAIGHT P/N.61201021621,PIN_HEADER,2.54MM,UNSPECIFIED,UNSPECIFIED,THROUGH_HOLE,10P,UNSPECIFIED,EE|CONN|PIN_HEADER|2.54MM|UNSPECIFIED|UNSPECIFIED|THROUGH_HOLE|10P|MALE,AUTO_MAPPED_TO_EXISTING_CNMC
CNMC-EE-CONN-000059,BHEL,DV0692430093,ELECTRICAL_AND_ELECTRONICS,CONNECTOR,"CONNECTOR, PIN HEADER, 1.27MM, PKG SMD","HEADERCORTEX DEBUG SMT 20 POS | Debug header for Arm/Cortex /Connector Header Surface | Mount 20 position | 0.050"" | (1.27mm | OEM:SAMTECH | P/N.FTSH-110-01-F-DV-007",HEADERCORTEX DEBUG SMD 20 POS DEBUG HEADER FOR ARM/CORTEX /CONNECTOR HEADER SURFACE MOUNT 20 POSITION 0.050 1.27MM P/N.FTSH-110-01-F-DV-007,PIN_HEADER,1.27MM,UNSPECIFIED,UNSPECIFIED,SMD,UNSPECIFIED,UNSPECIFIED,EE|CONN|PIN_HEADER|1.27MM|UNSPECIFIED|UNSPECIFIED|SMD|UNSPECIFIED|UNSPECIFIED,AUTO_MAPPED_TO_EXISTING_CNMC
CNMC-EE-CONN-000072,BHEL,DV0692430327,ELECTRICAL_AND_ELECTRONICS,CONNECTOR,"CONNECTOR, 4P, PKG RIGHT_ANGLED",CNCTR CIRCULAR M12 4 WAY ANGLE 1432457 | M12 4way Right angle Ethernet / Circular Metric Connectors | SACC-CI- | M12FSD-4CON- L90 SCO OEM:PHOENIX P/N.1432457,CONNECTOR CIRCULAR M12 4 WAY ANGLE 1432457 M12 4WAY RIGHT_ANGLED ETHERNET / CIRCULAR METRIC CONNECTORS SACC-CI- M12FSD-4CON- L90 SCO P/N.1432457,STANDARD,UNSPECIFIED,UNSPECIFIED,UNSPECIFIED,RIGHT_ANGLED,4P,UNSPECIFIED,EE|CONN|STANDARD|UNSPECIFIED|UNSPECIFIED|UNSPECIFIED|RIGHT_ANGLED|4P|UNSPECIFIED,AUTO_MAPPED_TO_EXISTING_CNMC
CNMC-IN-INST-000002,BHEL,DV0692430851,INSTRUMENTATION_AND_CONTROL,INSTRUMENTATION,"INSTRUMENTATION, 4P, PKG THROUGH_HOLE","CONN SOCKET M12 4P RA TH | SENSOR/ACTUATOR FLUSH-TYPE CONN SOCKET M12 | 4P RA TH DCODED, CODING | INSERT ONLY 4A 250V IP67 -25 TO +85C OV",CONN SOCKET M12 4P RA THROUGH_HOLE SENSOR/ACTUATOR FLUSH- SOCKET M12 4P RA THROUGH_HOLE DCODED CODING INSERT ONLY 4A 250V IP67 -25 TO +85C OV,STANDARD,UNSPECIFIED,UNSPECIFIED,UNSPECIFIED,THROUGH_HOLE,4P,UNSPECIFIED,IN|INST|STANDARD|UNSPECIFIED|UNSPECIFIED|UNSPECIFIED|THROUGH_HOLE|4P|UNSPECIFIED,AUTO_MAPPED_TO_EXISTING_CNMC
CNMC-EE-CONN-000012,BHEL,DV0692431301,ELECTRICAL_AND_ELECTRONICS,CONNECTOR,CONNECTOR,HOUSING SCREW CNCTR SACC-BP-F-M12-7 THR | HOUSING SCREW CNCTR SACC-BP-F-M12-7 THR | P/N.1414003 OEM:PHOENIX CONTACT,HOUSING SCREW CONNECTOR SACC-BP-F-M12-7 THR HOUSING SCREW CONNECTOR SACC-BP-F-M12-7 THR P/N.1414003 CONTACT,STANDARD,UNSPECIFIED,UNSPECIFIED,UNSPECIFIED,UNSPECIFIED,UNSPECIFIED,UNSPECIFIED,EE|CONN|STANDARD|UNSPECIFIED|UNSPECIFIED|UNSPECIFIED|UNSPECIFIED|UNSPECIFIED|UNSPECIFIED,AUTO_MAPPED_TO_EXISTING_CNMC
CNMC-EE-SEMI-000001,BHEL,DV0692431535,ELECTRICAL_AND_ELECTRONICS,SEMICONDUCTOR,SEMICONDUCTOR,7 SEGMENTS LED SOCKET RA | OEM- Aries  . DATE CODE TO BE LESS THAN 24 | MONTHS FROM INVOICE DATE.BHEL'S WRITTEN | APPROVAL IS REQUIRED IN CASE OF | ANY DEVIATION FROM THE ABOVE.,7 SEGMENTS LED SOCKET RA ARIES .,STANDARD,UNSPECIFIED,UNSPECIFIED,UNSPECIFIED,UNSPECIFIED,UNSPECIFIED,UNSPECIFIED,EE|SEMI|STANDARD|UNSPECIFIED|UNSPECIFIED|UNSPECIFIED|UNSPECIFIED|UNSPECIFIED|UNSPECIFIED,AUTO_MAPPED_TO_EXISTING_CNMC
CNMC-GN-GEN-000013,BHEL,DV0692431761,GENERAL_MATERIALS,GENERAL_MATERIAL,"GENERAL_MATERIAL, PKG RIGHT_ANGLED",RJ45 single port right angled TH | OEM PACKAGING ONLY. DATE CODE TO BE LESS | THAN 24 MONTHS FROM INVOICE | DATE.BHEL'S WRITTEN APPROVAL IS REQUIRED IN | CASE OF ANY DEVIATION FROM | THE ABOVE,RJ45 SINGLE PORT RIGHT_ANGLED THROUGH_HOLE,STANDARD,UNSPECIFIED,UNSPECIFIED,UNSPECIFIED,RIGHT_ANGLED,UNSPECIFIED,UNSPECIFIED,GN|GEN|STANDARD|UNSPECIFIED|UNSPECIFIED|UNSPECIFIED|RIGHT_ANGLED|UNSPECIFIED|UNSPECIFIED,AUTO_MAPPED_TO_EXISTING_CNMC
CNMC-EE-CONN-000073,BHEL,DV0692431845,ELECTRICAL_AND_ELECTRONICS,CONNECTOR,"CONNECTOR, PIN HEADER, 4.20MM, PKG RIGHT_ANGLED","Header 6x2 4.20mm Right Angle with Pegs | Pitch 4.2MM, 12 Position",HEADER 6X2 4.20MM RIGHT_ANGLED WITH PEGS PITCH 4.2MM 12 POSITION,PIN_HEADER,4.20MM,UNSPECIFIED,UNSPECIFIED,RIGHT_ANGLED,UNSPECIFIED,UNSPECIFIED,EE|CONN|PIN_HEADER|4.20MM|UNSPECIFIED|UNSPECIFIED|RIGHT_ANGLED|UNSPECIFIED|UNSPECIFIED,AUTO_MAPPED_TO_EXISTING_CNMC
CNMC-EE-CONN-000062,BHEL,DV0692443100,ELECTRICAL_AND_ELECTRONICS,CONNECTOR,"CONNECTOR, PIN HEADER, 2MM",CONN LOW PROFILE HEADER 1X2P 2MM ST TMM | ROHS DEVICE WITH BACKWARD COMPATIBILITY. | TO BE SUPPLIED IN OEM PACKING | ONLY. DATE CODE TO BE LESS THAN 2 YEARS FROM | INVOICE DATE. BHEL'S | WRITTEN APPROVAL IS REQUIRED IN CASE OF ANY | DEVIATION FROM THE ABOVE,CONN LOW PROFILE HEADER 1X2P 2MM ST TMM,PIN_HEADER,2MM,UNSPECIFIED,UNSPECIFIED,UNSPECIFIED,UNSPECIFIED,UNSPECIFIED,EE|CONN|PIN_HEADER|2MM|UNSPECIFIED|UNSPECIFIED|UNSPECIFIED|UNSPECIFIED|UNSPECIFIED,AUTO_MAPPED_TO_EXISTING_CNMC
CNMC-EE-MOD-000004,BHEL,DV0692449949,ELECTRICAL_AND_ELECTRONICS,ELECTRONIC_MODULE,"ELECTRONIC_MODULE, 37P",CONN  D SUB FEMALE 37P ST PCB DC37S364 | ROHS DEVICE WITH BACKWARD COMPATIBILITY. | TO BE SUPPLIED IN OEM PACKING,CONN D SUB FEMALE 37P ST PCB DC37S364,STANDARD,UNSPECIFIED,UNSPECIFIED,UNSPECIFIED,UNSPECIFIED,37P,UNSPECIFIED,EE|MOD|STANDARD|UNSPECIFIED|UNSPECIFIED|UNSPECIFIED|UNSPECIFIED|37P|UNSPECIFIED,AUTO_MAPPED_TO_EXISTING_CNMC
CNMC-GN-GEN-000007,BHEL,DV0692502841,GENERAL_MATERIALS,GENERAL_MATERIAL,"GENERAL_MATERIAL, PKG THROUGH_HOLE","CONN HDR VRTL 2X1 2.54mm THT | ""CONN HDR VRTL 2X1 2.54mm TH",CONN HDR VRTL 2X1 2.54MM THT CONN HDR VRTL 2X1 2.54MM THROUGH_HOLE,STANDARD,UNSPECIFIED,UNSPECIFIED,UNSPECIFIED,THROUGH_HOLE,UNSPECIFIED,UNSPECIFIED,GN|GEN|STANDARD|UNSPECIFIED|UNSPECIFIED|UNSPECIFIED|THROUGH_HOLE|UNSPECIFIED|UNSPECIFIED,AUTO_MAPPED_TO_EXISTING_CNMC
CNMC-EE-SW-000006,BHEL,DV0692510538,ELECTRICAL_AND_ELECTRONICS,SWITCH,SWITCH,SWITCH TOGGLE SPDT 6A 125V | OEM PACKAGING ONLY. DATE CODE TO BE LESS | THAN 24 MONTHS FROM INVOICE | DATE.BHEL'S WRITTEN APPROVAL IS REQUIRED IN | CASE OF ANY DEVIATION FROM | THE ABOVE. Loose packets and boxes not acceptable Tape | and Reel only.,SWITCH TOGGLE SPDT 6A 125V,STANDARD,UNSPECIFIED,UNSPECIFIED,UNSPECIFIED,UNSPECIFIED,UNSPECIFIED,6A,EE|SW|STANDARD|UNSPECIFIED|UNSPECIFIED|UNSPECIFIED|UNSPECIFIED|UNSPECIFIED|UNSPECIFIED,AUTO_MAPPED_TO_EXISTING_CNMC
CNMC-EE-SW-000009,BHEL,DV0692511273,ELECTRICAL_AND_ELECTRONICS,SWITCH,"SWITCH, PKG THROUGH_HOLE","SWITCH TACTILE SPST-NO 0.05A 24V TH | SWITCH | TACTILE | SPST-NO | 0.05A | 24V | TOP | ACTIVATED ""OEM PACKAGING ONLY. DATE | CODE TO BE LESS THAN 24 MONTHS FROM INVOICE | DATE.BHEL'S WRITTEN APPROVAL | IS REQUIRED IN CASE OF ANY DEVIATION FROM THE | ABOVE."" Loose packets and | boxes not acceptable",SWITCH TACTILE SPST-NO 0.05A 24V THROUGH_HOLE SWITCH TACTILE SPST-NO 0.05A 24V TOP ACTIVATED,STANDARD,UNSPECIFIED,UNSPECIFIED,UNSPECIFIED,THROUGH_HOLE,UNSPECIFIED,0.05A,EE|SW|STANDARD|UNSPECIFIED|UNSPECIFIED|UNSPECIFIED|THROUGH_HOLE|UNSPECIFIED|UNSPECIFIED,AUTO_MAPPED_TO_EXISTING_CNMC
CNMC-EE-CONN-000063,BHEL,DV0692511290,ELECTRICAL_AND_ELECTRONICS,CONNECTOR,"CONNECTOR, D SUB, 9P, PKG THROUGH_HOLE, MALE",CONN D-SUB 9P MALE RA SOLDER TH | OEM P/N:09661636813 OEM:HARTING,CONN D-SUB 9P MALE RA SOLDER THROUGH_HOLE :09661636813,D_SUB,UNSPECIFIED,UNSPECIFIED,UNSPECIFIED,THROUGH_HOLE,9P,UNSPECIFIED,EE|CONN|D_SUB|UNSPECIFIED|UNSPECIFIED|UNSPECIFIED|THROUGH_HOLE|9P|MALE,AUTO_MAPPED_TO_EXISTING_CNMC
CNMC-EE-FUSE-000016,BHEL,DV0692511317,ELECTRICAL_AND_ELECTRONICS,FUSE,"FUSE, 5A, PKG THROUGH_HOLE","FUSE BOARD MOUNT 5A 250VAC RAD TH | ""OEM PACKAGING ONLY. DATE CODE TO BE LESS",FUSE BOARD MOUNT 5A 250VAC RAD THROUGH_HOLE,STANDARD,5A,UNSPECIFIED,UNSPECIFIED,THROUGH_HOLE,UNSPECIFIED,UNSPECIFIED,EE|FUSE|STANDARD|5A|UNSPECIFIED|UNSPECIFIED|THROUGH_HOLE|UNSPECIFIED|UNSPECIFIED,AUTO_MAPPED_TO_EXISTING_CNMC
CNMC-GN-GEN-000007,BHEL,DV0692511325,GENERAL_MATERIALS,GENERAL_MATERIAL,"GENERAL_MATERIAL, PKG THROUGH_HOLE","CONN ETHERNET 10/100 RJ45 TH | ""OEM PACKAGING ONLY. DATE CODE TO BE LESS | THAN 24 MONTHS FROM INVOICE | DATE.BHEL'S WRITTEN APPROVAL IS REQUIRED IN | CASE OF ANY DEVIATION FROM | THE ABOVE."" Loose packets and boxes not acceptable",CONN ETHERNET 10/100 RJ45 THROUGH_HOLE,STANDARD,UNSPECIFIED,UNSPECIFIED,UNSPECIFIED,THROUGH_HOLE,UNSPECIFIED,UNSPECIFIED,GN|GEN|STANDARD|UNSPECIFIED|UNSPECIFIED|UNSPECIFIED|THROUGH_HOLE|UNSPECIFIED|UNSPECIFIED,AUTO_MAPPED_TO_EXISTING_CNMC
CNMC-EE-CONN-000063,BHEL,DV0692511571,ELECTRICAL_AND_ELECTRONICS,CONNECTOR,"CONNECTOR, D SUB, 9P, PKG THROUGH_HOLE, MALE","CONN D-SUB 9P FEMALE RA SOLDER TH | OEM:HARTING CONNECTOR P/N.09661536612 ""OEM | PACKAGING ONLY. DATE CODE TO | BE | LESS | THAN | MONTHS | FROM | INVOICE | DATE.BHEL'S WRITTEN APPROVAL IS | REQUIRED IN CASE OF ANY DEVIATION FROM THE | ABOVE."" Loose packets and | boxes not acceptable Tape and Reel only",CONN D-SUB 9P FEMALE RA SOLDER THROUGH_HOLE CONNECTOR P/N.09661536612,D_SUB,UNSPECIFIED,UNSPECIFIED,UNSPECIFIED,THROUGH_HOLE,9P,UNSPECIFIED,EE|CONN|D_SUB|UNSPECIFIED|UNSPECIFIED|UNSPECIFIED|THROUGH_HOLE|9P|MALE,AUTO_MAPPED_TO_EXISTING_CNMC
CNMC-EE-CONN-000064,BHEL,ED7469101926,ELECTRICAL_AND_ELECTRONICS,CONNECTOR,"CONNECTOR, EURO CONNECTOR, 17MM, 96P, MALE","CNCTR EURO FEML 96 PIN | CONNECTOR FEMALE | 96PIN WITH 17MM LONG | WIREWRAP PINS(0.64MM | X0.64MM CROSSSECTION | DIN 41612 STYLE C | DIN CLASS 1 | GOLD PLATING ON | CONTACT AREA,REAR | PLUG UP AREA(6MM | FROM TIP) AND GOLD | FLASH ON REMAINING | AREA. | PART NO: 8609-396- | 81-97-765-WBA | (OLD REF OF AMP | OBSOLETE PART | 9-106-202-1",CONNECTOR EURO FEMALE 96 PIN CONNECTOR FEMALE 96PIN WITH 17MM LONG WIREWRAP PINS 0.64MM X0.64MM CROSSSECTION DIN 41612 STYLE C DIN CLASS 1 GOLD PLATING ON CONTACT AREA REAR PLUG UP AREA 6MM FROM TIP AND GOLD FLASH ON REMAINING AREA. PART NO: 8609-396- 81-97-765-WBA OLD AMP OBSOLETE PART 9-106-202-1,EURO_CONNECTOR,17MM,UNSPECIFIED,UNSPECIFIED,UNSPECIFIED,96P,UNSPECIFIED,EE|CONN|EURO_CONNECTOR|17MM|UNSPECIFIED|UNSPECIFIED|UNSPECIFIED|96P|MALE,AUTO_MAPPED_TO_EXISTING_CNMC
CNMC-GN-GEN-000001,BHEL,ED7469125779,GENERAL_MATERIALS,GENERAL_MATERIAL,GENERAL_MATERIAL,SIDE ELEMENT RIGHTUM 72-SEFE/R | SIDE ELEMENT RIGHT | UM 72-SEFE/R,SIDE ELEMENT RIGHTUM 72-SEFE/R SIDE ELEMENT RIGHT UM 72-SEFE/R,STANDARD,UNSPECIFIED,UNSPECIFIED,UNSPECIFIED,UNSPECIFIED,UNSPECIFIED,UNSPECIFIED,GN|GEN|STANDARD|UNSPECIFIED|UNSPECIFIED|UNSPECIFIED|UNSPECIFIED|UNSPECIFIED|UNSPECIFIED,AUTO_MAPPED_TO_EXISTING_CNMC
CNMC-GN-GEN-000001,BHEL,ED7469125787,GENERAL_MATERIALS,GENERAL_MATERIAL,GENERAL_MATERIAL,SIDE ELEMENT LEFTUM 72-SEFE/L | SIDE ELEMENT LEFT | UM 72-SEFE/L,SIDE ELEMENT LEFTUM 72-SEFE/L SIDE ELEMENT LEFT UM 72-SEFE/L,STANDARD,UNSPECIFIED,UNSPECIFIED,UNSPECIFIED,UNSPECIFIED,UNSPECIFIED,UNSPECIFIED,GN|GEN|STANDARD|UNSPECIFIED|UNSPECIFIED|UNSPECIFIED|UNSPECIFIED|UNSPECIFIED|UNSPECIFIED,AUTO_MAPPED_TO_EXISTING_CNMC
CNMC-EE-CONN-000065,BHEL,EN7469101861,ELECTRICAL_AND_ELECTRONICS,CONNECTOR,"CONNECTOR, IDC, 34P, MALE",CNCTR IDC MALE 34 POLE | CNCTR IDC DIL 34POLE | QUICKIE MALE | 68120-034,CONNECTOR IDC MALE 34 POLE CONNECTOR IDC DIL 34POLE QUICKIE MALE 68120-034,IDC,UNSPECIFIED,UNSPECIFIED,UNSPECIFIED,UNSPECIFIED,34P,UNSPECIFIED,EE|CONN|IDC|UNSPECIFIED|UNSPECIFIED|UNSPECIFIED|UNSPECIFIED|34P|MALE,AUTO_MAPPED_TO_EXISTING_CNMC
CNMC-EE-FUSE-000017,BHEL,SY7431699360,ELECTRICAL_AND_ELECTRONICS,FUSE,"FUSE, SEMICONDUCTOR FUSE, 250A, 660V","FUSE SC 250A  660V  6.6URD30D11A0250 | SEMICONDUCTOR FUSE | 660V, 250A. X300124 | 6.6URD30D11A0250",FUSE SC 250A 660V 6.6URD30D11A0250 SEMICONDUCTOR FUSE 660V 250A. X300124 6.6URD30D11A0250,SEMICONDUCTOR_FUSE,250A,660V,UNSPECIFIED,UNSPECIFIED,UNSPECIFIED,UNSPECIFIED,EE|FUSE|SEMICONDUCTOR_FUSE|250A|660V|UNSPECIFIED|UNSPECIFIED|UNSPECIFIED|UNSPECIFIED,AUTO_MAPPED_TO_EXISTING_CNMC
CNMC-EE-IC-000018,BHEL,CN9065425004,ELECTRICAL_AND_ELECTRONICS,INTEGRATED_CIRCUIT,"INTEGRATED_CIRCUIT, MULTIPLIER, AD532JH, PKG TO-100",IC LIN MULTIPLIER 2 % AD532JH | IC LIN MULTPR 2 % | TO-100 | AD532JH,IC LIN MULTIPLIER 2 % AD532JH IC LIN MULTPR 2 % TO-100 AD532JH,MULTIPLIER,AD532JH,UNSPECIFIED,UNSPECIFIED,TO-100,UNSPECIFIED,UNSPECIFIED,EE|IC|MULTIPLIER|AD532JH|UNSPECIFIED|UNSPECIFIED|TO-100|UNSPECIFIED|UNSPECIFIED,AUTO_MAPPED_TO_EXISTING_CNMC
CNMC-EE-SW-000014,BHEL,CN9065462023,ELECTRICAL_AND_ELECTRONICS,SWITCH,"SWITCH, PKG DIP",IC LIN ANALOG SWITCH QUAD DG201ACJ | IC LIN | SWITCH QUAD DIP P | DG201ACJ,IC LIN ANALOG SWITCH QUAD DG201ACJ IC LIN SWITCH QUAD DIP P DG201ACJ,STANDARD,UNSPECIFIED,UNSPECIFIED,UNSPECIFIED,DIP,UNSPECIFIED,UNSPECIFIED,EE|SW|STANDARD|UNSPECIFIED|UNSPECIFIED|UNSPECIFIED|DIP|UNSPECIFIED|UNSPECIFIED,AUTO_MAPPED_TO_EXISTING_CNMC
CNMC-EE-SW-000014,BHEL,CN9065462074,ELECTRICAL_AND_ELECTRONICS,SWITCH,"SWITCH, PKG DIP",IC LIN ANALOG SWITCH QUAD DG201ABK | IC LIN DG201ABK | SWITCH QUAD DIP C | -25 TO 85øC,IC LIN ANALOG SWITCH QUAD DG201ABK IC LIN DG201ABK SWITCH QUAD DIP C -25 TO 85ØC,STANDARD,UNSPECIFIED,UNSPECIFIED,UNSPECIFIED,DIP,UNSPECIFIED,25,EE|SW|STANDARD|UNSPECIFIED|UNSPECIFIED|UNSPECIFIED|DIP|UNSPECIFIED|UNSPECIFIED,AUTO_MAPPED_TO_EXISTING_CNMC
CNMC-EE-IC-000019,BHEL,CN9065472010,ELECTRICAL_AND_ELECTRONICS,INTEGRATED_CIRCUIT,"INTEGRATED_CIRCUIT, LM148J, 14P, PKG DIP",IC LIN OPAMP QUAD LM148J | IC LIN OPAMP QUAD | DIP 14P | LM148J,IC LIN OPAMP QUAD LM148J IC LIN OPAMP QUAD DIP 14P LM148J,STANDARD,LM148J,UNSPECIFIED,UNSPECIFIED,DIP,14P,UNSPECIFIED,EE|IC|STANDARD|LM148J|UNSPECIFIED|UNSPECIFIED|DIP|14P|UNSPECIFIED,AUTO_MAPPED_TO_EXISTING_CNMC
CNMC-EE-IC-000020,BHEL,CN9065477020,ELECTRICAL_AND_ELECTRONICS,INTEGRATED_CIRCUIT,"INTEGRATED_CIRCUIT, LM308AN, 8P, PKG DIP",IC LIN OPAMP SING LM308AN | IC LIN OPAMP SING | DIP 8P | LM308AN,IC LIN OPAMP SING LM308AN IC LIN OPAMP SING DIP 8P LM308AN,STANDARD,LM308AN,UNSPECIFIED,UNSPECIFIED,DIP,8P,UNSPECIFIED,EE|IC|STANDARD|LM308AN|UNSPECIFIED|UNSPECIFIED|DIP|8P|UNSPECIFIED,AUTO_MAPPED_TO_EXISTING_CNMC
CNMC-EE-IC-000021,BHEL,CN9065483055,ELECTRICAL_AND_ELECTRONICS,INTEGRATED_CIRCUIT,"INTEGRATED_CIRCUIT, VOLTAGE REGULATOR, LM7815CK, PKG TO-3","IC LIN VOLT REG POS FIX 15V LM7815CK | IC LIN VOLT REG POS | FIX 15V,TO-3 | LM7815CK",IC LIN VOLT REG POS FIX 15V LM7815CK IC LIN VOLT REG POS FIX 15V TO-3 LM7815CK,VOLTAGE_REGULATOR,LM7815CK,UNSPECIFIED,UNSPECIFIED,TO-3,UNSPECIFIED,UNSPECIFIED,EE|IC|VOLTAGE_REGULATOR|LM7815CK|UNSPECIFIED|UNSPECIFIED|TO-3|UNSPECIFIED|UNSPECIFIED,AUTO_MAPPED_TO_EXISTING_CNMC
CNMC-EE-IC-000022,BHEL,CN9065486100,ELECTRICAL_AND_ELECTRONICS,INTEGRATED_CIRCUIT,"INTEGRATED_CIRCUIT, OR GATE, LM139J, PKG DIP",IC LIN COMPARATOR QUAD LM139J | IC LIN CMPRTR | DIP 14C | LM139J,IC LIN COMPARATOR QUAD LM139J IC LIN CMPRTR DIP 14C LM139J,OR_GATE,LM139J,UNSPECIFIED,UNSPECIFIED,DIP,UNSPECIFIED,UNSPECIFIED,EE|IC|OR_GATE|LM139J|UNSPECIFIED|UNSPECIFIED|DIP|UNSPECIFIED|UNSPECIFIED,AUTO_MAPPED_TO_EXISTING_CNMC
CNMC-EE-IC-000023,BHEL,CN9065486232,ELECTRICAL_AND_ELECTRONICS,INTEGRATED_CIRCUIT,"INTEGRATED_CIRCUIT, OR GATE, 14P, PKG DIP",IC LIN COMPARATOR QUAD CA139AF | IC LIN CMPRTR QUAD | DIP 14P | CA139AF,IC LIN COMPARATOR QUAD CA139AF IC LIN CMPRTR QUAD DIP 14P CA139AF,OR_GATE,UNSPECIFIED,UNSPECIFIED,UNSPECIFIED,DIP,14P,UNSPECIFIED,EE|IC|OR_GATE|UNSPECIFIED|UNSPECIFIED|UNSPECIFIED|DIP|14P|UNSPECIFIED,AUTO_MAPPED_TO_EXISTING_CNMC
CNMC-EE-IC-000024,BHEL,CN9065487042,ELECTRICAL_AND_ELECTRONICS,INTEGRATED_CIRCUIT,"INTEGRATED_CIRCUIT, LM348NA, 14P, PKG DIP",IC LIN OPAMP QUAD LM348NA+ | IC LIN OPAMP QUAD | DIP 14P | LM348NA+,IC LIN OPAMP QUAD LM348NA+ IC LIN OPAMP QUAD DIP 14P LM348NA+,STANDARD,LM348NA,UNSPECIFIED,UNSPECIFIED,DIP,14P,UNSPECIFIED,EE|IC|STANDARD|LM348NA|UNSPECIFIED|UNSPECIFIED|DIP|14P|UNSPECIFIED,AUTO_MAPPED_TO_EXISTING_CNMC
CNMC-EE-IC-000025,BHEL,CN9065488219,ELECTRICAL_AND_ELECTRONICS,INTEGRATED_CIRCUIT,"INTEGRATED_CIRCUIT, VOLTAGE REGULATOR, LM340T, PKG TO-220","IC LIN VOLT REG POS FIX 12V LM340T-12 | IC LIN VOLT REG POS | FIX 12V,TO-220 | LM340T-12",IC LIN VOLT REG POS FIX 12V LM340T-12 IC LIN VOLT REG POS FIX 12V TO-220 LM340T-12,VOLTAGE_REGULATOR,LM340T,UNSPECIFIED,UNSPECIFIED,TO-220,UNSPECIFIED,UNSPECIFIED,EE|IC|VOLTAGE_REGULATOR|LM340T|UNSPECIFIED|UNSPECIFIED|TO-220|UNSPECIFIED|UNSPECIFIED,AUTO_MAPPED_TO_EXISTING_CNMC
CNMC-EE-IC-000026,BHEL,CN9065504010,ELECTRICAL_AND_ELECTRONICS,INTEGRATED_CIRCUIT,"INTEGRATED_CIRCUIT, OR GATE, 6P, PKG DIP",IC LIN OPAMP SING TAA761A | IC LIN OPAMP DIP 6P TAA761A | ICS TO BE 100% INSPECTED FOR FUNCTION- | ALITY. DEFECTIVE ICS TO BE REPLACED BY | THE VENDOR.,IC LIN OPAMP SING TAA761A IC LIN OPAMP DIP 6P TAA761A ICS TO BE 100% INSPECTED FOR FUNCTION- ALITY. DEFECTIVE ICS TO BE REPLACED BY THE VENDOR.,OR_GATE,UNSPECIFIED,UNSPECIFIED,UNSPECIFIED,DIP,6P,UNSPECIFIED,EE|IC|OR_GATE|UNSPECIFIED|UNSPECIFIED|UNSPECIFIED|DIP|6P|UNSPECIFIED,AUTO_MAPPED_TO_EXISTING_CNMC
CNMC-EE-IC-000027,BHEL,CN9065507019,ELECTRICAL_AND_ELECTRONICS,INTEGRATED_CIRCUIT,"INTEGRATED_CIRCUIT, 8P, PKG DIP",IC LIN OPAMP SING OP07CP | IC LIN OPAMP SING | DIP 8P | OP07CP,IC LIN OPAMP SING OP07CP IC LIN OPAMP SING DIP 8P OP07CP,STANDARD,UNSPECIFIED,UNSPECIFIED,UNSPECIFIED,DIP,8P,UNSPECIFIED,EE|IC|STANDARD|UNSPECIFIED|UNSPECIFIED|UNSPECIFIED|DIP|8P|UNSPECIFIED,AUTO_MAPPED_TO_EXISTING_CNMC
CNMC-EE-IC-000028,BHEL,CN9065542035,ELECTRICAL_AND_ELECTRONICS,INTEGRATED_CIRCUIT,"INTEGRATED_CIRCUIT, DAC, MC1408L",IC IF DAC 8 BIT 1408 | IC LIN MC1408L,IC IF DAC 8 BIT 1408 IC LIN MC1408L,DAC,MC1408L,UNSPECIFIED,UNSPECIFIED,UNSPECIFIED,UNSPECIFIED,UNSPECIFIED,EE|IC|DAC|MC1408L|UNSPECIFIED|UNSPECIFIED|UNSPECIFIED|UNSPECIFIED|UNSPECIFIED,AUTO_MAPPED_TO_EXISTING_CNMC
CNMC-EE-IC-000001,BHEL,CN9065547010,ELECTRICAL_AND_ELECTRONICS,INTEGRATED_CIRCUIT,INTEGRATED_CIRCUIT,IC LIN VOLTAGE REF 10V | IC LIN LH0070-OH | VOLREF TO-5 | -55 TO 125øC 10V,IC LIN VOLTAGE IC LIN LH0070-OH VOLREF TO-5 -55 TO 125ØC 10V,STANDARD,UNSPECIFIED,UNSPECIFIED,UNSPECIFIED,UNSPECIFIED,UNSPECIFIED,UNSPECIFIED,EE|IC|STANDARD|UNSPECIFIED|UNSPECIFIED|UNSPECIFIED|UNSPECIFIED|UNSPECIFIED|UNSPECIFIED,AUTO_MAPPED_TO_EXISTING_CNMC
CNMC-EE-IC-000029,BHEL,CN9065577050,ELECTRICAL_AND_ELECTRONICS,INTEGRATED_CIRCUIT,"INTEGRATED_CIRCUIT, LM108AH",IC LIN OPAMP QUAD LM108AH | IC LIN OPAMP QUAD | TO-78 | LM108AH,IC LIN OPAMP QUAD LM108AH IC LIN OPAMP QUAD TO-78 LM108AH,STANDARD,LM108AH,UNSPECIFIED,UNSPECIFIED,UNSPECIFIED,UNSPECIFIED,UNSPECIFIED,EE|IC|STANDARD|LM108AH|UNSPECIFIED|UNSPECIFIED|UNSPECIFIED|UNSPECIFIED|UNSPECIFIED,AUTO_MAPPED_TO_EXISTING_CNMC
CNMC-EE-IC-000001,BHEL,CN9065701010,ELECTRICAL_AND_ELECTRONICS,INTEGRATED_CIRCUIT,INTEGRATED_CIRCUIT,IC MP PROGRAMMABLE INTRVL TIMR 82C54 | CMS,IC MP PROGRAMMABLE INTRVL TIMR 82C54 CMS,STANDARD,UNSPECIFIED,UNSPECIFIED,UNSPECIFIED,UNSPECIFIED,UNSPECIFIED,UNSPECIFIED,EE|IC|STANDARD|UNSPECIFIED|UNSPECIFIED|UNSPECIFIED|UNSPECIFIED|UNSPECIFIED|UNSPECIFIED,AUTO_MAPPED_TO_EXISTING_CNMC
CNMC-EE-IC-000001,BHEL,CN9065702016,ELECTRICAL_AND_ELECTRONICS,INTEGRATED_CIRCUIT,INTEGRATED_CIRCUIT,IC MP COMMUNICATION IF 8251A | IC MP P8251A | NMOS,IC MP COMMUNICATION IF 8251A IC MP P8251A NMOS,STANDARD,UNSPECIFIED,UNSPECIFIED,UNSPECIFIED,UNSPECIFIED,UNSPECIFIED,UNSPECIFIED,EE|IC|STANDARD|UNSPECIFIED|UNSPECIFIED|UNSPECIFIED|UNSPECIFIED|UNSPECIFIED|UNSPECIFIED,AUTO_MAPPED_TO_EXISTING_CNMC
CNMC-EE-IC-000030,BHEL,CN9065704019,ELECTRICAL_AND_ELECTRONICS,INTEGRATED_CIRCUIT,"INTEGRATED_CIRCUIT, OR GATE",IC MP COMMUNICATION CONTROLLER 9902 | IC MP COMMUNICATIONS CONTROLLER | TMS9902ANL | ICS TO BE 100% INSPECTED FOR FUNCTION- | ALITY. DEFECTIVE ICS TO BE REPLACED BY | THE VENDOR.,IC MP COMMUNICATION CONTROLLER 9902 IC MP COMMUNICATIONS CONTROLLER TMS9902ANL ICS TO BE 100% INSPECTED FOR FUNCTION- ALITY. DEFECTIVE ICS TO BE REPLACED BY THE VENDOR.,OR_GATE,UNSPECIFIED,UNSPECIFIED,UNSPECIFIED,UNSPECIFIED,UNSPECIFIED,UNSPECIFIED,EE|IC|OR_GATE|UNSPECIFIED|UNSPECIFIED|UNSPECIFIED|UNSPECIFIED|UNSPECIFIED|UNSPECIFIED,AUTO_MAPPED_TO_EXISTING_CNMC
CNMC-EE-IC-000030,BHEL,CN9065705015,ELECTRICAL_AND_ELECTRONICS,INTEGRATED_CIRCUIT,"INTEGRATED_CIRCUIT, OR GATE",IC MP MICROCONTROLLER 8 BIT 9995 | IC MICROCOMPUTER TMS9995NL-12 | ALL ICs TO BE TESTED FOR FULL FUNCTIONALITY | DURING BHEL-GI QUALITY INSPECTION STAGE. | ICs WHICH ARE PASSING THE TEST ONLY TO BE | ACCEPTED. | REST TO BE REJECTED. | REJECTED ICs TO BE REPLACED BY THE VENDOR,IC MP MICROCONTROLLER 8 BIT 9995 IC MICROCOMPUTER TMS9995NL-12 ALL ICS TO BE TESTED FOR FULL FUNCTIONALITY DURING BHEL-GI QUALITY INSPECTION STAGE. ICS WHICH ARE PASSING THE TEST ONLY TO BE ACCEPTED. REST TO BE REJECTED. REJECTED ICS TO BE REPLACED BY THE VENDOR,OR_GATE,UNSPECIFIED,UNSPECIFIED,UNSPECIFIED,UNSPECIFIED,UNSPECIFIED,UNSPECIFIED,EE|IC|OR_GATE|UNSPECIFIED|UNSPECIFIED|UNSPECIFIED|UNSPECIFIED|UNSPECIFIED|UNSPECIFIED,AUTO_MAPPED_TO_EXISTING_CNMC
CNMC-EE-IC-000030,BHEL,CN9065713026,ELECTRICAL_AND_ELECTRONICS,INTEGRATED_CIRCUIT,"INTEGRATED_CIRCUIT, OR GATE",IC MP MOTHER BOARD CLK GENERATOR 82284 | IC MP P82284-6,IC MP MOTHER BOARD CLK GENERATOR 82284 IC MP P82284-6,OR_GATE,UNSPECIFIED,UNSPECIFIED,UNSPECIFIED,UNSPECIFIED,UNSPECIFIED,UNSPECIFIED,EE|IC|OR_GATE|UNSPECIFIED|UNSPECIFIED|UNSPECIFIED|UNSPECIFIED|UNSPECIFIED|UNSPECIFIED,AUTO_MAPPED_TO_EXISTING_CNMC
CNMC-EE-IC-000001,BHEL,CN9065714014,ELECTRICAL_AND_ELECTRONICS,INTEGRATED_CIRCUIT,INTEGRATED_CIRCUIT,IC MP NMS 82288 | IC MP P82288 | NMS,IC MP NMS 82288 IC MP P82288 NMS,STANDARD,UNSPECIFIED,UNSPECIFIED,UNSPECIFIED,UNSPECIFIED,UNSPECIFIED,UNSPECIFIED,EE|IC|STANDARD|UNSPECIFIED|UNSPECIFIED|UNSPECIFIED|UNSPECIFIED|UNSPECIFIED|UNSPECIFIED,AUTO_MAPPED_TO_EXISTING_CNMC
CNMC-EE-IC-000031,BHEL,CN9065809015,ELECTRICAL_AND_ELECTRONICS,INTEGRATED_CIRCUIT,"INTEGRATED_CIRCUIT, OR GATE, CD4001BE",IC DGTL CMS QUAD 2 I/P NOR GATE 4001B | IC DGTL CD4001BE | CMS,IC DGTL CMS QUAD 2 I/P NOR GATE 4001B IC DGTL CD4001BE CMS,OR_GATE,CD4001BE,UNSPECIFIED,UNSPECIFIED,UNSPECIFIED,UNSPECIFIED,UNSPECIFIED,EE|IC|OR_GATE|CD4001BE|UNSPECIFIED|UNSPECIFIED|UNSPECIFIED|UNSPECIFIED|UNSPECIFIED,AUTO_MAPPED_TO_EXISTING_CNMC
CNMC-EE-IC-000001,BHEL,CN9065843019,ELECTRICAL_AND_ELECTRONICS,INTEGRATED_CIRCUIT,INTEGRATED_CIRCUIT,IC DGTL FZH115B | IC DGTL FZH115B,IC DGTL FZH115B IC DGTL FZH115B,STANDARD,UNSPECIFIED,UNSPECIFIED,UNSPECIFIED,UNSPECIFIED,UNSPECIFIED,UNSPECIFIED,EE|IC|STANDARD|UNSPECIFIED|UNSPECIFIED|UNSPECIFIED|UNSPECIFIED|UNSPECIFIED|UNSPECIFIED,AUTO_MAPPED_TO_EXISTING_CNMC
CNMC-EE-IC-000001,BHEL,CN9065886001,ELECTRICAL_AND_ELECTRONICS,INTEGRATED_CIRCUIT,INTEGRATED_CIRCUIT,IC DGTL FZK105 | IC DGTL FZK105,IC DGTL FZK105 IC DGTL FZK105,STANDARD,UNSPECIFIED,UNSPECIFIED,UNSPECIFIED,UNSPECIFIED,UNSPECIFIED,UNSPECIFIED,EE|IC|STANDARD|UNSPECIFIED|UNSPECIFIED|UNSPECIFIED|UNSPECIFIED|UNSPECIFIED|UNSPECIFIED,AUTO_MAPPED_TO_EXISTING_CNMC
CNMC-EE-IC-000032,BHEL,CN9065902031,ELECTRICAL_AND_ELECTRONICS,INTEGRATED_CIRCUIT,"INTEGRATED_CIRCUIT, NAND GATE, 74LS00",IC DGTL TTL QUAD 2 I/P NAND GATE 74LS00 | IC DGTL SN74LSOON,IC DGTL TTL QUAD 2 I/P NAND GATE 74LS00 IC DGTL SN74LSOON,NAND_GATE,74LS00,UNSPECIFIED,UNSPECIFIED,UNSPECIFIED,UNSPECIFIED,UNSPECIFIED,EE|IC|NAND_GATE|74LS00|UNSPECIFIED|UNSPECIFIED|UNSPECIFIED|UNSPECIFIED|UNSPECIFIED,AUTO_MAPPED_TO_EXISTING_CNMC
CNMC-EE-IC-000033,BHEL,CN9065903046,ELECTRICAL_AND_ELECTRONICS,INTEGRATED_CIRCUIT,"INTEGRATED_CIRCUIT, AND GATE, 74LS08",IC DGTL TTL QUAD 2 I/P AND GATE 74LS08 | IC DGTL SN74LS08N,IC DGTL TTL QUAD 2 I/P AND GATE 74LS08 IC DGTL SN74LS08N,AND_GATE,74LS08,UNSPECIFIED,UNSPECIFIED,UNSPECIFIED,UNSPECIFIED,UNSPECIFIED,EE|IC|AND_GATE|74LS08|UNSPECIFIED|UNSPECIFIED|UNSPECIFIED|UNSPECIFIED|UNSPECIFIED,AUTO_MAPPED_TO_EXISTING_CNMC
CNMC-EE-IC-000034,BHEL,CN9065903054,ELECTRICAL_AND_ELECTRONICS,INTEGRATED_CIRCUIT,"INTEGRATED_CIRCUIT, AND GATE, 74S08",IC DGTL TTL QUAD 2 I/P AND GATE 74S08 | IC DGTL SN74S08N,IC DGTL TTL QUAD 2 I/P AND GATE 74S08 IC DGTL SN74S08N,AND_GATE,74S08,UNSPECIFIED,UNSPECIFIED,UNSPECIFIED,UNSPECIFIED,UNSPECIFIED,EE|IC|AND_GATE|74S08|UNSPECIFIED|UNSPECIFIED|UNSPECIFIED|UNSPECIFIED|UNSPECIFIED,AUTO_MAPPED_TO_EXISTING_CNMC
CNMC-EE-IC-000035,BHEL,CN9065904034,ELECTRICAL_AND_ELECTRONICS,INTEGRATED_CIRCUIT,"INTEGRATED_CIRCUIT, NAND GATE, 74LS10",IC DGTL TTL TRPL 3 I/P NAND GATE 74LS10 | IC DGTL 3 I/P NAND | PDIP-14,IC DGTL TTL TRPL 3 I/P NAND GATE 74LS10 IC DGTL 3 I/P NAND PDIP-14,NAND_GATE,74LS10,UNSPECIFIED,UNSPECIFIED,UNSPECIFIED,UNSPECIFIED,UNSPECIFIED,EE|IC|NAND_GATE|74LS10|UNSPECIFIED|UNSPECIFIED|UNSPECIFIED|UNSPECIFIED|UNSPECIFIED,AUTO_MAPPED_TO_EXISTING_CNMC
CNMC-EE-IC-000036,BHEL,CN9065907025,ELECTRICAL_AND_ELECTRONICS,INTEGRATED_CIRCUIT,"INTEGRATED_CIRCUIT, OR GATE, 74LS32",IC DGTL TTL QUAD 2 I/P OR GATE 74LS32 | IC DGTL SN74LS32N,IC DGTL TTL QUAD 2 I/P OR GATE 74LS32 IC DGTL SN74LS32N,OR_GATE,74LS32,UNSPECIFIED,UNSPECIFIED,UNSPECIFIED,UNSPECIFIED,UNSPECIFIED,EE|IC|OR_GATE|74LS32|UNSPECIFIED|UNSPECIFIED|UNSPECIFIED|UNSPECIFIED|UNSPECIFIED,AUTO_MAPPED_TO_EXISTING_CNMC
CNMC-EE-IC-000037,BHEL,CN9065908137,ELECTRICAL_AND_ELECTRONICS,INTEGRATED_CIRCUIT,"INTEGRATED_CIRCUIT, 74LS74",IC DGTL TTL DUAL D FF 74LS74 | IC DGTL SN74LS74N,IC DGTL TTL DUAL D FF 74LS74 IC DGTL SN74LS74N,STANDARD,74LS74,UNSPECIFIED,UNSPECIFIED,UNSPECIFIED,UNSPECIFIED,UNSPECIFIED,EE|IC|STANDARD|74LS74|UNSPECIFIED|UNSPECIFIED|UNSPECIFIED|UNSPECIFIED|UNSPECIFIED,AUTO_MAPPED_TO_EXISTING_CNMC
CNMC-EE-IC-000038,BHEL,CN9065908145,ELECTRICAL_AND_ELECTRONICS,INTEGRATED_CIRCUIT,"INTEGRATED_CIRCUIT, 74S74",IC DGTL TTL DUAL D FF 74S74 | IC DGTL SN74S74N,IC DGTL TTL DUAL D FF 74S74 IC DGTL SN74S74N,STANDARD,74S74,UNSPECIFIED,UNSPECIFIED,UNSPECIFIED,UNSPECIFIED,UNSPECIFIED,EE|IC|STANDARD|74S74|UNSPECIFIED|UNSPECIFIED|UNSPECIFIED|UNSPECIFIED|UNSPECIFIED,AUTO_MAPPED_TO_EXISTING_CNMC
CNMC-EE-PWR-000001,BHEL,CN9065913033,ELECTRICAL_AND_ELECTRONICS,POWER_CONVERTER,"POWER_CONVERTER, DC DC CONVERTER",IC DGTL TTL HEX INVERTER 74LS04 | IC IF SN74LS04N,IC DGTL TTL HEX INVERTER 74LS04 IC IF SN74LS04N,DC_DC_CONVERTER,UNSPECIFIED,UNSPECIFIED,UNSPECIFIED,UNSPECIFIED,UNSPECIFIED,UNSPECIFIED,EE|PWR|DC_DC_CONVERTER|UNSPECIFIED|UNSPECIFIED|UNSPECIFIED|UNSPECIFIED|UNSPECIFIED|UNSPECIFIED,AUTO_MAPPED_TO_EXISTING_CNMC
CNMC-EE-PWR-000001,BHEL,CN9065914048,ELECTRICAL_AND_ELECTRONICS,POWER_CONVERTER,"POWER_CONVERTER, DC DC CONVERTER",IC DGTL TTL HEX INVERTER 74LS05 | IC IF SN74LS05N,IC DGTL TTL HEX INVERTER 74LS05 IC IF SN74LS05N,DC_DC_CONVERTER,UNSPECIFIED,UNSPECIFIED,UNSPECIFIED,UNSPECIFIED,UNSPECIFIED,UNSPECIFIED,EE|PWR|DC_DC_CONVERTER|UNSPECIFIED|UNSPECIFIED|UNSPECIFIED|UNSPECIFIED|UNSPECIFIED|UNSPECIFIED,AUTO_MAPPED_TO_EXISTING_CNMC
CNMC-EE-IC-000039,BHEL,CN9065921001,ELECTRICAL_AND_ELECTRONICS,INTEGRATED_CIRCUIT,"INTEGRATED_CIRCUIT, 74LS244",IC IF TTL OCT BUFFER 74LS244 | IC DGTL SN74LS244N,IC IF TTL OCT BUFFER 74LS244 IC DGTL SN74LS244N,STANDARD,74LS244,UNSPECIFIED,UNSPECIFIED,UNSPECIFIED,UNSPECIFIED,UNSPECIFIED,EE|IC|STANDARD|74LS244|UNSPECIFIED|UNSPECIFIED|UNSPECIFIED|UNSPECIFIED|UNSPECIFIED,AUTO_MAPPED_TO_EXISTING_CNMC
CNMC-EE-IC-000040,BHEL,CN9065985026,ELECTRICAL_AND_ELECTRONICS,INTEGRATED_CIRCUIT,"INTEGRATED_CIRCUIT, 74LS14",IC IF TTL HEX INVRTR SCHMT TRG 74LS14 | IC IF SN74LS14N,IC IF TTL HEX INVRTR SCHMT TRG 74LS14 IC IF SN74LS14N,STANDARD,74LS14,UNSPECIFIED,UNSPECIFIED,UNSPECIFIED,UNSPECIFIED,UNSPECIFIED,EE|IC|STANDARD|74LS14|UNSPECIFIED|UNSPECIFIED|UNSPECIFIED|UNSPECIFIED|UNSPECIFIED,AUTO_MAPPED_TO_EXISTING_CNMC
CNMC-GN-GEN-000001,BHEL,SN74LS38N,GENERAL_MATERIALS,GENERAL_MATERIAL,GENERAL_MATERIAL,- TEXAS INSTRUMENTS,- TEXAS INSTRUMENTS,STANDARD,UNSPECIFIED,UNSPECIFIED,UNSPECIFIED,UNSPECIFIED,UNSPECIFIED,UNSPECIFIED,GN|GEN|STANDARD|UNSPECIFIED|UNSPECIFIED|UNSPECIFIED|UNSPECIFIED|UNSPECIFIED|UNSPECIFIED,AUTO_MAPPED_TO_EXISTING_CNMC
CNMC-EE-IC-000041,BHEL,CN9065997016,ELECTRICAL_AND_ELECTRONICS,INTEGRATED_CIRCUIT,"INTEGRATED_CIRCUIT, AND GATE, 74LS51",IC DGTL TTL AND-OR-INV GATE 74LS51 | IC DGTL SN74LS51N,IC DGTL TTL AND-OR-INV GATE 74LS51 IC DGTL SN74LS51N,AND_GATE,74LS51,UNSPECIFIED,UNSPECIFIED,UNSPECIFIED,UNSPECIFIED,UNSPECIFIED,EE|IC|AND_GATE|74LS51|UNSPECIFIED|UNSPECIFIED|UNSPECIFIED|UNSPECIFIED|UNSPECIFIED,AUTO_MAPPED_TO_EXISTING_CNMC
CNMC-EE-IC-000042,BHEL,CN9066006021,ELECTRICAL_AND_ELECTRONICS,INTEGRATED_CIRCUIT,"INTEGRATED_CIRCUIT, 74LS112",IC DGTL TTL DUAL JK FF 74LS112 | IC DGTL SN74LS112AN,IC DGTL TTL DUAL JK FF 74LS112 IC DGTL SN74LS112AN,STANDARD,74LS112,UNSPECIFIED,UNSPECIFIED,UNSPECIFIED,UNSPECIFIED,UNSPECIFIED,EE|IC|STANDARD|74LS112|UNSPECIFIED|UNSPECIFIED|UNSPECIFIED|UNSPECIFIED|UNSPECIFIED,AUTO_MAPPED_TO_EXISTING_CNMC
CNMC-EE-IC-000043,BHEL,CN9066013028,ELECTRICAL_AND_ELECTRONICS,INTEGRATED_CIRCUIT,"INTEGRATED_CIRCUIT, 74S138",IC DGTL TTL 3TO8 LINE DECDR 74S138 | IC DGTL SN74S138N,IC DGTL TTL 3TO8 LINE DECDR 74S138 IC DGTL SN74S138N,STANDARD,74S138,UNSPECIFIED,UNSPECIFIED,UNSPECIFIED,UNSPECIFIED,UNSPECIFIED,EE|IC|STANDARD|74S138|UNSPECIFIED|UNSPECIFIED|UNSPECIFIED|UNSPECIFIED|UNSPECIFIED,AUTO_MAPPED_TO_EXISTING_CNMC
CNMC-EE-IC-000044,BHEL,CN9066023023,ELECTRICAL_AND_ELECTRONICS,INTEGRATED_CIRCUIT,"INTEGRATED_CIRCUIT, 74S175",IC DGTL TTL QUAD D FF 74S175 | IC DGTL SN74S175N,IC DGTL TTL QUAD D FF 74S175 IC DGTL SN74S175N,STANDARD,74S175,UNSPECIFIED,UNSPECIFIED,UNSPECIFIED,UNSPECIFIED,UNSPECIFIED,EE|IC|STANDARD|74S175|UNSPECIFIED|UNSPECIFIED|UNSPECIFIED|UNSPECIFIED|UNSPECIFIED,AUTO_MAPPED_TO_EXISTING_CNMC
CNMC-EE-IC-000045,BHEL,CN9066023031,ELECTRICAL_AND_ELECTRONICS,INTEGRATED_CIRCUIT,"INTEGRATED_CIRCUIT, 74LS175",IC DGTL TTL QUAD D FF 74LS175 | IC DGTL SN74LS175N | QUAD D-FF | PDIP-16,IC DGTL TTL QUAD D FF 74LS175 IC DGTL SN74LS175N QUAD D-FF PDIP-16,STANDARD,74LS175,UNSPECIFIED,UNSPECIFIED,UNSPECIFIED,UNSPECIFIED,UNSPECIFIED,EE|IC|STANDARD|74LS175|UNSPECIFIED|UNSPECIFIED|UNSPECIFIED|UNSPECIFIED|UNSPECIFIED,AUTO_MAPPED_TO_EXISTING_CNMC
CNMC-EE-IC-000046,BHEL,CN9066039019,ELECTRICAL_AND_ELECTRONICS,INTEGRATED_CIRCUIT,"INTEGRATED_CIRCUIT, 74LS240",IC IF TTL OCT BUFFER 74LS240 | IC IF SN74LS240N,IC IF TTL OCT BUFFER 74LS240 IC IF SN74LS240N,STANDARD,74LS240,UNSPECIFIED,UNSPECIFIED,UNSPECIFIED,UNSPECIFIED,UNSPECIFIED,EE|IC|STANDARD|74LS240|UNSPECIFIED|UNSPECIFIED|UNSPECIFIED|UNSPECIFIED|UNSPECIFIED,AUTO_MAPPED_TO_EXISTING_CNMC
CNMC-EE-IC-000047,BHEL,CN9066052090,ELECTRICAL_AND_ELECTRONICS,INTEGRATED_CIRCUIT,"INTEGRATED_CIRCUIT, 74LS279",IC DGTL TTL QUAD SR LATCH 74LS279 | IC DGTL SN74LS279AN,IC DGTL TTL QUAD SR LATCH 74LS279 IC DGTL SN74LS279AN,STANDARD,74LS279,UNSPECIFIED,UNSPECIFIED,UNSPECIFIED,UNSPECIFIED,UNSPECIFIED,EE|IC|STANDARD|74LS279|UNSPECIFIED|UNSPECIFIED|UNSPECIFIED|UNSPECIFIED|UNSPECIFIED,AUTO_MAPPED_TO_EXISTING_CNMC
CNMC-GN-GEN-000001,BHEL,SN74LS393N,GENERAL_MATERIALS,GENERAL_MATERIAL,GENERAL_MATERIAL,- TEXAS INSTRUMENTS,- TEXAS INSTRUMENTS,STANDARD,UNSPECIFIED,UNSPECIFIED,UNSPECIFIED,UNSPECIFIED,UNSPECIFIED,UNSPECIFIED,GN|GEN|STANDARD|UNSPECIFIED|UNSPECIFIED|UNSPECIFIED|UNSPECIFIED|UNSPECIFIED|UNSPECIFIED,AUTO_MAPPED_TO_EXISTING_CNMC
CNMC-EE-IC-000048,BHEL,CN9066059010,ELECTRICAL_AND_ELECTRONICS,INTEGRATED_CIRCUIT,"INTEGRATED_CIRCUIT, 74LS373",IC DGTL TTL OCT D-LATCH 74LS373 | IC DGTL SN74LS373N,IC DGTL TTL OCT D-LATCH 74LS373 IC DGTL SN74LS373N,STANDARD,74LS373,UNSPECIFIED,UNSPECIFIED,UNSPECIFIED,UNSPECIFIED,UNSPECIFIED,EE|IC|STANDARD|74LS373|UNSPECIFIED|UNSPECIFIED|UNSPECIFIED|UNSPECIFIED|UNSPECIFIED,AUTO_MAPPED_TO_EXISTING_CNMC
CNMC-EE-IC-000049,BHEL,CN9066060018,ELECTRICAL_AND_ELECTRONICS,INTEGRATED_CIRCUIT,"INTEGRATED_CIRCUIT, 74LS374",IC DGTL TTL OCT D FF 74LS374 | IC DGTL SN74LS374N,IC DGTL TTL OCT D FF 74LS374 IC DGTL SN74LS374N,STANDARD,74LS374,UNSPECIFIED,UNSPECIFIED,UNSPECIFIED,UNSPECIFIED,UNSPECIFIED,EE|IC|STANDARD|74LS374|UNSPECIFIED|UNSPECIFIED|UNSPECIFIED|UNSPECIFIED|UNSPECIFIED,AUTO_MAPPED_TO_EXISTING_CNMC
CNMC-EE-IC-000050,BHEL,CN9066067128,ELECTRICAL_AND_ELECTRONICS,INTEGRATED_CIRCUIT,"INTEGRATED_CIRCUIT, OR GATE, 74HC27",IC DGTL HCMS TRPL 3 I/P NOR GATE 74HC27 | IC DGTL SN74HC27N,IC DGTL HCMS TRPL 3 I/P NOR GATE 74HC27 IC DGTL SN74HC27N,OR_GATE,74HC27,UNSPECIFIED,UNSPECIFIED,UNSPECIFIED,UNSPECIFIED,UNSPECIFIED,EE|IC|OR_GATE|74HC27|UNSPECIFIED|UNSPECIFIED|UNSPECIFIED|UNSPECIFIED|UNSPECIFIED,AUTO_MAPPED_TO_EXISTING_CNMC
CNMC-EE-IC-000051,BHEL,CN9066067250,ELECTRICAL_AND_ELECTRONICS,INTEGRATED_CIRCUIT,"INTEGRATED_CIRCUIT, OR GATE, 74HC86",IC DGTL HCMS QUAD 2 I/P XOR GATE 74HC86 | IC DGTL SN74HC86N | CMS,IC DGTL HCMS QUAD 2 I/P XOR GATE 74HC86 IC DGTL SN74HC86N CMS,OR_GATE,74HC86,UNSPECIFIED,UNSPECIFIED,UNSPECIFIED,UNSPECIFIED,UNSPECIFIED,EE|IC|OR_GATE|74HC86|UNSPECIFIED|UNSPECIFIED|UNSPECIFIED|UNSPECIFIED|UNSPECIFIED,AUTO_MAPPED_TO_EXISTING_CNMC
CNMC-EE-IC-000052,BHEL,CN9066067357,ELECTRICAL_AND_ELECTRONICS,INTEGRATED_CIRCUIT,"INTEGRATED_CIRCUIT, 74HC138",IC DGTL HCMS 3TO8 LINE DECDR 74HC138 | IC DGTL SN74HC138N | CMS,IC DGTL HCMS 3TO8 LINE DECDR 74HC138 IC DGTL SN74HC138N CMS,STANDARD,74HC138,UNSPECIFIED,UNSPECIFIED,UNSPECIFIED,UNSPECIFIED,UNSPECIFIED,EE|IC|STANDARD|74HC138|UNSPECIFIED|UNSPECIFIED|UNSPECIFIED|UNSPECIFIED|UNSPECIFIED,AUTO_MAPPED_TO_EXISTING_CNMC
CNMC-EE-IC-000053,BHEL,CN9066067462,ELECTRICAL_AND_ELECTRONICS,INTEGRATED_CIRCUIT,"INTEGRATED_CIRCUIT, 74HC163",IC DGTL HCMS 4 BIT BINARY CNTR 74HC163 | IC DGTL SN74HC163N | CMS,IC DGTL HCMS 4 BIT BINARY CNTR 74HC163 IC DGTL SN74HC163N CMS,STANDARD,74HC163,UNSPECIFIED,UNSPECIFIED,UNSPECIFIED,UNSPECIFIED,UNSPECIFIED,EE|IC|STANDARD|74HC163|UNSPECIFIED|UNSPECIFIED|UNSPECIFIED|UNSPECIFIED|UNSPECIFIED,AUTO_MAPPED_TO_EXISTING_CNMC
CNMC-EE-IC-000054,BHEL,CN9066067608,ELECTRICAL_AND_ELECTRONICS,INTEGRATED_CIRCUIT,"INTEGRATED_CIRCUIT, 74HC241",IC IF HCMS OCT BUFFER 74HC241 | IC DGTL SN74HC241N | CMS,IC IF HCMS OCT BUFFER 74HC241 IC DGTL SN74HC241N CMS,STANDARD,74HC241,UNSPECIFIED,UNSPECIFIED,UNSPECIFIED,UNSPECIFIED,UNSPECIFIED,EE|IC|STANDARD|74HC241|UNSPECIFIED|UNSPECIFIED|UNSPECIFIED|UNSPECIFIED|UNSPECIFIED,AUTO_MAPPED_TO_EXISTING_CNMC
CNMC-EE-IC-000055,BHEL,CN9066067632,ELECTRICAL_AND_ELECTRONICS,INTEGRATED_CIRCUIT,"INTEGRATED_CIRCUIT, 74HC244",IC IF HCMS OCT BUFFER 74HC244 | IC DGTL SN74HC244N | CMS,IC IF HCMS OCT BUFFER 74HC244 IC DGTL SN74HC244N CMS,STANDARD,74HC244,UNSPECIFIED,UNSPECIFIED,UNSPECIFIED,UNSPECIFIED,UNSPECIFIED,EE|IC|STANDARD|74HC244|UNSPECIFIED|UNSPECIFIED|UNSPECIFIED|UNSPECIFIED|UNSPECIFIED,AUTO_MAPPED_TO_EXISTING_CNMC
CNMC-EE-IC-000056,BHEL,CN9066071010,ELECTRICAL_AND_ELECTRONICS,INTEGRATED_CIRCUIT,"INTEGRATED_CIRCUIT, NAND GATE, 74AS00",IC DGTL TTL QUAD 2 I/P NAND GATE 74AS00 | IC DGTL SN74AS00N,IC DGTL TTL QUAD 2 I/P NAND GATE 74AS00 IC DGTL SN74AS00N,NAND_GATE,74AS00,UNSPECIFIED,UNSPECIFIED,UNSPECIFIED,UNSPECIFIED,UNSPECIFIED,EE|IC|NAND_GATE|74AS00|UNSPECIFIED|UNSPECIFIED|UNSPECIFIED|UNSPECIFIED|UNSPECIFIED,AUTO_MAPPED_TO_EXISTING_CNMC
CNMC-EE-IC-000057,BHEL,CN9066081015,ELECTRICAL_AND_ELECTRONICS,INTEGRATED_CIRCUIT,"INTEGRATED_CIRCUIT, NAND GATE, 74HC00, PKG SMD","IC DGTL HCMS 2 I/P NAND GATE 74HC00 SMD | IC DGTL HCMOS | MC74HC00AD, SMD | QUAD 2-I/P NAND SO",IC DGTL HCMS 2 I/P NAND GATE 74HC00 SMD IC DGTL HCMOS MC74HC00AD SMD QUAD 2-I/P NAND SO,NAND_GATE,74HC00,UNSPECIFIED,UNSPECIFIED,SMD,UNSPECIFIED,UNSPECIFIED,EE|IC|NAND_GATE|74HC00|UNSPECIFIED|UNSPECIFIED|SMD|UNSPECIFIED|UNSPECIFIED,AUTO_MAPPED_TO_EXISTING_CNMC
CNMC-EE-IC-000058,BHEL,CN9066081066,ELECTRICAL_AND_ELECTRONICS,INTEGRATED_CIRCUIT,"INTEGRATED_CIRCUIT, AND GATE, 74HC08, PKG SMD","IC DGTL HCMS 2 I/P AND GATE 74HC08 SMD | IC DGTL HCMOS | MC74HC08AD, SMD | QUAD 2-I/P AND SO",IC DGTL HCMS 2 I/P AND GATE 74HC08 SMD IC DGTL HCMOS MC74HC08AD SMD QUAD 2-I/P AND SO,AND_GATE,74HC08,UNSPECIFIED,UNSPECIFIED,SMD,UNSPECIFIED,UNSPECIFIED,EE|IC|AND_GATE|74HC08|UNSPECIFIED|UNSPECIFIED|SMD|UNSPECIFIED|UNSPECIFIED,AUTO_MAPPED_TO_EXISTING_CNMC
CNMC-EE-IC-000059,BHEL,CN9066081082,ELECTRICAL_AND_ELECTRONICS,INTEGRATED_CIRCUIT,"INTEGRATED_CIRCUIT, AND GATE, 74HC11, PKG SMD","IC DGTL HCMS 3 I/P AND GATE 74HC11  SMD | IC DGTL HCMOS | MC74HC11D, SMD | TRIP 3-I/P AND SO",IC DGTL HCMS 3 I/P AND GATE 74HC11 SMD IC DGTL HCMOS MC74HC11D SMD TRIP 3-I/P AND SO,AND_GATE,74HC11,UNSPECIFIED,UNSPECIFIED,SMD,UNSPECIFIED,UNSPECIFIED,EE|IC|AND_GATE|74HC11|UNSPECIFIED|UNSPECIFIED|SMD|UNSPECIFIED|UNSPECIFIED,AUTO_MAPPED_TO_EXISTING_CNMC
CNMC-EE-IC-000060,BHEL,CN9066081139,ELECTRICAL_AND_ELECTRONICS,INTEGRATED_CIRCUIT,"INTEGRATED_CIRCUIT, OR GATE, 74HC32, PKG SMD","IC DGTL HCMS 2 I/P OR GATE 74HC32  SMD | IC DGTL HCMOS | MC74HC32AD, SMD | QUAD 2-I/P OR SO",IC DGTL HCMS 2 I/P OR GATE 74HC32 SMD IC DGTL HCMOS MC74HC32AD SMD QUAD 2-I/P OR SO,OR_GATE,74HC32,UNSPECIFIED,UNSPECIFIED,SMD,UNSPECIFIED,UNSPECIFIED,EE|IC|OR_GATE|74HC32|UNSPECIFIED|UNSPECIFIED|SMD|UNSPECIFIED|UNSPECIFIED,AUTO_MAPPED_TO_EXISTING_CNMC
CNMC-EE-IC-000061,BHEL,CN9066081155,ELECTRICAL_AND_ELECTRONICS,INTEGRATED_CIRCUIT,"INTEGRATED_CIRCUIT, 74HC74, PKG SMD","IC DGTL HCMS DUAL D FF 74HC74 SMD | IC DGTL HCMOS | MC74HC74AD, SMD | DUAL D-F/F",IC DGTL HCMS DUAL D FF 74HC74 SMD IC DGTL HCMOS MC74HC74AD SMD DUAL D-F/F,STANDARD,74HC74,UNSPECIFIED,UNSPECIFIED,SMD,UNSPECIFIED,UNSPECIFIED,EE|IC|STANDARD|74HC74|UNSPECIFIED|UNSPECIFIED|SMD|UNSPECIFIED|UNSPECIFIED,AUTO_MAPPED_TO_EXISTING_CNMC
CNMC-EE-IC-000062,BHEL,CN9066081171,ELECTRICAL_AND_ELECTRONICS,INTEGRATED_CIRCUIT,"INTEGRATED_CIRCUIT, 74HC85, PKG SMD","IC DGTL HCMS MAGNTD CMPRTR 74HC85 SMD | IC DGTL HCMOS | PC74HC85T SMD, SMD | 4-BIT MAG COMP SO",IC DGTL HCMS MAGNTD CMPRTR 74HC85 SMD IC DGTL HCMOS PC74HC85T SMD SMD 4-BIT MAG COMP SO,STANDARD,74HC85,UNSPECIFIED,UNSPECIFIED,SMD,UNSPECIFIED,UNSPECIFIED,EE|IC|STANDARD|74HC85|UNSPECIFIED|UNSPECIFIED|SMD|UNSPECIFIED|UNSPECIFIED,AUTO_MAPPED_TO_EXISTING_CNMC
CNMC-EE-IC-000063,BHEL,CN9066081236,ELECTRICAL_AND_ELECTRONICS,INTEGRATED_CIRCUIT,"INTEGRATED_CIRCUIT, NAND GATE, 74HC132, PKG SMD","IC IF HCMS NAND SCHMT TRG 74HC132  SMD | IC DGTL HCMOS | MC74HC132AD SMD, SMD | QUAD2I/P NAND SCH SO",IC IF HCMS NAND SCHMT TRG 74HC132 SMD IC DGTL HCMOS MC74HC132AD SMD SMD QUAD2I/P NAND SCH SO,NAND_GATE,74HC132,UNSPECIFIED,UNSPECIFIED,SMD,UNSPECIFIED,UNSPECIFIED,EE|IC|NAND_GATE|74HC132|UNSPECIFIED|UNSPECIFIED|SMD|UNSPECIFIED|UNSPECIFIED,AUTO_MAPPED_TO_EXISTING_CNMC
CNMC-EE-IC-000064,BHEL,CN9066081279,ELECTRICAL_AND_ELECTRONICS,INTEGRATED_CIRCUIT,"INTEGRATED_CIRCUIT, 74HC139, PKG SMD","IC DGTL HCMS 2-4 LINE DECDR 74HC139 SMD | IC DGTL HCMOS | MC74HC139AD, SMD | DUAL 2-4DEMUX SO",IC DGTL HCMS 2-4 LINE DECDR 74HC139 SMD IC DGTL HCMOS MC74HC139AD SMD DUAL 2-4DEMUX SO,STANDARD,74HC139,UNSPECIFIED,UNSPECIFIED,SMD,UNSPECIFIED,UNSPECIFIED,EE|IC|STANDARD|74HC139|UNSPECIFIED|UNSPECIFIED|SMD|UNSPECIFIED|UNSPECIFIED,AUTO_MAPPED_TO_EXISTING_CNMC
CNMC-EE-IC-000065,BHEL,CN9066081597,ELECTRICAL_AND_ELECTRONICS,INTEGRATED_CIRCUIT,"INTEGRATED_CIRCUIT, 74HC393, PKG SMD","IC DGTL HCMS BINARY CNTR 74HC393 SMD | IC DGTL HCMOS | MM74HC393M, SMD | DUAL 4BIT RIP COU SO",IC DGTL HCMS BINARY CNTR 74HC393 SMD IC DGTL HCMOS MM74HC393M SMD DUAL 4BIT RIP COU SO,STANDARD,74HC393,UNSPECIFIED,UNSPECIFIED,SMD,UNSPECIFIED,UNSPECIFIED,EE|IC|STANDARD|74HC393|UNSPECIFIED|UNSPECIFIED|SMD|UNSPECIFIED|UNSPECIFIED,AUTO_MAPPED_TO_EXISTING_CNMC
CNMC-EE-IC-000066,BHEL,CN9066081716,ELECTRICAL_AND_ELECTRONICS,INTEGRATED_CIRCUIT,"INTEGRATED_CIRCUIT, 74HC688, PKG SMD","IC DGTL HCMS MAGNTD COMPRTR 74HC688 | SMD | IC DGTL HCMOS | MC74HC688DW, SMD | 8BIT MAG COMP SO",IC DGTL HCMS MAGNTD COMPRTR 74HC688 SMD IC DGTL HCMOS MC74HC688DW SMD 8BIT MAG COMP SO,STANDARD,74HC688,UNSPECIFIED,UNSPECIFIED,SMD,UNSPECIFIED,UNSPECIFIED,EE|IC|STANDARD|74HC688|UNSPECIFIED|UNSPECIFIED|SMD|UNSPECIFIED|UNSPECIFIED,AUTO_MAPPED_TO_EXISTING_CNMC
CNMC-EE-IC-000067,BHEL,CN9066081880,ELECTRICAL_AND_ELECTRONICS,INTEGRATED_CIRCUIT,"INTEGRATED_CIRCUIT, 74HC4538, PKG SMD","IC DGTL HCMS MONOSTABLE MV 74HC4538 SMD | IC DGTL HCMOS MC74HC4538AD, SMD | DUAL MONOSHOT RET SO",IC DGTL HCMS MONOSTABLE MV 74HC4538 SMD IC DGTL HCMOS MC74HC4538AD SMD DUAL MONOSHOT RET SO,STANDARD,74HC4538,UNSPECIFIED,UNSPECIFIED,SMD,UNSPECIFIED,UNSPECIFIED,EE|IC|STANDARD|74HC4538|UNSPECIFIED|UNSPECIFIED|SMD|UNSPECIFIED|UNSPECIFIED,AUTO_MAPPED_TO_EXISTING_CNMC
CNMC-EE-IC-000068,BHEL,CN9066082046,ELECTRICAL_AND_ELECTRONICS,INTEGRATED_CIRCUIT,"INTEGRATED_CIRCUIT, OR GATE, 74HCT32, PKG SMD",IC DGTL HCMS 2 I/P OR GATE 74HCT32  SMD,IC DGTL HCMS 2 I/P OR GATE 74HCT32 SMD,OR_GATE,74HCT32,UNSPECIFIED,UNSPECIFIED,SMD,UNSPECIFIED,UNSPECIFIED,EE|IC|OR_GATE|74HCT32|UNSPECIFIED|UNSPECIFIED|SMD|UNSPECIFIED|UNSPECIFIED,AUTO_MAPPED_TO_EXISTING_CNMC
CNMC-EE-IC-000001,BHEL,CN9066212055,ELECTRICAL_AND_ELECTRONICS,INTEGRATED_CIRCUIT,INTEGRATED_CIRCUIT,IC IF TTL QUAD LINE RECVR 26LS32 | IC IF DS26LS32CN | AM26LS32PC,IC IF TTL QUAD LINE RECVR 26LS32 IC IF DS26LS32CN AM26LS32PC,STANDARD,UNSPECIFIED,UNSPECIFIED,UNSPECIFIED,UNSPECIFIED,UNSPECIFIED,UNSPECIFIED,EE|IC|STANDARD|UNSPECIFIED|UNSPECIFIED|UNSPECIFIED|UNSPECIFIED|UNSPECIFIED|UNSPECIFIED,AUTO_MAPPED_TO_EXISTING_CNMC
CNMC-EE-IC-000001,BHEL,CN9066223049,ELECTRICAL_AND_ELECTRONICS,INTEGRATED_CIRCUIT,INTEGRATED_CIRCUIT,IC MP NMS INTERRUPT CONTROLLER 8259 | IC MP 8259A | NMS,IC MP NMS INTERRUPT CONTROLLER 8259 IC MP 8259A NMS,STANDARD,UNSPECIFIED,UNSPECIFIED,UNSPECIFIED,UNSPECIFIED,UNSPECIFIED,UNSPECIFIED,EE|IC|STANDARD|UNSPECIFIED|UNSPECIFIED|UNSPECIFIED|UNSPECIFIED|UNSPECIFIED|UNSPECIFIED,AUTO_MAPPED_TO_EXISTING_CNMC
CNMC-EE-IC-000001,BHEL,CN9066225106,ELECTRICAL_AND_ELECTRONICS,INTEGRATED_CIRCUIT,INTEGRATED_CIRCUIT,IC MP 8 BIT BUS TRANSCVR 8287 | IC MP P8287,IC MP 8 BIT BUS TRANSCVR 8287 IC MP P8287,STANDARD,UNSPECIFIED,UNSPECIFIED,UNSPECIFIED,UNSPECIFIED,UNSPECIFIED,UNSPECIFIED,EE|IC|STANDARD|UNSPECIFIED|UNSPECIFIED|UNSPECIFIED|UNSPECIFIED|UNSPECIFIED|UNSPECIFIED,AUTO_MAPPED_TO_EXISTING_CNMC
CNMC-EE-IC-000001,BHEL,CN9066243015,ELECTRICAL_AND_ELECTRONICS,INTEGRATED_CIRCUIT,INTEGRATED_CIRCUIT,IC MEM NMS EPROM 16K*8 27128 | IC MEM AM27128A-1DC,IC MEM NMS EPROM 16K 8 27128 IC MEM AM27128A-1DC,STANDARD,UNSPECIFIED,UNSPECIFIED,UNSPECIFIED,UNSPECIFIED,UNSPECIFIED,UNSPECIFIED,EE|IC|STANDARD|UNSPECIFIED|UNSPECIFIED|UNSPECIFIED|UNSPECIFIED|UNSPECIFIED|UNSPECIFIED,AUTO_MAPPED_TO_EXISTING_CNMC
CNMC-EE-IC-000001,BHEL,CN9066249056,ELECTRICAL_AND_ELECTRONICS,INTEGRATED_CIRCUIT,INTEGRATED_CIRCUIT,IC MEM CMS RAM 8K*8 6264 | IC MEM RAM CMOS | 8K*8 150NS  PDIP-28 | HM6264LP-15,IC MEM CMS RAM 8K 8 6264 IC MEM RAM CMOS 8K 8 150NS PDIP-28 HM6264LP-15,STANDARD,UNSPECIFIED,UNSPECIFIED,UNSPECIFIED,UNSPECIFIED,UNSPECIFIED,UNSPECIFIED,EE|IC|STANDARD|UNSPECIFIED|UNSPECIFIED|UNSPECIFIED|UNSPECIFIED|UNSPECIFIED|UNSPECIFIED,AUTO_MAPPED_TO_EXISTING_CNMC
CNMC-EE-IC-000069,BHEL,CN9066305240,ELECTRICAL_AND_ELECTRONICS,INTEGRATED_CIRCUIT,"INTEGRATED_CIRCUIT, 74LS155",IC DGTL TTL DUAL 2TO4 LINE DECDR 74LS155 | IC IF SN74LS155N,IC DGTL TTL DUAL 2TO4 LINE DECDR 74LS155 IC IF SN74LS155N,STANDARD,74LS155,UNSPECIFIED,UNSPECIFIED,UNSPECIFIED,UNSPECIFIED,UNSPECIFIED,EE|IC|STANDARD|74LS155|UNSPECIFIED|UNSPECIFIED|UNSPECIFIED|UNSPECIFIED|UNSPECIFIED,AUTO_MAPPED_TO_EXISTING_CNMC
CNMC-EE-IC-000070,BHEL,CN9066306599,ELECTRICAL_AND_ELECTRONICS,INTEGRATED_CIRCUIT,"INTEGRATED_CIRCUIT, 74S244",IC IF TTL OCT BUFFER 74S244 | IC IF SN74S244N,IC IF TTL OCT BUFFER 74S244 IC IF SN74S244N,STANDARD,74S244,UNSPECIFIED,UNSPECIFIED,UNSPECIFIED,UNSPECIFIED,UNSPECIFIED,EE|IC|STANDARD|74S244|UNSPECIFIED|UNSPECIFIED|UNSPECIFIED|UNSPECIFIED|UNSPECIFIED,AUTO_MAPPED_TO_EXISTING_CNMC
CNMC-EE-IC-000071,BHEL,CN9066314010,ELECTRICAL_AND_ELECTRONICS,INTEGRATED_CIRCUIT,"INTEGRATED_CIRCUIT, DAC",IC IF DAC 12 BIT 80 | IC IF ADDAC80DCBIV,IC IF DAC 12 BIT 80 IC IF ADDAC80DCBIV,DAC,UNSPECIFIED,UNSPECIFIED,UNSPECIFIED,UNSPECIFIED,UNSPECIFIED,UNSPECIFIED,EE|IC|DAC|UNSPECIFIED|UNSPECIFIED|UNSPECIFIED|UNSPECIFIED|UNSPECIFIED|UNSPECIFIED,AUTO_MAPPED_TO_EXISTING_CNMC
CNMC-EE-SW-000014,BHEL,CN9066317035,ELECTRICAL_AND_ELECTRONICS,SWITCH,"SWITCH, PKG DIP",IC LIN ANALOG SWITCH DUAL DG200ABK | IC LIN SWITCH DUAL | DIP 14C | HI1-200-5,IC LIN ANALOG SWITCH DUAL DG200ABK IC LIN SWITCH DUAL DIP 14C HI1-200-5,STANDARD,UNSPECIFIED,UNSPECIFIED,UNSPECIFIED,DIP,UNSPECIFIED,14C,EE|SW|STANDARD|UNSPECIFIED|UNSPECIFIED|UNSPECIFIED|DIP|UNSPECIFIED|UNSPECIFIED,AUTO_MAPPED_TO_EXISTING_CNMC
CNMC-EE-IC-000001,BHEL,CN9066321016,ELECTRICAL_AND_ELECTRONICS,INTEGRATED_CIRCUIT,INTEGRATED_CIRCUIT,IC IF ADC 12 BIT 0085 | IC IF ADC85CQ12-5,IC IF ADC 12 BIT 0085 IC IF ADC85CQ12-5,STANDARD,UNSPECIFIED,UNSPECIFIED,UNSPECIFIED,UNSPECIFIED,UNSPECIFIED,UNSPECIFIED,EE|IC|STANDARD|UNSPECIFIED|UNSPECIFIED|UNSPECIFIED|UNSPECIFIED|UNSPECIFIED|UNSPECIFIED,AUTO_MAPPED_TO_EXISTING_CNMC
CNMC-EE-SW-000014,BHEL,CN9066324015,ELECTRICAL_AND_ELECTRONICS,SWITCH,"SWITCH, PKG DIP",IC LIN ANALOG MUX DUAL 8CH HI1-0507-5 | IC LIN SWITCH SING | DIP 28C | HI1-0507-5,IC LIN ANALOG MUX DUAL 8CH HI1-0507-5 IC LIN SWITCH SING DIP 28C HI1-0507-5,STANDARD,UNSPECIFIED,UNSPECIFIED,UNSPECIFIED,DIP,UNSPECIFIED,0507,EE|SW|STANDARD|UNSPECIFIED|UNSPECIFIED|UNSPECIFIED|DIP|UNSPECIFIED|UNSPECIFIED,AUTO_MAPPED_TO_EXISTING_CNMC
CNMC-EE-IC-000001,BHEL,CN9066328010,ELECTRICAL_AND_ELECTRONICS,INTEGRATED_CIRCUIT,INTEGRATED_CIRCUIT,IC IF TTL DUAL LINE DRVR 3691 | IC IF DS3691M,IC IF TTL DUAL LINE DRVR 3691 IC IF DS3691M,STANDARD,UNSPECIFIED,UNSPECIFIED,UNSPECIFIED,UNSPECIFIED,UNSPECIFIED,UNSPECIFIED,EE|IC|STANDARD|UNSPECIFIED|UNSPECIFIED|UNSPECIFIED|UNSPECIFIED|UNSPECIFIED|UNSPECIFIED,AUTO_MAPPED_TO_EXISTING_CNMC
CNMC-EE-IC-000072,BHEL,CN9066329017,ELECTRICAL_AND_ELECTRONICS,INTEGRATED_CIRCUIT,"INTEGRATED_CIRCUIT, OR GATE, 74S251",IC DGTL TTL DATA SELECTOR 74S251 | IC IF SN74S251N,IC DGTL TTL DATA SELECTOR 74S251 IC IF SN74S251N,OR_GATE,74S251,UNSPECIFIED,UNSPECIFIED,UNSPECIFIED,UNSPECIFIED,UNSPECIFIED,EE|IC|OR_GATE|74S251|UNSPECIFIED|UNSPECIFIED|UNSPECIFIED|UNSPECIFIED|UNSPECIFIED,AUTO_MAPPED_TO_EXISTING_CNMC
CNMC-EE-IC-000001,BHEL,CN9066330015,ELECTRICAL_AND_ELECTRONICS,INTEGRATED_CIRCUIT,INTEGRATED_CIRCUIT,IC IF TTL QUAD LINE RECVR 98934 | IC-IF-SN98934N,IC IF TTL QUAD LINE RECVR 98934 IC-IF-SN98934N,STANDARD,UNSPECIFIED,UNSPECIFIED,UNSPECIFIED,UNSPECIFIED,UNSPECIFIED,UNSPECIFIED,EE|IC|STANDARD|UNSPECIFIED|UNSPECIFIED|UNSPECIFIED|UNSPECIFIED|UNSPECIFIED|UNSPECIFIED,AUTO_MAPPED_TO_EXISTING_CNMC
CNMC-EE-IC-000001,BHEL,CN9066411031,ELECTRICAL_AND_ELECTRONICS,INTEGRATED_CIRCUIT,INTEGRATED_CIRCUIT,IC MEM NMS EPROM 32K*8 27256 | IC MEM ID27C256-2 | CMS,IC MEM NMS EPROM 32K 8 27256 IC MEM ID27C256-2 CMS,STANDARD,UNSPECIFIED,UNSPECIFIED,UNSPECIFIED,UNSPECIFIED,UNSPECIFIED,UNSPECIFIED,EE|IC|STANDARD|UNSPECIFIED|UNSPECIFIED|UNSPECIFIED|UNSPECIFIED|UNSPECIFIED|UNSPECIFIED,AUTO_MAPPED_TO_EXISTING_CNMC
CNMC-EE-IC-000001,BHEL,CN9066419024,ELECTRICAL_AND_ELECTRONICS,INTEGRATED_CIRCUIT,INTEGRATED_CIRCUIT,IC MEM TTL PROM 2K*8 76161 | IC MEM HM3-76161-5,IC MEM TTL PROM 2K 8 76161 IC MEM HM3-76161-5,STANDARD,UNSPECIFIED,UNSPECIFIED,UNSPECIFIED,UNSPECIFIED,UNSPECIFIED,UNSPECIFIED,EE|IC|STANDARD|UNSPECIFIED|UNSPECIFIED|UNSPECIFIED|UNSPECIFIED|UNSPECIFIED|UNSPECIFIED,AUTO_MAPPED_TO_EXISTING_CNMC
CNMC-EE-IC-000001,BHEL,CN9066438100,ELECTRICAL_AND_ELECTRONICS,INTEGRATED_CIRCUIT,INTEGRATED_CIRCUIT,IC MEM MOS NVRAM 256*4 2212 | IC MEM NVRAM | 256*4 CERDIP-18 | X2212D,IC MEM MOS NVRAM 256 4 2212 IC MEM NVRAM 256 4 CERDIP-18 X2212D,STANDARD,UNSPECIFIED,UNSPECIFIED,UNSPECIFIED,UNSPECIFIED,UNSPECIFIED,UNSPECIFIED,EE|IC|STANDARD|UNSPECIFIED|UNSPECIFIED|UNSPECIFIED|UNSPECIFIED|UNSPECIFIED|UNSPECIFIED,AUTO_MAPPED_TO_EXISTING_CNMC
CNMC-IN-INST-000001,BHEL,DV0688160019,INSTRUMENTATION_AND_CONTROL,INSTRUMENTATION,INSTRUMENTATION,FEET FIXING KIT - LEM SENSOR | Feet Fixing kit for LEM sensor vertical mounting,FEET FIXING KIT - LEM SENSOR FEET FIXING KIT FOR LEM SENSOR VERTICAL MOUNTING,STANDARD,UNSPECIFIED,UNSPECIFIED,UNSPECIFIED,UNSPECIFIED,UNSPECIFIED,UNSPECIFIED,IN|INST|STANDARD|UNSPECIFIED|UNSPECIFIED|UNSPECIFIED|UNSPECIFIED|UNSPECIFIED|UNSPECIFIED,AUTO_MAPPED_TO_EXISTING_CNMC
CNMC-IN-INST-000001,BHEL,DV0688160027,INSTRUMENTATION_AND_CONTROL,INSTRUMENTATION,INSTRUMENTATION,CURRENT TRANSDUCER 1000A/250mA | Current Sensor 1000A | Primary Current Nominal : 1000A rms | Secondary Current : 250mA rms | Supply Voltage +/- 15V to +/- 24V | BHEL specification:  PS4062392 REV 00,CURRENT TRANSDUCER 1000A/250MA CURRENT SENSOR 1000A PRIMARY CURRENT NOMINAL : 1000A RMS SECONDARY CURRENT : 250MA RMS SUPPLY VOLTAGE +/- 15V TO +/- 24V BHEL SPECIFICATION: PS4062392 REV 00,STANDARD,UNSPECIFIED,UNSPECIFIED,UNSPECIFIED,UNSPECIFIED,UNSPECIFIED,UNSPECIFIED,IN|INST|STANDARD|UNSPECIFIED|UNSPECIFIED|UNSPECIFIED|UNSPECIFIED|UNSPECIFIED|UNSPECIFIED,AUTO_MAPPED_TO_EXISTING_CNMC
CNMC-GN-GEN-000001,BHEL,DV0688170935,GENERAL_MATERIALS,GENERAL_MATERIAL,GENERAL_MATERIAL,"TRANSDUCER SHUNT 250V/50MA 12/24VDC | VOLTAGE TRANSDUCER 250V/50mA (nominal), | +,- 12/24VDC SUPPLY VOLTAGE.",TRANSDUCER SHUNT 250V/50MA 12/24VDC VOLTAGE TRANSDUCER 250V/50MA NOMINAL + - 12/24VDC SUPPLY VOLTAGE.,STANDARD,UNSPECIFIED,UNSPECIFIED,UNSPECIFIED,UNSPECIFIED,UNSPECIFIED,UNSPECIFIED,GN|GEN|STANDARD|UNSPECIFIED|UNSPECIFIED|UNSPECIFIED|UNSPECIFIED|UNSPECIFIED|UNSPECIFIED,AUTO_MAPPED_TO_EXISTING_CNMC
CNMC-GN-GEN-000001,BHEL,DV0688170943,GENERAL_MATERIALS,GENERAL_MATERIAL,GENERAL_MATERIAL,"TRANSDUCER SHUNT 750V/50MA 12/24VDC | VOLTAGE TRANSDUCER 750V/50mA (nominal), | +,- 12/24VDC  SUPPLY VOLTAGE.",TRANSDUCER SHUNT 750V/50MA 12/24VDC VOLTAGE TRANSDUCER 750V/50MA NOMINAL + - 12/24VDC SUPPLY VOLTAGE.,STANDARD,UNSPECIFIED,UNSPECIFIED,UNSPECIFIED,UNSPECIFIED,UNSPECIFIED,UNSPECIFIED,GN|GEN|STANDARD|UNSPECIFIED|UNSPECIFIED|UNSPECIFIED|UNSPECIFIED|UNSPECIFIED|UNSPECIFIED,AUTO_MAPPED_TO_EXISTING_CNMC
CNMC-GN-GEN-000001,BHEL,DV0688170960,GENERAL_MATERIALS,GENERAL_MATERIAL,GENERAL_MATERIAL,TRANSDUCER SHUNT 2800V/50MA | VOLTAGE TRANSDUCER | 2800V/50mA (nominal).,TRANSDUCER SHUNT 2800V/50MA VOLTAGE TRANSDUCER 2800V/50MA NOMINAL .,STANDARD,UNSPECIFIED,UNSPECIFIED,UNSPECIFIED,UNSPECIFIED,UNSPECIFIED,UNSPECIFIED,GN|GEN|STANDARD|UNSPECIFIED|UNSPECIFIED|UNSPECIFIED|UNSPECIFIED|UNSPECIFIED|UNSPECIFIED,AUTO_MAPPED_TO_EXISTING_CNMC
CNMC-GN-GEN-000001,BHEL,DV0688170994,GENERAL_MATERIALS,GENERAL_MATERIAL,GENERAL_MATERIAL,"TRANSDUCER SHUNT 300A/150MA | CURRENT TRANSDUCER 300A/150mA (nominal),",TRANSDUCER SHUNT 300A/150MA CURRENT TRANSDUCER 300A/150MA NOMINAL,STANDARD,UNSPECIFIED,UNSPECIFIED,UNSPECIFIED,UNSPECIFIED,UNSPECIFIED,UNSPECIFIED,GN|GEN|STANDARD|UNSPECIFIED|UNSPECIFIED|UNSPECIFIED|UNSPECIFIED|UNSPECIFIED|UNSPECIFIED,AUTO_MAPPED_TO_EXISTING_CNMC
CNMC-GN-GEN-000001,BHEL,DV0688171001,GENERAL_MATERIALS,GENERAL_MATERIAL,GENERAL_MATERIAL,"TRANSDUCER SHUNT 400A/80MA | CURRENT TRANSDUCER 400A/80mA (nominal), | +/-15VDC SUPPLY VOLTAGE.",TRANSDUCER SHUNT 400A/80MA CURRENT TRANSDUCER 400A/80MA NOMINAL +/-15VDC SUPPLY VOLTAGE.,STANDARD,UNSPECIFIED,UNSPECIFIED,UNSPECIFIED,UNSPECIFIED,UNSPECIFIED,UNSPECIFIED,GN|GEN|STANDARD|UNSPECIFIED|UNSPECIFIED|UNSPECIFIED|UNSPECIFIED|UNSPECIFIED|UNSPECIFIED,AUTO_MAPPED_TO_EXISTING_CNMC
CNMC-GN-GEN-000001,BHEL,DV0688172741,GENERAL_MATERIALS,GENERAL_MATERIAL,GENERAL_MATERIAL,Current Transducer 1:4000 | LEM Current Transducer | 1000A:250mA,CURRENT TRANSDUCER 1:4000 LEM CURRENT TRANSDUCER 1000A:250MA,STANDARD,UNSPECIFIED,UNSPECIFIED,UNSPECIFIED,UNSPECIFIED,UNSPECIFIED,UNSPECIFIED,GN|GEN|STANDARD|UNSPECIFIED|UNSPECIFIED|UNSPECIFIED|UNSPECIFIED|UNSPECIFIED|UNSPECIFIED,AUTO_MAPPED_TO_EXISTING_CNMC
CNMC-EE-IC-000073,BHEL,DV0692030093,ELECTRICAL_AND_ELECTRONICS,INTEGRATED_CIRCUIT,"INTEGRATED_CIRCUIT, 74HC390, PKG SMD",IC DGTL HCMOS DECADE CNTR 74HC390 SMD | IC DIGTL HCMOS SO-16 | DUAL DECADE RIPPLE COUNTER | DATE CODE CLAUSE :----- DATE CODE OF THE | ITEMS SUPPLIED SHALL  BE  LESS  THAN  OR | EQUAL TO 30 MONTHS  FROM  THE  PO  DATE. | PRIOR APPROVAL TO  BE TAKEN BY VENDOR IN | CASE OF ANY DEVIATION FROM THIS  CLAUSE.,IC DGTL HCMOS DECADE CNTR 74HC390 SMD IC DIGTL HCMOS SO-16 DUAL DECADE RIPPLE COUNTER,STANDARD,74HC390,UNSPECIFIED,UNSPECIFIED,SMD,UNSPECIFIED,UNSPECIFIED,EE|IC|STANDARD|74HC390|UNSPECIFIED|UNSPECIFIED|SMD|UNSPECIFIED|UNSPECIFIED,AUTO_MAPPED_TO_EXISTING_CNMC
CNMC-EE-IC-000074,BHEL,DV0692030425,ELECTRICAL_AND_ELECTRONICS,INTEGRATED_CIRCUIT,"INTEGRATED_CIRCUIT, MULTIPLIER, AD534SH, PKG TO-100","IC LIN MULTIPLIER 1 % AD534SH | IC LIN MULTIPLIER | 1 %, TO-100 | AD534SH",IC LIN MULTIPLIER 1 % AD534SH IC LIN MULTIPLIER 1 % TO-100 AD534SH,MULTIPLIER,AD534SH,UNSPECIFIED,UNSPECIFIED,TO-100,UNSPECIFIED,UNSPECIFIED,EE|IC|MULTIPLIER|AD534SH|UNSPECIFIED|UNSPECIFIED|TO-100|UNSPECIFIED|UNSPECIFIED,AUTO_MAPPED_TO_EXISTING_CNMC
CNMC-EE-SEMI-000002,BHEL,DV0692030441,ELECTRICAL_AND_ELECTRONICS,SEMICONDUCTOR,"SEMICONDUCTOR, PKG SMD",OPTOCOUPLER  VO610A | OPTOCOUPLER  VO610A | SMD-4,OPTOCOUPLER VO610A OPTOCOUPLER VO610A SMD-4,STANDARD,UNSPECIFIED,UNSPECIFIED,UNSPECIFIED,SMD,UNSPECIFIED,UNSPECIFIED,EE|SEMI|STANDARD|UNSPECIFIED|UNSPECIFIED|UNSPECIFIED|SMD|UNSPECIFIED|UNSPECIFIED,AUTO_MAPPED_TO_EXISTING_CNMC
CNMC-EE-SW-000015,BHEL,DV0692030485,ELECTRICAL_AND_ELECTRONICS,SWITCH,"SWITCH, PKG SOIC",IC ANALOG SW QUAD SPST SMD SOIC-16 | SWITCH SO-16 ADG201HSKR DATE CODE CLAUSE: | DATE CODE OF THE ITEMS | SUPPLIED SHALL BE LESS THAN OR EQUAL TO 24 | MONTHS FROM THE INVOICE DATE. | PRIOR APPROVAL TO BE TAKEN BY VENDOR IN | CASE OF ANY DEVIATION FROM THIS | CLAUSE.,IC ANALOG SWITCH QUAD SPST SMD SOIC-16 SWITCH SO-16 ADG201HSKR,STANDARD,UNSPECIFIED,UNSPECIFIED,UNSPECIFIED,SOIC,UNSPECIFIED,16,EE|SW|STANDARD|UNSPECIFIED|UNSPECIFIED|UNSPECIFIED|SOIC|UNSPECIFIED|UNSPECIFIED,NEW_CNMC_GENERATED
CNMC-EE-IC-000075,BHEL,DV0692030493,ELECTRICAL_AND_ELECTRONICS,INTEGRATED_CIRCUIT,"INTEGRATED_CIRCUIT, OR GATE, PKG SMD",IC CMOS TRIPLE 3 I/P OR GATE SOIC14 SMD | ROHS DEVICE WITH BACKWARD COMPATIBILITY. | TO BE SUPPLIED IN OEM TAPE AND | REEL PACKING ONLY. DATE CODE TO BE LESS THAN | 2 YEARS FROM INVOICE DATE.,IC CMOS TRIPLE 3 I/P OR GATE SOIC14 SMD,OR_GATE,UNSPECIFIED,UNSPECIFIED,UNSPECIFIED,SMD,UNSPECIFIED,UNSPECIFIED,EE|IC|OR_GATE|UNSPECIFIED|UNSPECIFIED|UNSPECIFIED|SMD|UNSPECIFIED|UNSPECIFIED,AUTO_MAPPED_TO_EXISTING_CNMC
CNMC-EE-IC-000076,BHEL,DV0692030592,ELECTRICAL_AND_ELECTRONICS,INTEGRATED_CIRCUIT,"INTEGRATED_CIRCUIT, PKG SOIC",IC ANALOG MUX SOIC-28 | ROHS DEVICE WITH BACKWARD COMPATIBILITY | OEM TAPE AND REEL PACKING ONLY.,IC ANALOG MUX SOIC-28,STANDARD,UNSPECIFIED,UNSPECIFIED,UNSPECIFIED,SOIC,UNSPECIFIED,UNSPECIFIED,EE|IC|STANDARD|UNSPECIFIED|UNSPECIFIED|UNSPECIFIED|SOIC|UNSPECIFIED|UNSPECIFIED,AUTO_MAPPED_TO_EXISTING_CNMC
CNMC-GN-GEN-000014,BHEL,DV0692031049,GENERAL_MATERIALS,GENERAL_MATERIAL,"GENERAL_MATERIAL, PKG DIP",DIP Switches SPST  slide TH | SPST Through Hole 1 position slide actuator type switch,DIP SWITCHES SPST SLIDE THROUGH_HOLE SPST THROUGH HOLE 1 POSITION SLIDE ACTUATOR,STANDARD,UNSPECIFIED,UNSPECIFIED,UNSPECIFIED,DIP,UNSPECIFIED,UNSPECIFIED,GN|GEN|STANDARD|UNSPECIFIED|UNSPECIFIED|UNSPECIFIED|DIP|UNSPECIFIED|UNSPECIFIED,AUTO_MAPPED_TO_EXISTING_CNMC
CNMC-EE-IC-000077,BHEL,DV0692221743,ELECTRICAL_AND_ELECTRONICS,INTEGRATED_CIRCUIT,"INTEGRATED_CIRCUIT, OR GATE, 74HC02, PKG SMD",IC-HCMS QUAD 2 I/P NOR GATE 74HC02 SMD | IC-HCMOS*74HC02 | *S | MC74HC02ADR2 | DRG:HETN400790P0072,IC-HCMS QUAD 2 I/P NOR GATE 74HC02 SMD IC-HCMOS 74HC02 S MC74HC02ADR2,OR_GATE,74HC02,UNSPECIFIED,UNSPECIFIED,SMD,UNSPECIFIED,UNSPECIFIED,EE|IC|OR_GATE|74HC02|UNSPECIFIED|UNSPECIFIED|SMD|UNSPECIFIED|UNSPECIFIED,AUTO_MAPPED_TO_EXISTING_CNMC
CNMC-EE-IC-000078,BHEL,DV0692221816,ELECTRICAL_AND_ELECTRONICS,INTEGRATED_CIRCUIT,"INTEGRATED_CIRCUIT, 74HC244, PKG SMD",IC-HCMS OCT TS BUFER 74HC244 SMD | IC-HCMOS*74HC244*S | MC74HC244ADWR2 | DRG:HETN400790P0392 | PACKING DETAILS: TAPE & REEL,IC-HCMS OCT TS BUFER 74HC244 SMD IC-HCMOS 74HC244 S MC74HC244ADWR2 PACKING DETAILS: TAPE REEL,STANDARD,74HC244,UNSPECIFIED,UNSPECIFIED,SMD,UNSPECIFIED,UNSPECIFIED,EE|IC|STANDARD|74HC244|UNSPECIFIED|UNSPECIFIED|SMD|UNSPECIFIED|UNSPECIFIED,AUTO_MAPPED_TO_EXISTING_CNMC
CNMC-EE-IC-000079,BHEL,DV0692222170,ELECTRICAL_AND_ELECTRONICS,INTEGRATED_CIRCUIT,"INTEGRATED_CIRCUIT, OP AMP, PKG SMD",IC AMPLIFIER SMD OP177G LT1097S8(T+R) | IC-AMPLIFIER*OP177G*S | LT1097S8(T+R) | DRG:HETN400911P0005 | PACKING DETAILS: TAPE & REEL,IC AMPLIFIER SMD OP177G LT1097S8 T+R IC-AMPLIFIER OP177G S LT1097S8 T+R PACKING DETAILS: TAPE REEL,OP_AMP,UNSPECIFIED,UNSPECIFIED,UNSPECIFIED,SMD,UNSPECIFIED,UNSPECIFIED,EE|IC|OP_AMP|UNSPECIFIED|UNSPECIFIED|UNSPECIFIED|SMD|UNSPECIFIED|UNSPECIFIED,AUTO_MAPPED_TO_EXISTING_CNMC
CNMC-EE-IC-000080,BHEL,DV0692222251,ELECTRICAL_AND_ELECTRONICS,INTEGRATED_CIRCUIT,"INTEGRATED_CIRCUIT, 74HCT14, PKG SMD",IC-HCMS HEX SCMT TRGR 74HCT14 SMD | IC-HCMOS*74HCT14*S | 74HCT14T | DRG:HETN400791P0352 | PACKING DETAILS: TAPE & REEL,IC-HCMS HEX SCMT TRGR 74HCT14 SMD IC-HCMOS 74HCT14 S 74HCT14T PACKING DETAILS: TAPE REEL,STANDARD,74HCT14,UNSPECIFIED,UNSPECIFIED,SMD,UNSPECIFIED,UNSPECIFIED,EE|IC|STANDARD|74HCT14|UNSPECIFIED|UNSPECIFIED|SMD|UNSPECIFIED|UNSPECIFIED,AUTO_MAPPED_TO_EXISTING_CNMC
CNMC-EE-IC-000081,BHEL,DV0692222278,ELECTRICAL_AND_ELECTRONICS,INTEGRATED_CIRCUIT,"INTEGRATED_CIRCUIT, 74HC126, PKG SMD",IC-HCMS QUAD TS NONINV BFR 74HC126 SMD | IC-HCMOS*74HC126 | *S | MC74HC126ADR2 | DRG:HETN400790P0672,IC-HCMS QUAD TS NONINV BFR 74HC126 SMD IC-HCMOS 74HC126 S MC74HC126ADR2,STANDARD,74HC126,UNSPECIFIED,UNSPECIFIED,SMD,UNSPECIFIED,UNSPECIFIED,EE|IC|STANDARD|74HC126|UNSPECIFIED|UNSPECIFIED|SMD|UNSPECIFIED|UNSPECIFIED,AUTO_MAPPED_TO_EXISTING_CNMC
CNMC-EE-IC-000006,BHEL,DV0692222332,ELECTRICAL_AND_ELECTRONICS,INTEGRATED_CIRCUIT,"INTEGRATED_CIRCUIT, PKG SMD",IC-PROC:16MHZ TN80C196KC  SMD | IC-PROC:16MHZ | *S | TN80C196KC | DRG:HETN400868P0006,IC-PROC:16MHZ TN80C196KC SMD IC-PROC:16MHZ S TN80C196KC,STANDARD,UNSPECIFIED,UNSPECIFIED,UNSPECIFIED,SMD,UNSPECIFIED,UNSPECIFIED,EE|IC|STANDARD|UNSPECIFIED|UNSPECIFIED|UNSPECIFIED|SMD|UNSPECIFIED|UNSPECIFIED,AUTO_MAPPED_TO_EXISTING_CNMC
CNMC-EE-IC-000082,BHEL,DV0692222340,ELECTRICAL_AND_ELECTRONICS,INTEGRATED_CIRCUIT,"INTEGRATED_CIRCUIT, NAND GATE, 74HCT00, PKG SMD",IC-HCMS QUAD 2 I/P NANDGATE 74HCT00 SMD | IC-HCMOS*74HCT00 | *S | 74HCT00T | DRG:HETN400791P0192,IC-HCMS QUAD 2 I/P NANDGATE 74HCT00 SMD IC-HCMOS 74HCT00 S 74HCT00T,NAND_GATE,74HCT00,UNSPECIFIED,UNSPECIFIED,SMD,UNSPECIFIED,UNSPECIFIED,EE|IC|NAND_GATE|74HCT00|UNSPECIFIED|UNSPECIFIED|SMD|UNSPECIFIED|UNSPECIFIED,AUTO_MAPPED_TO_EXISTING_CNMC
CNMC-EE-IC-000079,BHEL,DV0692222510,ELECTRICAL_AND_ELECTRONICS,INTEGRATED_CIRCUIT,"INTEGRATED_CIRCUIT, OP AMP, PKG SMD",IC-QUAD LOW OFF OPAMP OP400HS SMD | IC LINEAR QUAD OP-AMP | OP400HSZ | DRG:HETT402517P0007 | PACKING DETAILS: TUBE WITH 47 ICS,IC-QUAD LOW OFF OPAMP OP400HS SMD IC LINEAR QUAD OP-AMP OP400HSZ PACKING DETAILS: TUBE WITH 47 ICS,OP_AMP,UNSPECIFIED,UNSPECIFIED,UNSPECIFIED,SMD,UNSPECIFIED,UNSPECIFIED,EE|IC|OP_AMP|UNSPECIFIED|UNSPECIFIED|UNSPECIFIED|SMD|UNSPECIFIED|UNSPECIFIED,AUTO_MAPPED_TO_EXISTING_CNMC
CNMC-EE-IC-000083,BHEL,DV0692229027,ELECTRICAL_AND_ELECTRONICS,INTEGRATED_CIRCUIT,"INTEGRATED_CIRCUIT, 74HCT245D, PKG SMD",IC TRANS 74HCT245D SMD | IC TRANS SMD | 74HCT245D | HETN400791P0072,IC TRANS 74HCT245D SMD IC TRANS SMD 74HCT245D HETN400791P0072,STANDARD,74HCT245D,UNSPECIFIED,UNSPECIFIED,SMD,UNSPECIFIED,UNSPECIFIED,EE|IC|STANDARD|74HCT245D|UNSPECIFIED|UNSPECIFIED|SMD|UNSPECIFIED|UNSPECIFIED,AUTO_MAPPED_TO_EXISTING_CNMC
CNMC-EE-IC-000006,BHEL,DV0692302735,ELECTRICAL_AND_ELECTRONICS,INTEGRATED_CIRCUIT,"INTEGRATED_CIRCUIT, PKG SMD",IC 8 3-STAT NON INV BUFER/DRIVER SMD | ROHS DEVICE WITH BACKWARD COMPATIBILITY. | OEM TAPE AND REEL PACKING ONLY.,IC 8 3-STAT NON INV BUFER/DRIVER SMD,STANDARD,UNSPECIFIED,UNSPECIFIED,UNSPECIFIED,SMD,UNSPECIFIED,UNSPECIFIED,EE|IC|STANDARD|UNSPECIFIED|UNSPECIFIED|UNSPECIFIED|SMD|UNSPECIFIED|UNSPECIFIED,AUTO_MAPPED_TO_EXISTING_CNMC
CNMC-EE-IC-000006,BHEL,DV0692302816,ELECTRICAL_AND_ELECTRONICS,INTEGRATED_CIRCUIT,"INTEGRATED_CIRCUIT, PKG SMD",IC MC 32-BIT W/RAM TQFP-144 SMD | ROHS DEVICE WITH BACKWARD COMPATIBILITY. | AS PER PS406450,IC MC 32-BIT W/RAM TQFP-144 SMD,STANDARD,UNSPECIFIED,UNSPECIFIED,UNSPECIFIED,SMD,UNSPECIFIED,UNSPECIFIED,EE|IC|STANDARD|UNSPECIFIED|UNSPECIFIED|UNSPECIFIED|SMD|UNSPECIFIED|UNSPECIFIED,AUTO_MAPPED_TO_EXISTING_CNMC
CNMC-EE-IC-000006,BHEL,DV0692303057,ELECTRICAL_AND_ELECTRONICS,INTEGRATED_CIRCUIT,"INTEGRATED_CIRCUIT, PKG SMD",IC MEM FLASH 2 MBIT TSOP-48 SMD | VALMET REF: 082460 | OEM HUMIDITY SEALED TRAY PACKING ONLY. | ACCEPTABLE | DATE CODE IS 2010+ | PRIOR APPROVAL TO  BE TAKEN BY VENDOR,IC MEM FLASH 2 MBIT TSOP-48 SMD VALMET SEALED TRAY PACKING ONLY. ACCEPTABLE,STANDARD,UNSPECIFIED,UNSPECIFIED,UNSPECIFIED,SMD,UNSPECIFIED,UNSPECIFIED,EE|IC|STANDARD|UNSPECIFIED|UNSPECIFIED|UNSPECIFIED|SMD|UNSPECIFIED|UNSPECIFIED,AUTO_MAPPED_TO_EXISTING_CNMC
CNMC-EE-SEMI-000004,BHEL,DV0692303677,ELECTRICAL_AND_ELECTRONICS,SEMICONDUCTOR,"SEMICONDUCTOR, PKG DIP",OPTOCOUPLER 4N35 DIP-6 | ROHS DEVICE WITH BACKWARD COMPATIBILITY.,OPTOCOUPLER 4N35 DIP-6,STANDARD,UNSPECIFIED,UNSPECIFIED,UNSPECIFIED,DIP,UNSPECIFIED,UNSPECIFIED,EE|SEMI|STANDARD|UNSPECIFIED|UNSPECIFIED|UNSPECIFIED|DIP|UNSPECIFIED|UNSPECIFIED,AUTO_MAPPED_TO_EXISTING_CNMC
CNMC-EE-IC-000084,BHEL,DV0692305742,ELECTRICAL_AND_ELECTRONICS,INTEGRATED_CIRCUIT,"INTEGRATED_CIRCUIT, 74AC138, PKG SMD",IC 3TO8 DECODER 74AC138 SOIC16 SMD | CD74AC138M | ROHS DEVICE WITH BACKWARD COMPATIBILITY | OEM TAPE AND REEL PACKING ONLY.,IC 3TO8 DECODER 74AC138 SOIC16 SMD CD74AC138M,STANDARD,74AC138,UNSPECIFIED,UNSPECIFIED,SMD,UNSPECIFIED,UNSPECIFIED,EE|IC|STANDARD|74AC138|UNSPECIFIED|UNSPECIFIED|SMD|UNSPECIFIED|UNSPECIFIED,AUTO_MAPPED_TO_EXISTING_CNMC
CNMC-EE-IC-000085,BHEL,DV0692305750,ELECTRICAL_AND_ELECTRONICS,INTEGRATED_CIRCUIT,"INTEGRATED_CIRCUIT, 74HC14, PKG SMD",IC HEX INV SCHMT TGR 74HC14 SOIC14 SMD | CD74HC14M | ROHS DEVICE WITH BACKWARD COMPATIBILITY | OEM TAPE AND REEL PACKING ONLY.,IC HEX INV SCHMT TGR 74HC14 SOIC14 SMD CD74HC14M,STANDARD,74HC14,UNSPECIFIED,UNSPECIFIED,SMD,UNSPECIFIED,UNSPECIFIED,EE|IC|STANDARD|74HC14|UNSPECIFIED|UNSPECIFIED|SMD|UNSPECIFIED|UNSPECIFIED,AUTO_MAPPED_TO_EXISTING_CNMC
CNMC-EE-IC-000076,BHEL,DV0692306250,ELECTRICAL_AND_ELECTRONICS,INTEGRATED_CIRCUIT,"INTEGRATED_CIRCUIT, PKG SOIC",IC HI SPEED OPTO- COUPLER SOIC-8 SMD | ROHS DEVICE WITH BACKWARD COMPATIBILITY. | OEM TAPE AND REEL PACKING ONLY.,IC HI SPEED OPTO- COUPLER SOIC-8 SMD,STANDARD,UNSPECIFIED,UNSPECIFIED,UNSPECIFIED,SOIC,UNSPECIFIED,UNSPECIFIED,EE|IC|STANDARD|UNSPECIFIED|UNSPECIFIED|UNSPECIFIED|SOIC|UNSPECIFIED|UNSPECIFIED,AUTO_MAPPED_TO_EXISTING_CNMC
CNMC-EE-IC-000076,BHEL,DV0692309544,ELECTRICAL_AND_ELECTRONICS,INTEGRATED_CIRCUIT,"INTEGRATED_CIRCUIT, PKG SOIC",IC SMD DUAL OPTO HCPL-0531 1MBD SOIC-8 | ROHS DEVICE WITH BACKWARD COMPATIBILITY. | OEM TAPE AND REEL PACKING ONLY.,IC SMD DUAL OPTO HCPL-0531 1MBD SOIC-8,STANDARD,UNSPECIFIED,UNSPECIFIED,UNSPECIFIED,SOIC,UNSPECIFIED,UNSPECIFIED,EE|IC|STANDARD|UNSPECIFIED|UNSPECIFIED|UNSPECIFIED|SOIC|UNSPECIFIED|UNSPECIFIED,AUTO_MAPPED_TO_EXISTING_CNMC
CNMC-GN-GEN-000001,BHEL,CD74HCT14M,GENERAL_MATERIALS,GENERAL_MATERIAL,GENERAL_MATERIAL,- TEXAS INSTRUMENTS,- TEXAS INSTRUMENTS,STANDARD,UNSPECIFIED,UNSPECIFIED,UNSPECIFIED,UNSPECIFIED,UNSPECIFIED,UNSPECIFIED,GN|GEN|STANDARD|UNSPECIFIED|UNSPECIFIED|UNSPECIFIED|UNSPECIFIED|UNSPECIFIED|UNSPECIFIED,AUTO_MAPPED_TO_EXISTING_CNMC
CNMC-EE-IC-000086,BHEL,DV0692320067,ELECTRICAL_AND_ELECTRONICS,INTEGRATED_CIRCUIT,"INTEGRATED_CIRCUIT, 74FCT245, PKG SMD",IC OCT BUS TRANSCVR 74FCT245 SOIC20 SMD,IC OCT BUS TRANSCVR 74FCT245 SOIC20 SMD,STANDARD,74FCT245,UNSPECIFIED,UNSPECIFIED,SMD,UNSPECIFIED,UNSPECIFIED,EE|IC|STANDARD|74FCT245|UNSPECIFIED|UNSPECIFIED|SMD|UNSPECIFIED|UNSPECIFIED,AUTO_MAPPED_TO_EXISTING_CNMC
CNMC-EE-IC-000087,BHEL,DV0692320075,ELECTRICAL_AND_ELECTRONICS,INTEGRATED_CIRCUIT,"INTEGRATED_CIRCUIT, 74FCT373, PKG SMD",IC OCT D-LATCH 74FCT373 SOIC20 SMD,IC OCT D-LATCH 74FCT373 SOIC20 SMD,STANDARD,74FCT373,UNSPECIFIED,UNSPECIFIED,SMD,UNSPECIFIED,UNSPECIFIED,EE|IC|STANDARD|74FCT373|UNSPECIFIED|UNSPECIFIED|SMD|UNSPECIFIED|UNSPECIFIED,AUTO_MAPPED_TO_EXISTING_CNMC
CNMC-EE-IC-000006,BHEL,DV0692320156,ELECTRICAL_AND_ELECTRONICS,INTEGRATED_CIRCUIT,"INTEGRATED_CIRCUIT, PKG SMD",IC MP PPI 82C55A PLCC44 SMD,IC MP PPI 82C55A PLCC44 SMD,STANDARD,UNSPECIFIED,UNSPECIFIED,UNSPECIFIED,SMD,UNSPECIFIED,UNSPECIFIED,EE|IC|STANDARD|UNSPECIFIED|UNSPECIFIED|UNSPECIFIED|SMD|UNSPECIFIED|UNSPECIFIED,AUTO_MAPPED_TO_EXISTING_CNMC
CNMC-EE-IC-000006,BHEL,DV0692320180,ELECTRICAL_AND_ELECTRONICS,INTEGRATED_CIRCUIT,"INTEGRATED_CIRCUIT, PKG SMD",IC MP PROGRAMABLE TIMER 82C54 PLCC28 SMD,IC MP PROGRAMABLE TIMER 82C54 PLCC28 SMD,STANDARD,UNSPECIFIED,UNSPECIFIED,UNSPECIFIED,SMD,UNSPECIFIED,UNSPECIFIED,EE|IC|STANDARD|UNSPECIFIED|UNSPECIFIED|UNSPECIFIED|SMD|UNSPECIFIED|UNSPECIFIED,AUTO_MAPPED_TO_EXISTING_CNMC
CNMC-EE-IC-000001,BHEL,DV0692320210,ELECTRICAL_AND_ELECTRONICS,INTEGRATED_CIRCUIT,INTEGRATED_CIRCUIT,IC LIN 4-20mA Input RCV420KP,IC LIN 4-20MA INPUT RCV420KP,STANDARD,UNSPECIFIED,UNSPECIFIED,UNSPECIFIED,UNSPECIFIED,UNSPECIFIED,UNSPECIFIED,EE|IC|STANDARD|UNSPECIFIED|UNSPECIFIED|UNSPECIFIED|UNSPECIFIED|UNSPECIFIED|UNSPECIFIED,AUTO_MAPPED_TO_EXISTING_CNMC
CNMC-GN-GEN-000003,BHEL,DV0692320881,GENERAL_MATERIALS,GENERAL_MATERIAL,"GENERAL_MATERIAL, PKG SMD",OPTO COUPLER 6N137.S SMD,OPTO COUPLER 6N137.S SMD,STANDARD,UNSPECIFIED,UNSPECIFIED,UNSPECIFIED,SMD,UNSPECIFIED,UNSPECIFIED,GN|GEN|STANDARD|UNSPECIFIED|UNSPECIFIED|UNSPECIFIED|SMD|UNSPECIFIED|UNSPECIFIED,AUTO_MAPPED_TO_EXISTING_CNMC
CNMC-EE-IC-000088,BHEL,DV0692320903,ELECTRICAL_AND_ELECTRONICS,INTEGRATED_CIRCUIT,"INTEGRATED_CIRCUIT, VOLTAGE REGULATOR, MC79M15CDT",IC LIN VOLT REG NEG FIX 15V MC79M15CDT,IC LIN VOLT REG NEG FIX 15V MC79M15CDT,VOLTAGE_REGULATOR,MC79M15CDT,UNSPECIFIED,UNSPECIFIED,UNSPECIFIED,UNSPECIFIED,UNSPECIFIED,EE|IC|VOLTAGE_REGULATOR|MC79M15CDT|UNSPECIFIED|UNSPECIFIED|UNSPECIFIED|UNSPECIFIED|UNSPECIFIED,AUTO_MAPPED_TO_EXISTING_CNMC
CNMC-EE-IC-000006,BHEL,DV0692330086,ELECTRICAL_AND_ELECTRONICS,INTEGRATED_CIRCUIT,"INTEGRATED_CIRCUIT, PKG SMD","IC FLASH 2MB 3.3V AM29LV200BT  SMD | ROHS DEVICE WITH BACKWARD COMPATIBILITY. | OEM PACKING IS PREFERRED. IN CASE OEM | PACKING SUPPLY IS NOT POSSIBLE, ITEM | TO BE SUPPLIED IN UNEXPIRED HUMIDITY | SEALED TRAY, AS PER | JEDEC GUIDELINES,FOR APPLICABLE MOISTURE | SENSITIVITY LEVEL (MSL) DEFINED BY OEM.",IC FLASH 2MB 3.3V AM29LV200BT SMD,STANDARD,UNSPECIFIED,UNSPECIFIED,UNSPECIFIED,SMD,UNSPECIFIED,UNSPECIFIED,EE|IC|STANDARD|UNSPECIFIED|UNSPECIFIED|UNSPECIFIED|SMD|UNSPECIFIED|UNSPECIFIED,AUTO_MAPPED_TO_EXISTING_CNMC
CNMC-EE-IC-000075,BHEL,DV0692330110,ELECTRICAL_AND_ELECTRONICS,INTEGRATED_CIRCUIT,"INTEGRATED_CIRCUIT, OR GATE, PKG SMD","IC FPGA FLEX-6K16 2NS-3NS PQFP-208 SMD | OEM PACKING IS PREFERRED. IN CASE OEM | PACKING SUPPLY IS NOT POSSIBLE, ITEM | TO BE SUPPLIED IN HUMIDITY | SEALED TRAY PACKING AS PER JEDEC | GUIDELINES FOR MSL 3 ITEMS. | ORIGINAL ITEM TO BE SUPPLIED. | ACCEPTABLE DATE CODE IS 2013+ . | MA PART NO: 082266",IC FPGA FLEX-6K16 2NS-3NS PQFP-208 SMD IS PREFERRED. IN CASE SUPPLY IS NOT POSSIBLE ITEM TO BE SUPPLIED IN HUMIDITY SEALED TRAY PACKING AS PER JEDEC GUIDELINES FOR MSL 3 ITEMS. ORIGINAL ITEM TO BE SUPPLIED. ACCEPTABLE,OR_GATE,UNSPECIFIED,UNSPECIFIED,UNSPECIFIED,SMD,UNSPECIFIED,UNSPECIFIED,EE|IC|OR_GATE|UNSPECIFIED|UNSPECIFIED|UNSPECIFIED|SMD|UNSPECIFIED|UNSPECIFIED,AUTO_MAPPED_TO_EXISTING_CNMC
CNMC-EE-SEMI-000005,BHEL,DV0692330137,ELECTRICAL_AND_ELECTRONICS,SEMICONDUCTOR,"SEMICONDUCTOR, 8P, PKG SOIC",IC OPTOCOUPLER SMD SOIC-8 PIN 10MBD SMD | ROHS DEVICE WITH BACKWARD COMPATIBILITY. | OEM TAPE AND REEL PACKING ONLY.,IC OPTOCOUPLER SMD SOIC-8 PIN 10MBD SMD,STANDARD,UNSPECIFIED,UNSPECIFIED,UNSPECIFIED,SOIC,8P,UNSPECIFIED,EE|SEMI|STANDARD|UNSPECIFIED|UNSPECIFIED|UNSPECIFIED|SOIC|8P|UNSPECIFIED,NEW_CNMC_GENERATED
CNMC-EE-IC-000089,BHEL,DV0692330145,ELECTRICAL_AND_ELECTRONICS,INTEGRATED_CIRCUIT,"INTEGRATED_CIRCUIT, OR GATE, LM339DR2G, PKG SOIC",IC QUAD COMPARATOR SOIC-14 LM339DR2G | SMD | ROHS DEVICE WITH BACKWARD COMPATIBILITY. | OEM TAPE AND REEL PACKING ONLY.,IC QUAD COMPARATOR SOIC-14 LM339DR2G SMD,OR_GATE,LM339DR2G,UNSPECIFIED,UNSPECIFIED,SOIC,UNSPECIFIED,UNSPECIFIED,EE|IC|OR_GATE|LM339DR2G|UNSPECIFIED|UNSPECIFIED|SOIC|UNSPECIFIED|UNSPECIFIED,AUTO_MAPPED_TO_EXISTING_CNMC
CNMC-EE-SW-000010,BHEL,DV0692330153,ELECTRICAL_AND_ELECTRONICS,SWITCH,"SWITCH, PKG SMD",IC DUAL USB HI-SIDE PWR SW LM3526M SMD | ROHS DEVICE WITH BACKWARD COMPATIBILITY. | OEM TAPE AND REEL PACKING ONLY.,IC DUAL USB HI-SIDE PWR SWITCH LM3526M SMD,STANDARD,UNSPECIFIED,UNSPECIFIED,UNSPECIFIED,SMD,UNSPECIFIED,UNSPECIFIED,EE|SW|STANDARD|UNSPECIFIED|UNSPECIFIED|UNSPECIFIED|SMD|UNSPECIFIED|UNSPECIFIED,AUTO_MAPPED_TO_EXISTING_CNMC
CNMC-EE-IC-000090,BHEL,DV0692332090,ELECTRICAL_AND_ELECTRONICS,INTEGRATED_CIRCUIT,"INTEGRATED_CIRCUIT, 74LS123, PKG SOIC",IC monstable MV 74LS123 | IC monstable MV 74LS123 | SOIC package,IC MONSTABLE MV 74LS123 IC MONSTABLE MV 74LS123 SOIC PACKAGE,STANDARD,74LS123,UNSPECIFIED,UNSPECIFIED,SOIC,UNSPECIFIED,UNSPECIFIED,EE|IC|STANDARD|74LS123|UNSPECIFIED|UNSPECIFIED|SOIC|UNSPECIFIED|UNSPECIFIED,AUTO_MAPPED_TO_EXISTING_CNMC
CNMC-EE-IC-000091,BHEL,DV0692332138,ELECTRICAL_AND_ELECTRONICS,INTEGRATED_CIRCUIT,"INTEGRATED_CIRCUIT, OR GATE, PKG SOIC",IC Powermonitor 1231S | IC Powermonitor 1231S | SOIC package,IC POWERMONITOR 1231S IC POWERMONITOR 1231S SOIC PACKAGE,OR_GATE,UNSPECIFIED,UNSPECIFIED,UNSPECIFIED,SOIC,UNSPECIFIED,UNSPECIFIED,EE|IC|OR_GATE|UNSPECIFIED|UNSPECIFIED|UNSPECIFIED|SOIC|UNSPECIFIED|UNSPECIFIED,AUTO_MAPPED_TO_EXISTING_CNMC
CNMC-GN-GEN-000015,BHEL,DV0692332146,GENERAL_MATERIALS,GENERAL_MATERIAL,"GENERAL_MATERIAL, PKG SOIC",Quad peripheral drvr CA3262M | Quad peripheral driver CA3262M | SOIC package,QUAD PERIPHERAL DRVR CA3262M QUAD PERIPHERAL DRIVER CA3262M SOIC PACKAGE,STANDARD,UNSPECIFIED,UNSPECIFIED,UNSPECIFIED,SOIC,UNSPECIFIED,UNSPECIFIED,GN|GEN|STANDARD|UNSPECIFIED|UNSPECIFIED|UNSPECIFIED|SOIC|UNSPECIFIED|UNSPECIFIED,AUTO_MAPPED_TO_EXISTING_CNMC
CNMC-GN-GEN-000001,BHEL,DV0692332391,GENERAL_MATERIALS,GENERAL_MATERIAL,GENERAL_MATERIAL,AC/DC CONVERTOR 50W 230V AC/48V DC 1.1A | AC to DC convertor | 1A 48V DC,AC/DC CONVERTOR 50W 230V AC/48V DC 1.1A AC TO DC CONVERTOR 1A 48V DC,STANDARD,UNSPECIFIED,UNSPECIFIED,UNSPECIFIED,UNSPECIFIED,UNSPECIFIED,UNSPECIFIED,GN|GEN|STANDARD|UNSPECIFIED|UNSPECIFIED|UNSPECIFIED|UNSPECIFIED|UNSPECIFIED|UNSPECIFIED,AUTO_MAPPED_TO_EXISTING_CNMC
CNMC-EE-IC-000139,BHEL,DV0692332430,ELECTRICAL_AND_ELECTRONICS,INTEGRATED_CIRCUIT,"INTEGRATED_CIRCUIT, 74LS240, PKG SOIC",IC Octal Buffer 74LS240 SMD | IC Octal Buffer 74LS240 SMD | SOIC Package,IC OCTAL BUFFER 74LS240 SMD IC OCTAL BUFFER 74LS240 SMD SOIC PACKAGE,STANDARD,74LS240,UNSPECIFIED,UNSPECIFIED,SOIC,UNSPECIFIED,UNSPECIFIED,EE|IC|STANDARD|74LS240|UNSPECIFIED|UNSPECIFIED|SOIC|UNSPECIFIED|UNSPECIFIED,NEW_CNMC_GENERATED
CNMC-EE-IC-000001,BHEL,DV0692332596,ELECTRICAL_AND_ELECTRONICS,INTEGRATED_CIRCUIT,INTEGRATED_CIRCUIT,IC SRAM 64Kx16 71016S12PHG TSOP II 44 S | ROHS DEVICE WITH BACKWARD COMPATIBILITY.,IC SRAM 64KX16 71016S12PHG TSOP II 44 S,STANDARD,UNSPECIFIED,UNSPECIFIED,UNSPECIFIED,UNSPECIFIED,UNSPECIFIED,UNSPECIFIED,EE|IC|STANDARD|UNSPECIFIED|UNSPECIFIED|UNSPECIFIED|UNSPECIFIED|UNSPECIFIED|UNSPECIFIED,AUTO_MAPPED_TO_EXISTING_CNMC
CNMC-EE-IC-000001,BHEL,DV0692332723,ELECTRICAL_AND_ELECTRONICS,INTEGRATED_CIRCUIT,INTEGRATED_CIRCUIT,IC CPLD MAXII EPM570T100C5N TQFP-100 S | MA PART NO: 082601 | ROHS DEVICE WITH BACKWARD COMPATIBILITY. | OEM  TRAY PACKING ONLY.,IC CPLD MAXII EPM570T100C5N TQFP-100 S MA PART NO: 082601,STANDARD,UNSPECIFIED,UNSPECIFIED,UNSPECIFIED,UNSPECIFIED,UNSPECIFIED,UNSPECIFIED,EE|IC|STANDARD|UNSPECIFIED|UNSPECIFIED|UNSPECIFIED|UNSPECIFIED|UNSPECIFIED|UNSPECIFIED,AUTO_MAPPED_TO_EXISTING_CNMC
CNMC-EE-IC-000006,BHEL,DV0692332758,ELECTRICAL_AND_ELECTRONICS,INTEGRATED_CIRCUIT,"INTEGRATED_CIRCUIT, PKG SMD","IC LINEAR REG. LTC3611 SMD QFN-64 | MaxDNA PART REF: LD082571,A | ROHS DEVICE WITH BACKWARD COMPATIBILITY.",IC LINEAR REG. LTC3611 SMD QFN-64 MAXDNA PART A,STANDARD,UNSPECIFIED,UNSPECIFIED,UNSPECIFIED,SMD,UNSPECIFIED,UNSPECIFIED,EE|IC|STANDARD|UNSPECIFIED|UNSPECIFIED|UNSPECIFIED|SMD|UNSPECIFIED|UNSPECIFIED,AUTO_MAPPED_TO_EXISTING_CNMC
CNMC-EE-IC-000006,BHEL,DV0692333029,ELECTRICAL_AND_ELECTRONICS,INTEGRATED_CIRCUIT,"INTEGRATED_CIRCUIT, PKG SMD",IC FPGA ARRIA EP2AGX45DF25 572 FBGA SMD | MA PART NO: 082610 | ROHS DEVICE WITH BACKWARD COMPATIBILITY. | HUMIDITY SEALED TRAY PACKING FROM OEM | ONLY.,IC FPGA ARRIA EP2AGX45DF25 572 FBGA SMD MA PART NO: 082610,STANDARD,UNSPECIFIED,UNSPECIFIED,UNSPECIFIED,SMD,UNSPECIFIED,UNSPECIFIED,EE|IC|STANDARD|UNSPECIFIED|UNSPECIFIED|UNSPECIFIED|SMD|UNSPECIFIED|UNSPECIFIED,AUTO_MAPPED_TO_EXISTING_CNMC
CNMC-EE-IC-000006,BHEL,DV0692333293,ELECTRICAL_AND_ELECTRONICS,INTEGRATED_CIRCUIT,"INTEGRATED_CIRCUIT, PKG SMD",IC LDO ADJ LT3063EMS8E MSOP-8 SMD | VALMET REF: 094293 DATE CODE TO BE LESS THAN | 36 MONTHS OF THE INVOICE | DATE. BHEL'S WRITTEN APPROVAL IS REQUIRED IN | CASE OF ANY DEVIATION AS | ABOVE.,IC LDO ADJ LT3063EMS8E MSOP-8 SMD VALMET,STANDARD,UNSPECIFIED,UNSPECIFIED,UNSPECIFIED,SMD,UNSPECIFIED,UNSPECIFIED,EE|IC|STANDARD|UNSPECIFIED|UNSPECIFIED|UNSPECIFIED|SMD|UNSPECIFIED|UNSPECIFIED,AUTO_MAPPED_TO_EXISTING_CNMC
CNMC-EE-IC-000093,BHEL,DV0692333377,ELECTRICAL_AND_ELECTRONICS,INTEGRATED_CIRCUIT,"INTEGRATED_CIRCUIT, NAND GATE, PKG SMD",IC NAND GATE SN74LVC1G38DBV SOT23-5 SMD | OEM TAPE AND REEL PACKING ONLY.,IC NAND GATE SN74LVC1G38DBV SOT23-5 SMD,NAND_GATE,UNSPECIFIED,UNSPECIFIED,UNSPECIFIED,SMD,UNSPECIFIED,UNSPECIFIED,EE|IC|NAND_GATE|UNSPECIFIED|UNSPECIFIED|UNSPECIFIED|SMD|UNSPECIFIED|UNSPECIFIED,AUTO_MAPPED_TO_EXISTING_CNMC
CNMC-EE-IC-000006,BHEL,DV0692333393,ELECTRICAL_AND_ELECTRONICS,INTEGRATED_CIRCUIT,"INTEGRATED_CIRCUIT, PKG SMD",IC INV SN74LVC1G06DBV SOT23-5 SMD | OEM TAPE AND REEL PACKING ONLY.,IC INV SN74LVC1G06DBV SOT23-5 SMD,STANDARD,UNSPECIFIED,UNSPECIFIED,UNSPECIFIED,SMD,UNSPECIFIED,UNSPECIFIED,EE|IC|STANDARD|UNSPECIFIED|UNSPECIFIED|UNSPECIFIED|SMD|UNSPECIFIED|UNSPECIFIED,AUTO_MAPPED_TO_EXISTING_CNMC
CNMC-EE-REL-000004,BHEL,DV0692333419,ELECTRICAL_AND_ELECTRONICS,RELAY,"RELAY, CONTACT_6A, PKG SMD",RELAY SSR SPST SGL 0.6A SOP-4 SMD,RELAY SSR SPST SGL 0.6A SOP-4 SMD,STANDARD,UNSPECIFIED,CONTACT_6A,UNSPECIFIED,SMD,UNSPECIFIED,UNSPECIFIED,EE|REL|STANDARD|UNSPECIFIED|CONTACT_6A|UNSPECIFIED|SMD|UNSPECIFIED|UNSPECIFIED,AUTO_MAPPED_TO_EXISTING_CNMC
CNMC-EE-IC-000075,BHEL,DV0692333427,ELECTRICAL_AND_ELECTRONICS,INTEGRATED_CIRCUIT,"INTEGRATED_CIRCUIT, OR GATE, PKG SMD",IC PWR MONITOR LTC1728 SOT23-5 SMD | OEM TAPE AND REEL PACKING ONLY.,IC PWR MONITOR LTC1728 SOT23-5 SMD,OR_GATE,UNSPECIFIED,UNSPECIFIED,UNSPECIFIED,SMD,UNSPECIFIED,UNSPECIFIED,EE|IC|OR_GATE|UNSPECIFIED|UNSPECIFIED|UNSPECIFIED|SMD|UNSPECIFIED|UNSPECIFIED,AUTO_MAPPED_TO_EXISTING_CNMC
CNMC-EE-IC-000075,BHEL,DV0692333435,ELECTRICAL_AND_ELECTRONICS,INTEGRATED_CIRCUIT,"INTEGRATED_CIRCUIT, OR GATE, PKG SMD",IC PWR MONITOR LTC2960 SOT23-8 SMD | OEM TAPE AND REEL PACKING ONLY.,IC PWR MONITOR LTC2960 SOT23-8 SMD,OR_GATE,UNSPECIFIED,UNSPECIFIED,UNSPECIFIED,SMD,UNSPECIFIED,UNSPECIFIED,EE|IC|OR_GATE|UNSPECIFIED|UNSPECIFIED|UNSPECIFIED|SMD|UNSPECIFIED|UNSPECIFIED,AUTO_MAPPED_TO_EXISTING_CNMC
CNMC-EE-IC-000075,BHEL,DV0692334246,ELECTRICAL_AND_ELECTRONICS,INTEGRATED_CIRCUIT,"INTEGRATED_CIRCUIT, OR GATE, PKG SMD",IC FPGA CYCLONE IV 328IO SMD 484-BGA | ITEM TO BE SUPPLIED IN HUMIDITY SEALED | PACKING AS PER APPLICABLE JEDEC GUIDELINES | FOR | MSL 3 PACKING. DATE CODE TO BE WITHIN 5 | YEARS FROM INVOICE DATE. | VALMET PART NO: 094321,IC FPGA CYCLONE IV 328IO SMD 484-BGA ITEM TO BE SUPPLIED IN HUMIDITY SEALED PACKING AS PER APPLICABLE JEDEC GUIDELINES FOR MSL 3 PACKING.,OR_GATE,UNSPECIFIED,UNSPECIFIED,UNSPECIFIED,SMD,UNSPECIFIED,UNSPECIFIED,EE|IC|OR_GATE|UNSPECIFIED|UNSPECIFIED|UNSPECIFIED|SMD|UNSPECIFIED|UNSPECIFIED,AUTO_MAPPED_TO_EXISTING_CNMC
CNMC-EE-IC-000030,BHEL,DV0692340076,ELECTRICAL_AND_ELECTRONICS,INTEGRATED_CIRCUIT,"INTEGRATED_CIRCUIT, OR GATE","IC DIGITAL ISOLATOR ADuM1201BR SOIC8 S | IC DIGITAL ISOLATOR ADuM1201BR SOIC8 S | MA PART NO:#60101201,0 | ROHS DEVICE WITH BACKWARD COMPATIBILITY. | OEM  PACKING ONLY.",IC DIGITAL ISOLATOR ADUM1201BR SOIC8 S IC DIGITAL ISOLATOR ADUM1201BR SOIC8 S MA PART NO: 60101201 0,OR_GATE,UNSPECIFIED,UNSPECIFIED,UNSPECIFIED,UNSPECIFIED,UNSPECIFIED,UNSPECIFIED,EE|IC|OR_GATE|UNSPECIFIED|UNSPECIFIED|UNSPECIFIED|UNSPECIFIED|UNSPECIFIED|UNSPECIFIED,AUTO_MAPPED_TO_EXISTING_CNMC
CNMC-EE-IC-000030,BHEL,DV0692340114,ELECTRICAL_AND_ELECTRONICS,INTEGRATED_CIRCUIT,"INTEGRATED_CIRCUIT, OR GATE","IC DIGITAL ISOLATOR ADuM1400ARWZ SOW16 S | IC DIGITAL ISOLATOR ADuM1400ARWZ SOW16 S | MA PART NO:#60101402,0 | ROHS DEVICE WITH BACKWARD COMPATIBILITY. | OEM TAPE AND REEL PACKING ONLY.",IC DIGITAL ISOLATOR ADUM1400ARWZ SOW16 S IC DIGITAL ISOLATOR ADUM1400ARWZ SOW16 S MA PART NO: 60101402 0,OR_GATE,UNSPECIFIED,UNSPECIFIED,UNSPECIFIED,UNSPECIFIED,UNSPECIFIED,UNSPECIFIED,EE|IC|OR_GATE|UNSPECIFIED|UNSPECIFIED|UNSPECIFIED|UNSPECIFIED|UNSPECIFIED|UNSPECIFIED,AUTO_MAPPED_TO_EXISTING_CNMC
CNMC-EE-IC-000001,BHEL,DV0692340467,ELECTRICAL_AND_ELECTRONICS,INTEGRATED_CIRCUIT,INTEGRATED_CIRCUIT,"IC SINGLE INV SN74AHC1G04DBV SOT23-5 | MA PART NO: 607001011,0 ROHS DEVICE WITH | BACKWARD COMPATIBILITY. OEM | TAPE AND REEL PACKING ONLY. DATE CODE TO BE | LESS THAN 24 MONTHS FROM | INVOICE DATE. BHEL'S WRITTEN APPROVAL IS | REQUIRED IN CASE OF ANY | DEVIATION FROM THE ABOVE.",IC SINGLE INV SN74AHC1G04DBV SOT23-5 MA PART NO: 607001011 0,STANDARD,UNSPECIFIED,UNSPECIFIED,UNSPECIFIED,UNSPECIFIED,UNSPECIFIED,UNSPECIFIED,EE|IC|STANDARD|UNSPECIFIED|UNSPECIFIED|UNSPECIFIED|UNSPECIFIED|UNSPECIFIED|UNSPECIFIED,AUTO_MAPPED_TO_EXISTING_CNMC
CNMC-EE-IC-000094,BHEL,DV0692340556,ELECTRICAL_AND_ELECTRONICS,INTEGRATED_CIRCUIT,"INTEGRATED_CIRCUIT, AND GATE","IC 2 I/P AND GATE SN74HC08D SOIC14 S | MA PART NO: 60700806,0 | ROHS DEVICE WITH BACKWARD COMPATIBILITY. | OEM TAPE AND REEL PACKING ONLY.",IC 2 I/P AND GATE SN74HC08D SOIC14 S MA PART NO: 60700806 0,AND_GATE,UNSPECIFIED,UNSPECIFIED,UNSPECIFIED,UNSPECIFIED,UNSPECIFIED,UNSPECIFIED,EE|IC|AND_GATE|UNSPECIFIED|UNSPECIFIED|UNSPECIFIED|UNSPECIFIED|UNSPECIFIED|UNSPECIFIED,AUTO_MAPPED_TO_EXISTING_CNMC
CNMC-EE-IC-000001,BHEL,DV0692340572,ELECTRICAL_AND_ELECTRONICS,INTEGRATED_CIRCUIT,INTEGRATED_CIRCUIT,"IC 3-8 DECODER SN74HC138D SOIC16 S | MA PART NO: 60713806,0 | ROHS DEVICE WITH BACKWARD COMPATIBILITY.",IC 3-8 DECODER SN74HC138D SOIC16 S MA PART NO: 60713806 0,STANDARD,UNSPECIFIED,UNSPECIFIED,UNSPECIFIED,UNSPECIFIED,UNSPECIFIED,UNSPECIFIED,EE|IC|STANDARD|UNSPECIFIED|UNSPECIFIED|UNSPECIFIED|UNSPECIFIED|UNSPECIFIED|UNSPECIFIED,AUTO_MAPPED_TO_EXISTING_CNMC
CNMC-EE-IC-000001,BHEL,DV0692340599,ELECTRICAL_AND_ELECTRONICS,INTEGRATED_CIRCUIT,INTEGRATED_CIRCUIT,"IC SHIFT REG SN74HC165PW TSSOP16 S | MA PART NO: 60716507,0 | ROHS DEVICE WITH BACKWARD COMPATIBILITY. | OEM TAPE AND REEL PACKING ONLY.",IC SHIFT REG SN74HC165PW TSSOP16 S MA PART NO: 60716507 0,STANDARD,UNSPECIFIED,UNSPECIFIED,UNSPECIFIED,UNSPECIFIED,UNSPECIFIED,UNSPECIFIED,EE|IC|STANDARD|UNSPECIFIED|UNSPECIFIED|UNSPECIFIED|UNSPECIFIED|UNSPECIFIED|UNSPECIFIED,AUTO_MAPPED_TO_EXISTING_CNMC
CNMC-EE-IC-000001,BHEL,DV0692340602,ELECTRICAL_AND_ELECTRONICS,INTEGRATED_CIRCUIT,INTEGRATED_CIRCUIT,"IC DARLINGTON DRVR ULN2803ADW SOW18 S | MA PART NO: 60180301,0 | ROHS DEVICE WITH BACKWARD COMPATIBILITY. | OEM TAPE AND REEL PACKING ONLY.",IC DARLINGTON DRVR ULN2803ADW SOW18 S MA PART NO: 60180301 0,STANDARD,UNSPECIFIED,UNSPECIFIED,UNSPECIFIED,UNSPECIFIED,UNSPECIFIED,UNSPECIFIED,EE|IC|STANDARD|UNSPECIFIED|UNSPECIFIED|UNSPECIFIED|UNSPECIFIED|UNSPECIFIED|UNSPECIFIED,AUTO_MAPPED_TO_EXISTING_CNMC
CNMC-EE-IC-000001,BHEL,DV0692342028,ELECTRICAL_AND_ELECTRONICS,INTEGRATED_CIRCUIT,INTEGRATED_CIRCUIT,"IC DIFF TRNSCVR SN65LBC176D SOIC8 S | MA PART NO:   60217612,0 | ROHS DEVICE WITH BACKWARD COMPATIBILITY. | OEM TAPE AND REEL PACKING ONLY.",IC DIFF TRNSCVR SN65LBC176D SOIC8 S MA PART NO: 60217612 0,STANDARD,UNSPECIFIED,UNSPECIFIED,UNSPECIFIED,UNSPECIFIED,UNSPECIFIED,UNSPECIFIED,EE|IC|STANDARD|UNSPECIFIED|UNSPECIFIED|UNSPECIFIED|UNSPECIFIED|UNSPECIFIED|UNSPECIFIED,AUTO_MAPPED_TO_EXISTING_CNMC
CNMC-EE-IC-000095,BHEL,DV0692342044,ELECTRICAL_AND_ELECTRONICS,INTEGRATED_CIRCUIT,"INTEGRATED_CIRCUIT, NAND GATE","IC SINGLE NAND SN74LVC1G00DBV SOT23-5 S | MA PART NO:60900100,0 | ROHS DEVICE WITH BACKWARD COMPATIBILITY. | OEM TAPE AND REEL PACKING ONLY.",IC SINGLE NAND SN74LVC1G00DBV SOT23-5 S MA PART NO:60900100 0,NAND_GATE,UNSPECIFIED,UNSPECIFIED,UNSPECIFIED,UNSPECIFIED,UNSPECIFIED,UNSPECIFIED,EE|IC|NAND_GATE|UNSPECIFIED|UNSPECIFIED|UNSPECIFIED|UNSPECIFIED|UNSPECIFIED|UNSPECIFIED,AUTO_MAPPED_TO_EXISTING_CNMC
CNMC-EE-IC-000094,BHEL,DV0692342060,ELECTRICAL_AND_ELECTRONICS,INTEGRATED_CIRCUIT,"INTEGRATED_CIRCUIT, AND GATE","IC SINGLE AND SN74LVC1G08DBV SOT23-5 S | MA PART NO: 60900800,0 | ROHS DEVICE WITH BACKWARD COMPATIBILITY. | OEM TAPE AND REEL PACKING ONLY.",IC SINGLE AND SN74LVC1G08DBV SOT23-5 S MA PART NO: 60900800 0,AND_GATE,UNSPECIFIED,UNSPECIFIED,UNSPECIFIED,UNSPECIFIED,UNSPECIFIED,UNSPECIFIED,EE|IC|AND_GATE|UNSPECIFIED|UNSPECIFIED|UNSPECIFIED|UNSPECIFIED|UNSPECIFIED|UNSPECIFIED,AUTO_MAPPED_TO_EXISTING_CNMC
CNMC-EE-IC-000096,BHEL,DV0692342141,ELECTRICAL_AND_ELECTRONICS,INTEGRATED_CIRCUIT,"INTEGRATED_CIRCUIT, MAX3222EUP","IC IF RS232 TRANSC MAX3222EUP TSSOP20 S | MA PART NO: 60100831,0 | ROHS DEVICE WITH BACKWARD COMPATIBILITY. | OEM TAPE AND REEL PACKING ONLY.",IC IF RS232 TRANSC MAX3222EUP TSSOP20 S MA PART NO: 60100831 0,STANDARD,MAX3222EUP,UNSPECIFIED,UNSPECIFIED,UNSPECIFIED,UNSPECIFIED,UNSPECIFIED,EE|IC|STANDARD|MAX3222EUP|UNSPECIFIED|UNSPECIFIED|UNSPECIFIED|UNSPECIFIED|UNSPECIFIED,AUTO_MAPPED_TO_EXISTING_CNMC
CNMC-EE-IC-000076,BHEL,DV0692342249,ELECTRICAL_AND_ELECTRONICS,INTEGRATED_CIRCUIT,"INTEGRATED_CIRCUIT, PKG SOIC","IC SER EEPROM 1K AT93C46DN SOIC 8 S | MA PART NO: 60424621,0 | ROHS DEVICE WITH BACKWARD COMPATIBILITY. | OEM TAPE AND REEL PACKING ONLY.",IC SER EEPROM 1K AT93C46DN SOIC 8 S MA PART NO: 60424621 0,STANDARD,UNSPECIFIED,UNSPECIFIED,UNSPECIFIED,SOIC,UNSPECIFIED,UNSPECIFIED,EE|IC|STANDARD|UNSPECIFIED|UNSPECIFIED|UNSPECIFIED|SOIC|UNSPECIFIED|UNSPECIFIED,AUTO_MAPPED_TO_EXISTING_CNMC
CNMC-EE-IC-000001,BHEL,DV0692342397,ELECTRICAL_AND_ELECTRONICS,INTEGRATED_CIRCUIT,INTEGRATED_CIRCUIT,"IC CPU 40MHz AT89C51RB2-RLTUM VQFP44 S | MA PART NO: 60475220,0 | ROHS DEVICE WITH BACKWARD COMPATIBILITY. | OEM TRAY PACKING ONLY.",IC CPU 40MHZ AT89C51RB2-RLTUM VQFP44 S MA PART NO: 60475220 0,STANDARD,UNSPECIFIED,UNSPECIFIED,UNSPECIFIED,UNSPECIFIED,UNSPECIFIED,UNSPECIFIED,EE|IC|STANDARD|UNSPECIFIED|UNSPECIFIED|UNSPECIFIED|UNSPECIFIED|UNSPECIFIED|UNSPECIFIED,AUTO_MAPPED_TO_EXISTING_CNMC
CNMC-EE-IC-000001,BHEL,DV0692342400,ELECTRICAL_AND_ELECTRONICS,INTEGRATED_CIRCUIT,INTEGRATED_CIRCUIT,"IC SDRAM MT48LC8M16A2P 133MHZ TSOP54 S | MA PART NO: 60401681,0 | ROHS DEVICE WITH BACKWARD COMPATIBILITY. | OEM TRAY PACKING ONLY.",IC SDRAM MT48LC8M16A2P 133MHZ TSOP54 S MA PART NO: 60401681 0,STANDARD,UNSPECIFIED,UNSPECIFIED,UNSPECIFIED,UNSPECIFIED,UNSPECIFIED,UNSPECIFIED,EE|IC|STANDARD|UNSPECIFIED|UNSPECIFIED|UNSPECIFIED|UNSPECIFIED|UNSPECIFIED|UNSPECIFIED,AUTO_MAPPED_TO_EXISTING_CNMC
CNMC-EE-IC-000097,BHEL,DV0692343105,ELECTRICAL_AND_ELECTRONICS,INTEGRATED_CIRCUIT,"INTEGRATED_CIRCUIT, LM258D, PKG SMD","IC ANALOG OPAMP SMD LM258D | MA PART NO: 60129711,0 ROHS DEVICE WITH | BACKWARD COMPATIBILITY.OEM TAPE AND REEL | PACKING ONLY. DATE CODE TO BE LESS THAN | 36 MONTHS FROM INVOICE DATE. BHEL'S | WRITTEN APPROVAL IS REQUIRED IN CASE OF | ANY DEVIATION FROM THE ABOVE.",IC ANALOG OPAMP SMD LM258D MA PART NO: 60129711 0,STANDARD,LM258D,UNSPECIFIED,UNSPECIFIED,SMD,UNSPECIFIED,UNSPECIFIED,EE|IC|STANDARD|LM258D|UNSPECIFIED|UNSPECIFIED|SMD|UNSPECIFIED|UNSPECIFIED,AUTO_MAPPED_TO_EXISTING_CNMC
CNMC-EE-IC-000098,BHEL,DV0692343121,ELECTRICAL_AND_ELECTRONICS,INTEGRATED_CIRCUIT,"INTEGRATED_CIRCUIT, LM317LD, PKG SMD","IC ANALOG SMD ADJ REG. LM317LD | MA PART NO: 60131712,0 | ROHS DEVICE WITH BACKWARD COMPATIBILITY. | OEM TAPE AND REEL PACKING ONLY. DATE | CODE TO BE LESS THAN 36 MONTHS FROM | INVOICE DATE. BHEL'S WRITTEN APPROVAL",IC ANALOG SMD ADJ REG. LM317LD MA PART NO: 60131712 0,STANDARD,LM317LD,UNSPECIFIED,UNSPECIFIED,SMD,UNSPECIFIED,UNSPECIFIED,EE|IC|STANDARD|LM317LD|UNSPECIFIED|UNSPECIFIED|SMD|UNSPECIFIED|UNSPECIFIED,AUTO_MAPPED_TO_EXISTING_CNMC
CNMC-EE-IC-000099,BHEL,DV0692347127,ELECTRICAL_AND_ELECTRONICS,INTEGRATED_CIRCUIT,"INTEGRATED_CIRCUIT, LM317MDT, PKG SMD","IC ANALOG SMD LIN REG DPAK LM317MDT | MA PART NO: 60131715,0",IC ANALOG SMD LIN REG DPAK LM317MDT MA PART NO: 60131715 0,STANDARD,LM317MDT,UNSPECIFIED,UNSPECIFIED,SMD,UNSPECIFIED,UNSPECIFIED,EE|IC|STANDARD|LM317MDT|UNSPECIFIED|UNSPECIFIED|SMD|UNSPECIFIED|UNSPECIFIED,AUTO_MAPPED_TO_EXISTING_CNMC
CNMC-EE-IC-000006,BHEL,DV0692347194,ELECTRICAL_AND_ELECTRONICS,INTEGRATED_CIRCUIT,"INTEGRATED_CIRCUIT, PKG SMD","IC ANALOG SMD LIN REG 78L05 | MA PART NO: 60180537,0 | OEM TAPE & REEL PACKING ONLY.",IC ANALOG SMD LIN REG 78L05 MA PART NO: 60180537 0,STANDARD,UNSPECIFIED,UNSPECIFIED,UNSPECIFIED,SMD,UNSPECIFIED,UNSPECIFIED,EE|IC|STANDARD|UNSPECIFIED|UNSPECIFIED|UNSPECIFIED|SMD|UNSPECIFIED|UNSPECIFIED,AUTO_MAPPED_TO_EXISTING_CNMC
CNMC-EE-SEMI-000002,BHEL,DV0692348921,ELECTRICAL_AND_ELECTRONICS,SEMICONDUCTOR,"SEMICONDUCTOR, PKG SMD",OPTOCOUPLER SMD SFH6186-3T | POWERNET REF: 49200000 | ROHS DEVICE WITH BACKWARD COMPATIBILITY. | OEM TAPE AND REEL PACKING ONLY.,OPTOCOUPLER SMD SFH6186-3T POWERNET,STANDARD,UNSPECIFIED,UNSPECIFIED,UNSPECIFIED,SMD,UNSPECIFIED,UNSPECIFIED,EE|SEMI|STANDARD|UNSPECIFIED|UNSPECIFIED|UNSPECIFIED|SMD|UNSPECIFIED|UNSPECIFIED,AUTO_MAPPED_TO_EXISTING_CNMC
CNMC-EE-IC-000094,BHEL,DV0692349537,ELECTRICAL_AND_ELECTRONICS,INTEGRATED_CIRCUIT,"INTEGRATED_CIRCUIT, AND GATE","IC SCHMT TRG SN74LVC2G17DBV SOT23-6 S | MA PART NO: 60901702,0 AND 082566 | ROHS DEVICE WITH BACKWARD COMPATIBILITY. | TAPE AND REEL PACKING ONLY.",IC SCHMT TRG SN74LVC2G17DBV SOT23-6 S MA PART NO: 60901702 0 AND 082566,AND_GATE,UNSPECIFIED,UNSPECIFIED,UNSPECIFIED,UNSPECIFIED,UNSPECIFIED,UNSPECIFIED,EE|IC|AND_GATE|UNSPECIFIED|UNSPECIFIED|UNSPECIFIED|UNSPECIFIED|UNSPECIFIED|UNSPECIFIED,AUTO_MAPPED_TO_EXISTING_CNMC
CNMC-EE-IC-000001,BHEL,DV0692349553,ELECTRICAL_AND_ELECTRONICS,INTEGRATED_CIRCUIT,INTEGRATED_CIRCUIT,"IC SHIFT REG SN74LV165APW TSSOP-16 S | MA PART NO: 60914165,0 | ROHS DEVICE WITH BACKWARD COMPATIBILITY. | OEM  PACKING ONLY.",IC SHIFT REG SN74LV165APW TSSOP-16 S MA PART NO: 60914165 0,STANDARD,UNSPECIFIED,UNSPECIFIED,UNSPECIFIED,UNSPECIFIED,UNSPECIFIED,UNSPECIFIED,EE|IC|STANDARD|UNSPECIFIED|UNSPECIFIED|UNSPECIFIED|UNSPECIFIED|UNSPECIFIED|UNSPECIFIED,AUTO_MAPPED_TO_EXISTING_CNMC
CNMC-EE-IC-000100,BHEL,DV0692349880,ELECTRICAL_AND_ELECTRONICS,INTEGRATED_CIRCUIT,"INTEGRATED_CIRCUIT, OR GATE, MAX6751KA29","IC CPU SUPERVISOR MAX6751KA29 SOT23-8 S | MA PART NO: 60066751,0 | ROHS DEVICE WITH BACKWARD COMPATIBILITY.",IC CPU SUPERVISOR MAX6751KA29 SOT23-8 S MA PART NO: 60066751 0,OR_GATE,MAX6751KA29,UNSPECIFIED,UNSPECIFIED,UNSPECIFIED,UNSPECIFIED,UNSPECIFIED,EE|IC|OR_GATE|MAX6751KA29|UNSPECIFIED|UNSPECIFIED|UNSPECIFIED|UNSPECIFIED|UNSPECIFIED,AUTO_MAPPED_TO_EXISTING_CNMC
CNMC-EE-IC-000001,BHEL,DV0692349928,ELECTRICAL_AND_ELECTRONICS,INTEGRATED_CIRCUIT,INTEGRATED_CIRCUIT,"IC ISPPAC-POWR1014A-01TN48I TQFP48 S | MA PART NO: 60401014,0 | ROHS DEVICE WITH BACKWARD COMPATIBILITY. | OEM TRAY PACKING ONLY.",IC ISPPAC-POWR1014A-01TN48I TQFP48 S MA PART NO: 60401014 0,STANDARD,UNSPECIFIED,UNSPECIFIED,UNSPECIFIED,UNSPECIFIED,UNSPECIFIED,UNSPECIFIED,EE|IC|STANDARD|UNSPECIFIED|UNSPECIFIED|UNSPECIFIED|UNSPECIFIED|UNSPECIFIED|UNSPECIFIED,AUTO_MAPPED_TO_EXISTING_CNMC
CNMC-EE-IC-000001,BHEL,DV0692351019,ELECTRICAL_AND_ELECTRONICS,INTEGRATED_CIRCUIT,INTEGRATED_CIRCUIT,"IC FF D-TYPE 74LVC1G74DC VSSOP8 S | MA PART NO: 60907400,0 | ROHS DEVICE WITH BACKWARD COMPATIBILITY. | OEM TAPE AND REEL PACKING ONLY.",IC FF D- VSSOP8 S MA PART NO: 60907400 0,STANDARD,UNSPECIFIED,UNSPECIFIED,UNSPECIFIED,UNSPECIFIED,UNSPECIFIED,UNSPECIFIED,EE|IC|STANDARD|UNSPECIFIED|UNSPECIFIED|UNSPECIFIED|UNSPECIFIED|UNSPECIFIED|UNSPECIFIED,AUTO_MAPPED_TO_EXISTING_CNMC
CNMC-EE-MOD-000001,BHEL,DV0692351139,ELECTRICAL_AND_ELECTRONICS,ELECTRONIC_MODULE,ELECTRONIC_MODULE,"MODULE QSEVEN AB1-3J84 | M106 QSeven without coating | VALMET ORDER NO: AB1-3J84. | PQ7-M106IL-EN-E3845-2G-MET, Rev 400. | (OR) | PQ7-M106IL-EN-E3845-2G-MET, Rev 401. | (OR) | PQ7-M106IL-EN-E3845-2G-MET, Rev 501 | VALMET,FNLAND PART NO: S447855. | VALMET,USA PART NO: 049368. | QSEVEN MODULES ARE TO BE SUPPLIED WITH | CUSTOMISED BIOS and EC AS PER VALMET - | FINLAND/USA. | ITEM TO BE SUPPLIED IN OEM PACKING. | DATE CODE OF THE ITEM TO BE WITHIN 2 | YEARS FROM INVOICE DATE. | OEM COC AND WARRANTY CERTIFICATE FOR | 1 YEAR FROM INVOICE DATE TO BE PROVIDED.",MODULE QSEVEN AB1-3J84 M106 QSEVEN WITHOUT COATING VALMET ORDER NO: AB1-3J84. PQ7-M106IL-EN-E3845-2G-MET REV 400. OR PQ7-M106IL-EN-E3845-2G-MET REV 401. OR PQ7-M106IL-EN-E3845-2G-MET REV 501 VALMET FNLAND PART NO: S447855. VALMET USA PART NO: 049368. QSEVEN MODULES ARE TO BE SUPPLIED WITH CUSTOMISED BIOS AND EC AS PER VALMET - FINLAND/USA. ITEM TO BE SUPPLIED IN .,STANDARD,UNSPECIFIED,UNSPECIFIED,UNSPECIFIED,UNSPECIFIED,UNSPECIFIED,UNSPECIFIED,EE|MOD|STANDARD|UNSPECIFIED|UNSPECIFIED|UNSPECIFIED|UNSPECIFIED|UNSPECIFIED|UNSPECIFIED,AUTO_MAPPED_TO_EXISTING_CNMC
CNMC-GN-GEN-000012,BHEL,DV0692352112,GENERAL_MATERIALS,GENERAL_MATERIAL,"GENERAL_MATERIAL, 20P",EPROM EPC1 20PIN PLCC | SERIAL EPROM EPC1 20PIN PLCC | ALTERA,EPROM EPC1 20PIN PLCC SERIAL EPROM EPC1 20PIN PLCC ALTERA,STANDARD,UNSPECIFIED,UNSPECIFIED,UNSPECIFIED,UNSPECIFIED,20P,UNSPECIFIED,GN|GEN|STANDARD|UNSPECIFIED|UNSPECIFIED|UNSPECIFIED|UNSPECIFIED|20P|UNSPECIFIED,AUTO_MAPPED_TO_EXISTING_CNMC
CNMC-EE-IC-000101,BHEL,DV0692352370,ELECTRICAL_AND_ELECTRONICS,INTEGRATED_CIRCUIT,"INTEGRATED_CIRCUIT, LM431BIM3, PKG SMD",IC ANALOG REG. LM431BIM3 SMD SOT-23 | ROHS WITH BACKWARD COMPATIBILITY. | OEM TAPE & REEL PACKING ONLY.,IC ANALOG REG. LM431BIM3 SMD SOT-23 ROHS WITH BACKWARD COMPATIBILITY.,STANDARD,LM431BIM3,UNSPECIFIED,UNSPECIFIED,SMD,UNSPECIFIED,UNSPECIFIED,EE|IC|STANDARD|LM431BIM3|UNSPECIFIED|UNSPECIFIED|SMD|UNSPECIFIED|UNSPECIFIED,AUTO_MAPPED_TO_EXISTING_CNMC
CNMC-GN-GEN-000001,BHEL,DV0692355863,GENERAL_MATERIALS,GENERAL_MATERIAL,GENERAL_MATERIAL,CPU BOARD EBC500-BH | EBC500-BH    (P/N: 10E00050007X3) | RoHS Compliant,CPU BOARD EBC500-BH EBC500-BH P/N: 10E00050007X3 ROHS COMPLIANT,STANDARD,UNSPECIFIED,UNSPECIFIED,UNSPECIFIED,UNSPECIFIED,UNSPECIFIED,UNSPECIFIED,GN|GEN|STANDARD|UNSPECIFIED|UNSPECIFIED|UNSPECIFIED|UNSPECIFIED|UNSPECIFIED|UNSPECIFIED,AUTO_MAPPED_TO_EXISTING_CNMC
CNMC-EE-IC-000006,BHEL,DV0692356215,ELECTRICAL_AND_ELECTRONICS,INTEGRATED_CIRCUIT,"INTEGRATED_CIRCUIT, PKG SMD","IC RS485 TRANSCVR ISL3179E SOIC8 SMD | MA PART NO: 60213179,0 | ROHS DEVICE WITH BACKWARD COMPATIBILITY.",IC RS485 TRANSCVR ISL3179E SOIC8 SMD MA PART NO: 60213179 0,STANDARD,UNSPECIFIED,UNSPECIFIED,UNSPECIFIED,SMD,UNSPECIFIED,UNSPECIFIED,EE|IC|STANDARD|UNSPECIFIED|UNSPECIFIED|UNSPECIFIED|SMD|UNSPECIFIED|UNSPECIFIED,AUTO_MAPPED_TO_EXISTING_CNMC
CNMC-EE-IC-000102,BHEL,DV0692356916,ELECTRICAL_AND_ELECTRONICS,INTEGRATED_CIRCUIT,"INTEGRATED_CIRCUIT, AD8512ARZ, PKG SMD",IC ANA OPAMP DUAL AD8512ARZ  SO8 SMD | ROHS DEVICE WITH BACKWARD COMPATIBILITY | OEM TAPE AND REEL PACKING ONLY.,IC ANA OPAMP DUAL AD8512ARZ SO8 SMD,STANDARD,AD8512ARZ,UNSPECIFIED,UNSPECIFIED,SMD,UNSPECIFIED,UNSPECIFIED,EE|IC|STANDARD|AD8512ARZ|UNSPECIFIED|UNSPECIFIED|SMD|UNSPECIFIED|UNSPECIFIED,AUTO_MAPPED_TO_EXISTING_CNMC
CNMC-EE-IC-000006,BHEL,DV0692356975,ELECTRICAL_AND_ELECTRONICS,INTEGRATED_CIRCUIT,"INTEGRATED_CIRCUIT, PKG SMD",IC FLA SER 32Mb M25P32-VMP6G VFQFPN8 SMD | ROHS DEVICE WITH BACKWARD COMPATIBILITY | OEM TAPE AND REEL PACKING ONLY.,IC FLA SER 32MB M25P32-VMP6G VFQFPN8 SMD,STANDARD,UNSPECIFIED,UNSPECIFIED,UNSPECIFIED,SMD,UNSPECIFIED,UNSPECIFIED,EE|IC|STANDARD|UNSPECIFIED|UNSPECIFIED|UNSPECIFIED|SMD|UNSPECIFIED|UNSPECIFIED,AUTO_MAPPED_TO_EXISTING_CNMC
CNMC-EE-IC-000103,BHEL,DV0692357769,ELECTRICAL_AND_ELECTRONICS,INTEGRATED_CIRCUIT,"INTEGRATED_CIRCUIT, DAC, AD5641, PKG SMD","IC DAC SER 14BIT 1CH AD5641 SC70-6 SMD | DAC SER 14BIT 1CH AD5641 SC70-6 | MA PART NO: 60105641,0 | ROHS DEVICE WITH BACKWARD COMPATIBILITY. | OEM  PACKING ONLY.",IC DAC SER 14BIT 1CH AD5641 SC70-6 SMD DAC SER 14BIT 1CH AD5641 SC70-6 MA PART NO: 60105641 0,DAC,AD5641,UNSPECIFIED,UNSPECIFIED,SMD,UNSPECIFIED,UNSPECIFIED,EE|IC|DAC|AD5641|UNSPECIFIED|UNSPECIFIED|SMD|UNSPECIFIED|UNSPECIFIED,AUTO_MAPPED_TO_EXISTING_CNMC
CNMC-EE-IC-000075,BHEL,DV0692357785,ELECTRICAL_AND_ELECTRONICS,INTEGRATED_CIRCUIT,"INTEGRATED_CIRCUIT, OR GATE, PKG SMD","IC DIGITAL ISOLATOR 4CH ADuM3401C SMD | DIGITAL ISOLATOR 4CH ADuM3401CR SOW16 | MA PART NO: 60103403,0 | ROHS DEVICE WITH BACKWARD COMPATIBILITY",IC DIGITAL ISOLATOR 4CH ADUM3401C SMD DIGITAL ISOLATOR 4CH ADUM3401CR SOW16 MA PART NO: 60103403 0,OR_GATE,UNSPECIFIED,UNSPECIFIED,UNSPECIFIED,SMD,UNSPECIFIED,UNSPECIFIED,EE|IC|OR_GATE|UNSPECIFIED|UNSPECIFIED|UNSPECIFIED|SMD|UNSPECIFIED|UNSPECIFIED,AUTO_MAPPED_TO_EXISTING_CNMC
CNMC-EE-IC-000104,BHEL,DV0692357793,ELECTRICAL_AND_ELECTRONICS,INTEGRATED_CIRCUIT,"INTEGRATED_CIRCUIT, AD8276ARMZ, PKG SMD","IC OPAMP AD8276ARMZ MSOP8  SMD | Metso Part No:60128276,0",IC OPAMP AD8276ARMZ MSOP8 SMD METSO PART NO:60128276 0,STANDARD,AD8276ARMZ,UNSPECIFIED,UNSPECIFIED,SMD,UNSPECIFIED,UNSPECIFIED,EE|IC|STANDARD|AD8276ARMZ|UNSPECIFIED|UNSPECIFIED|SMD|UNSPECIFIED|UNSPECIFIED,AUTO_MAPPED_TO_EXISTING_CNMC
CNMC-EE-SEMI-000002,BHEL,DV0692361301,ELECTRICAL_AND_ELECTRONICS,SEMICONDUCTOR,"SEMICONDUCTOR, PKG SMD",IGBT 1200V 20A  TO-263 AA SMD | IXGA20N120A3 TO-263 AA package.,IGBT 1200V 20A TO-263 AA SMD IXGA20N120A3 TO-263 AA PACKAGE.,STANDARD,UNSPECIFIED,UNSPECIFIED,UNSPECIFIED,SMD,UNSPECIFIED,UNSPECIFIED,EE|SEMI|STANDARD|UNSPECIFIED|UNSPECIFIED|UNSPECIFIED|SMD|UNSPECIFIED|UNSPECIFIED,AUTO_MAPPED_TO_EXISTING_CNMC
CNMC-EE-IC-000030,BHEL,DV0692390090,ELECTRICAL_AND_ELECTRONICS,INTEGRATED_CIRCUIT,"INTEGRATED_CIRCUIT, OR GATE",IC IF TTL HEX BUFFER SN7417D SOIC14 | IC TTL SN7417 SOIC14 HEX BUFFER DRIVER WITH | OPEN COLLECTOR. OEM TAPE AND | REEL PACKING ONLY. DATE CODE TO BE LESS THAN | 24 MONTHS FROM INVOICE | DATE. | Date-code and  decoding information of the date-code to be | made | available along with the item,IC IF TTL HEX BUFFER SN7417D SOIC14 IC TTL SN7417 SOIC14 HEX BUFFER DRIVER WITH OPEN COLLECTOR.,OR_GATE,UNSPECIFIED,UNSPECIFIED,UNSPECIFIED,UNSPECIFIED,UNSPECIFIED,UNSPECIFIED,EE|IC|OR_GATE|UNSPECIFIED|UNSPECIFIED|UNSPECIFIED|UNSPECIFIED|UNSPECIFIED|UNSPECIFIED,AUTO_MAPPED_TO_EXISTING_CNMC
CNMC-EE-IC-000105,BHEL,DV0692390154,ELECTRICAL_AND_ELECTRONICS,INTEGRATED_CIRCUIT,"INTEGRATED_CIRCUIT, AD688ARWZ, 16P, PKG SOIC",IC HIGH PRECS VOLTREF AD688ARWZ | SMD16PIN | IC High Precision Voltage Ref Device with 3.3V. | OEM:ANALOG DEVICES | P/N: AD688ARWZ SOIC 16PIN | OEM PACKAGING ONLY.,IC HIGH PRECS VOLTREF AD688ARWZ SMD16PIN IC HIGH PRECISION VOLTAGE WITH 3.3V. DEVICES P/N: AD688ARWZ SOIC 16PIN,STANDARD,AD688ARWZ,UNSPECIFIED,UNSPECIFIED,SOIC,16P,UNSPECIFIED,EE|IC|STANDARD|AD688ARWZ|UNSPECIFIED|UNSPECIFIED|SOIC|16P|UNSPECIFIED,AUTO_MAPPED_TO_EXISTING_CNMC
CNMC-EE-IC-000106,BHEL,DV0692390197,ELECTRICAL_AND_ELECTRONICS,INTEGRATED_CIRCUIT,"INTEGRATED_CIRCUIT, AND GATE, 28P, PKG SMD","IC DUAL LDO 3.3V TPS767D301Q SMD 28PIN | IC DUAL-OUTPUT LOW-DROPOUT VOLTAGE REG. | with 3.3V output and Adjustable | range. | HTSSOP | 28PIN | Device | OEM:TEXAS | INSTRUMENTS | P/N:TPS767D301QPWPRQ1, | ""OEM PACKAGING ONLY.",IC DUAL LDO 3.3V TPS767D301Q SMD 28PIN IC DUAL-OUTPUT LOW-DROPOUT VOLTAGE REG. WITH 3.3V OUTPUT AND ADJUSTABLE RANGE. HTSSOP 28PIN DEVICE INSTRUMENTS P/N:TPS767D301QPWPRQ1,AND_GATE,UNSPECIFIED,UNSPECIFIED,UNSPECIFIED,SMD,28P,UNSPECIFIED,EE|IC|AND_GATE|UNSPECIFIED|UNSPECIFIED|UNSPECIFIED|SMD|28P|UNSPECIFIED,AUTO_MAPPED_TO_EXISTING_CNMC
CNMC-EE-SEMI-000002,BHEL,DV0692400001,ELECTRICAL_AND_ELECTRONICS,SEMICONDUCTOR,"SEMICONDUCTOR, PKG SMD","OPTOCOUPLER 5KV CNY17-3-300E SMD | OPTOCOUPLER 5KV SMD | OEM:AVAGO | P/N:CNY17-3-300E | ""OEM PACKAGING ONLY.",OPTOCOUPLER 5KV CNY17-3-300E SMD OPTOCOUPLER 5KV SMD P/N:CNY17-3-300E,STANDARD,UNSPECIFIED,UNSPECIFIED,UNSPECIFIED,SMD,UNSPECIFIED,UNSPECIFIED,EE|SEMI|STANDARD|UNSPECIFIED|UNSPECIFIED|UNSPECIFIED|SMD|UNSPECIFIED|UNSPECIFIED,AUTO_MAPPED_TO_EXISTING_CNMC
CNMC-EE-IC-000006,BHEL,DV0692400010,ELECTRICAL_AND_ELECTRONICS,INTEGRATED_CIRCUIT,"INTEGRATED_CIRCUIT, PKG SMD","IC FPGA CYCLONE II EP2C15AF484I8N SMD | IC FPGA ALTERA CYCLONE II | 315IO 14.448LE 26KB 25MUL 4PLL | OEM:ALTERA | P/N:EP2C15AF484I8N | ""OEM PACKAGING ONLY.",IC FPGA CYCLONE II EP2C15AF484I8N SMD IC FPGA ALTERA CYCLONE II 315IO 14.448LE 26KB 25MUL 4PLL P/N:EP2C15AF484I8N,STANDARD,UNSPECIFIED,UNSPECIFIED,UNSPECIFIED,SMD,UNSPECIFIED,UNSPECIFIED,EE|IC|STANDARD|UNSPECIFIED|UNSPECIFIED|UNSPECIFIED|SMD|UNSPECIFIED|UNSPECIFIED,AUTO_MAPPED_TO_EXISTING_CNMC
CNMC-EE-IC-000006,BHEL,DV0692400044,ELECTRICAL_AND_ELECTRONICS,INTEGRATED_CIRCUIT,"INTEGRATED_CIRCUIT, PKG SMD","IC SERIAL NUMBER SILICON DS2401P+ SMD | IC SERIAL NUMBER SILICON TSOC6 | OEM:DALLAS | P/N:DS2401P+ | TAPE-REEL ONLY | ""OEM PACKAGING ONLY.",IC SERIAL NUMBER SILICON DS2401P+ SMD IC SERIAL NUMBER SILICON TSOC6 P/N:DS2401P+ TAPE-REEL ONLY,STANDARD,UNSPECIFIED,UNSPECIFIED,UNSPECIFIED,SMD,UNSPECIFIED,UNSPECIFIED,EE|IC|STANDARD|UNSPECIFIED|UNSPECIFIED|UNSPECIFIED|SMD|UNSPECIFIED|UNSPECIFIED,AUTO_MAPPED_TO_EXISTING_CNMC
CNMC-EE-IC-000009,BHEL,DV0692400230,ELECTRICAL_AND_ELECTRONICS,INTEGRATED_CIRCUIT,"INTEGRATED_CIRCUIT, 54P, PKG SMD","IC SDRAM 128MB 8MX16 MT48LC8M16A2P75 SMD | SDRAM 128MB 8MX16 3.3V | 133MHZ CL3 TSSOP-54 | OEM:MICRON | P/N:MT48LC8M16A2P75 IT | ""OEM PACKAGING ONLY.",IC SDRAM 128MB 8MX16 MT48LC8M16A2P75 SMD SDRAM 128MB 8MX16 3.3V 133MHZ CL3 TSSOP-54 P/N:MT48LC8M16A2P75 IT,STANDARD,UNSPECIFIED,UNSPECIFIED,UNSPECIFIED,SMD,54P,UNSPECIFIED,EE|IC|STANDARD|UNSPECIFIED|UNSPECIFIED|UNSPECIFIED|SMD|54P|UNSPECIFIED,AUTO_MAPPED_TO_EXISTING_CNMC
CNMC-EE-PWR-000002,BHEL,DV0692400630,ELECTRICAL_AND_ELECTRONICS,POWER_CONVERTER,"POWER_CONVERTER, DC DC CONVERTER, PKG SMD","IC CMOS RS232 DRVR/RCSVR ADM232AARNZ | SMD | 2 CHANNEL RS232 CONVERTER 5V | OEM:ANALOG DEVICES | P/N:ADM232AARNZ | ""OEM PACKAGING ONLY.",IC CMOS RS232 DRVR/RCSVR ADM232AARNZ SMD 2 CHANNEL RS232 CONVERTER 5V DEVICES P/N:ADM232AARNZ,DC_DC_CONVERTER,UNSPECIFIED,UNSPECIFIED,UNSPECIFIED,SMD,UNSPECIFIED,UNSPECIFIED,EE|PWR|DC_DC_CONVERTER|UNSPECIFIED|UNSPECIFIED|UNSPECIFIED|SMD|UNSPECIFIED|UNSPECIFIED,AUTO_MAPPED_TO_EXISTING_CNMC
CNMC-EE-IC-000075,BHEL,DV0692400664,ELECTRICAL_AND_ELECTRONICS,INTEGRATED_CIRCUIT,"INTEGRATED_CIRCUIT, OR GATE, PKG SMD","IC DUAL-CH DIGTL ISOLTOR ADuM1200ARZ SMD | ISOLATOR DIGITAL DUAL 1MBPS SO-8 | OEM:ANALOG DEVICES | P/N:ADuM1200ARZ | ""OEM PACKAGING ONLY.",IC DUAL-CH DIGTL ISOLTOR ADUM1200ARZ SMD ISOLATOR DIGITAL DUAL 1MBPS SO-8 DEVICES P/N:ADUM1200ARZ,OR_GATE,UNSPECIFIED,UNSPECIFIED,UNSPECIFIED,SMD,UNSPECIFIED,UNSPECIFIED,EE|IC|OR_GATE|UNSPECIFIED|UNSPECIFIED|UNSPECIFIED|SMD|UNSPECIFIED|UNSPECIFIED,AUTO_MAPPED_TO_EXISTING_CNMC
CNMC-EE-IC-000107,BHEL,DV0692400699,ELECTRICAL_AND_ELECTRONICS,INTEGRATED_CIRCUIT,"INTEGRATED_CIRCUIT, DAC, AD5624RBRM, PKG SMD","IC nanoDAC 12-BIT 4-CH AD5624RBRM-3 SMD | IC DAC 12-BIT 4US 4-CHANNEL | WITH 1.25VREF MSOP-10 | OEM:ANALOG DEVICES | P/N:AD5624RBRM-3 | ""OEM PACKAGING ONLY.",IC NANODAC 12-BIT 4-CH AD5624RBRM-3 SMD IC DAC 12-BIT 4US 4-CHANNEL WITH 1.25VREF MSOP-10 DEVICES P/N:AD5624RBRM-3,DAC,AD5624RBRM,UNSPECIFIED,UNSPECIFIED,SMD,UNSPECIFIED,UNSPECIFIED,EE|IC|DAC|AD5624RBRM|UNSPECIFIED|UNSPECIFIED|SMD|UNSPECIFIED|UNSPECIFIED,AUTO_MAPPED_TO_EXISTING_CNMC
CNMC-EE-IC-000075,BHEL,DV0692401512,ELECTRICAL_AND_ELECTRONICS,INTEGRATED_CIRCUIT,"INTEGRATED_CIRCUIT, OR GATE, PKG SMD","IC TRSCVR  PHYTER DP83848IVV/NOPB  SMD | IC ETHERNET PHYTER 10/100 MB/S | OEM: NATIONAL SEMICONDUCTOR | P/N: DP83848IVV/NOPB | ""OEM PACKAGING ONLY.",IC TRSCVR PHYTER DP83848IVV/NOPB SMD IC ETHERNET PHYTER 10/100 MB/S SEMICONDUCTOR P/N: DP83848IVV/NOPB,OR_GATE,UNSPECIFIED,UNSPECIFIED,UNSPECIFIED,SMD,UNSPECIFIED,UNSPECIFIED,EE|IC|OR_GATE|UNSPECIFIED|UNSPECIFIED|UNSPECIFIED|SMD|UNSPECIFIED|UNSPECIFIED,AUTO_MAPPED_TO_EXISTING_CNMC
CNMC-EE-IC-000108,BHEL,DV0692401520,ELECTRICAL_AND_ELECTRONICS,INTEGRATED_CIRCUIT,"INTEGRATED_CIRCUIT, OR GATE, LM20133M, PKG SMD","IC REG 3A SYNCHRONOUS 5V  LM20133M SMD | IC REGULATOR 3A SYNCHRONOUS 5V IN | OEM:NATIONAL SEMICONDUCTOR | P/N:LM20133M | ""OEM PACKAGING ONLY.",IC REG 3A SYNCHRONOUS 5V LM20133M SMD IC REGULATOR 3A SYNCHRONOUS 5V IN SEMICONDUCTOR P/N:LM20133M,OR_GATE,LM20133M,UNSPECIFIED,UNSPECIFIED,SMD,UNSPECIFIED,UNSPECIFIED,EE|IC|OR_GATE|LM20133M|UNSPECIFIED|UNSPECIFIED|SMD|UNSPECIFIED|UNSPECIFIED,AUTO_MAPPED_TO_EXISTING_CNMC
CNMC-EE-IC-000075,BHEL,DV0692401547,ELECTRICAL_AND_ELECTRONICS,INTEGRATED_CIRCUIT,"INTEGRATED_CIRCUIT, OR GATE, PKG SMD","IC RS485/422 BUS TRANSVCR LMS1487EIM SMD | IC RS-422/RS-485 TRANSCEIVER | 2.5MBPS HALF-DUPLEX 5V | OEM:NATIONAL SEMICONDUCTOR | P/N:LMS1487EIM | ""OEM PACKAGING ONLY.",IC RS485/422 BUS TRANSVCR LMS1487EIM SMD IC RS-422/RS-485 TRANSCEIVER 2.5MBPS HALF-DUPLEX 5V SEMICONDUCTOR P/N:LMS1487EIM,OR_GATE,UNSPECIFIED,UNSPECIFIED,UNSPECIFIED,SMD,UNSPECIFIED,UNSPECIFIED,EE|IC|OR_GATE|UNSPECIFIED|UNSPECIFIED|UNSPECIFIED|SMD|UNSPECIFIED|UNSPECIFIED,AUTO_MAPPED_TO_EXISTING_CNMC
CNMC-GN-GEN-000001,BHEL,LF33ABDT,GENERAL_MATERIALS,GENERAL_MATERIAL,GENERAL_MATERIAL,- SGS THOMSON MICROELECTRONICS,- SGS THOMSON MICROELECTRONICS,STANDARD,UNSPECIFIED,UNSPECIFIED,UNSPECIFIED,UNSPECIFIED,UNSPECIFIED,UNSPECIFIED,GN|GEN|STANDARD|UNSPECIFIED|UNSPECIFIED|UNSPECIFIED|UNSPECIFIED|UNSPECIFIED|UNSPECIFIED,AUTO_MAPPED_TO_EXISTING_CNMC
CNMC-EE-IC-000109,BHEL,DV0692401652,ELECTRICAL_AND_ELECTRONICS,INTEGRATED_CIRCUIT,"INTEGRATED_CIRCUIT, OR GATE, 48P",IC F-EPROM 64MB 4MX16/8MX8 M29W640FT70N6 | FLASH MEMORY 64MBIT 4MX16/8MX8 3V TSOP|48 | OEM:ST | P/N:M29W640FT70N6 | OEM PACKAGING ONLY.,IC F-EPROM 64MB 4MX16/8MX8 M29W640FT70N6 FLASH MEMORY 64MBIT 4MX16/8MX8 3V TSOP 48 P/N:M29W640FT70N6,OR_GATE,UNSPECIFIED,UNSPECIFIED,UNSPECIFIED,UNSPECIFIED,48P,UNSPECIFIED,EE|IC|OR_GATE|UNSPECIFIED|UNSPECIFIED|UNSPECIFIED|UNSPECIFIED|48P|UNSPECIFIED,AUTO_MAPPED_TO_EXISTING_CNMC
CNMC-EE-IC-000110,BHEL,DV0692401679,ELECTRICAL_AND_ELECTRONICS,INTEGRATED_CIRCUIT,"INTEGRATED_CIRCUIT, OR GATE, 5P, PKG SMD","IC SUPER WATCHDOG TIMER STM6822TWY6 | SMD | SUPERVISOR UP OD/RESET 200MS 3.08V /MR WDI | SOT23-5 | OEM:ST | P/N:STM6822TWY6 | ""OEM PACKAGING ONLY.",IC SUPER WATCHDOG TIMER STM6822TWY6 SMD SUPERVISOR UP OD/RESET 200MS 3.08V /MR WDI SOT23-5 P/N:STM6822TWY6,OR_GATE,UNSPECIFIED,UNSPECIFIED,UNSPECIFIED,SMD,5P,UNSPECIFIED,EE|IC|OR_GATE|UNSPECIFIED|UNSPECIFIED|UNSPECIFIED|SMD|5P|UNSPECIFIED,AUTO_MAPPED_TO_EXISTING_CNMC
CNMC-EE-SW-000015,BHEL,DV0692401687,ELECTRICAL_AND_ELECTRONICS,SWITCH,"SWITCH, PKG SOIC","IC CMS Q- BILATERAL SWITCH CD4066BCM SMD | SWITCH ANALOG QUAD SOIC-14 | OEM:TEXAS INSTRUMENTS | P/N:CD4066BCM | ""OEM PACKAGING ONLY.",IC CMS Q- BILATERAL SWITCH CD4066BCM SMD SWITCH ANALOG QUAD SOIC-14 INSTRUMENTS P/N:CD4066BCM,STANDARD,UNSPECIFIED,UNSPECIFIED,UNSPECIFIED,SOIC,UNSPECIFIED,14,EE|SW|STANDARD|UNSPECIFIED|UNSPECIFIED|UNSPECIFIED|SOIC|UNSPECIFIED|UNSPECIFIED,AUTO_MAPPED_TO_EXISTING_CNMC
CNMC-EE-IC-000111,BHEL,DV0692401709,ELECTRICAL_AND_ELECTRONICS,INTEGRATED_CIRCUIT,"INTEGRATED_CIRCUIT, MAX3221ID, PKG SMD","IC SINGLE CH RS-232 TRSCVR MAX3221ID SMD | RS-232 TRANSCEIVER 250KBPS 3-5.5V | WITH 15KV ESD PROTECTION | OEM:TEXAS INSTRUMENTS | P/N:MAX3221IDBE4 | ""OEM PACKAGING ONLY.",IC SINGLE CH RS-232 TRSCVR MAX3221ID SMD RS-232 TRANSCEIVER 250KBPS 3-5.5V WITH 15KV ESD PROTECTION INSTRUMENTS P/N:MAX3221IDBE4,STANDARD,MAX3221ID,UNSPECIFIED,UNSPECIFIED,SMD,UNSPECIFIED,UNSPECIFIED,EE|IC|STANDARD|MAX3221ID|UNSPECIFIED|UNSPECIFIED|SMD|UNSPECIFIED|UNSPECIFIED,AUTO_MAPPED_TO_EXISTING_CNMC
CNMC-EE-IC-000075,BHEL,DV0692401725,ELECTRICAL_AND_ELECTRONICS,INTEGRATED_CIRCUIT,"INTEGRATED_CIRCUIT, OR GATE, PKG SMD","IC CAN TRSCVR FOR 24V SN65HVD251D SMD | CAN TRANSCEIVER FOR 24V SYSTEMS SO-8 | OEM:TEXAS INSTRUMENTS | P/N:SN65HVD251D | ""OEM PACKAGING ONLY.",IC CAN TRSCVR FOR 24V SN65HVD251D SMD CAN TRANSCEIVER FOR 24V SYSTEMS SO-8 INSTRUMENTS P/N:SN65HVD251D,OR_GATE,UNSPECIFIED,UNSPECIFIED,UNSPECIFIED,SMD,UNSPECIFIED,UNSPECIFIED,EE|IC|OR_GATE|UNSPECIFIED|UNSPECIFIED|UNSPECIFIED|SMD|UNSPECIFIED|UNSPECIFIED,AUTO_MAPPED_TO_EXISTING_CNMC
CNMC-EE-IC-000006,BHEL,DV0692401741,ELECTRICAL_AND_ELECTRONICS,INTEGRATED_CIRCUIT,"INTEGRATED_CIRCUIT, PKG SMD","IC 16-BIT BUS TRANSCVR SN74LVCHR16245AGR | BUS TRANSCEIVER 16-BIT 3-STATE | OUT BUS HOLD 5V-TOL OUTPUT-RS | OEM:TEXAS INSTRUMENTS | P/N: SN74LVCHR16245AGR | PACKAGING: TSSOP-DGG SMD | ""OEM PACKAGING ONLY.",IC 16-BIT BUS TRANSCVR SN74LVCHR16245AGR BUS TRANSCEIVER 16-BIT 3-STATE OUT BUS HOLD 5V-TOL OUTPUT-RS INSTRUMENTS P/N: SN74LVCHR16245AGR PACKAGING: TSSOP-DGG SMD,STANDARD,UNSPECIFIED,UNSPECIFIED,UNSPECIFIED,SMD,UNSPECIFIED,UNSPECIFIED,EE|IC|STANDARD|UNSPECIFIED|UNSPECIFIED|UNSPECIFIED|SMD|UNSPECIFIED|UNSPECIFIED,AUTO_MAPPED_TO_EXISTING_CNMC
CNMC-EE-IC-000112,BHEL,DV0692401750,ELECTRICAL_AND_ELECTRONICS,INTEGRATED_CIRCUIT,"INTEGRATED_CIRCUIT, TL431BIDBZ","IC ADJ PRECSN SHUNT REG 36V TL431BIDBZ | REFERENCE SHUNT ADJUSTABLE 36V 100MA | OEM:TEXAS INSTRUMENTS | P/N: TL431B|DBZ | PACKAGING: SOT-23-3(DBZ) | ""OEM PACKAGING ONLY.",IC ADJ PRECSN SHUNT REG 36V TL431BIDBZ SHUNT ADJUSTABLE 36V 100MA INSTRUMENTS P/N: TL431B DBZ PACKAGING: SOT-23-3 DBZ,STANDARD,TL431BIDBZ,UNSPECIFIED,UNSPECIFIED,UNSPECIFIED,UNSPECIFIED,UNSPECIFIED,EE|IC|STANDARD|TL431BIDBZ|UNSPECIFIED|UNSPECIFIED|UNSPECIFIED|UNSPECIFIED|UNSPECIFIED,AUTO_MAPPED_TO_EXISTING_CNMC
CNMC-EE-IC-000001,BHEL,DV0692401768,ELECTRICAL_AND_ELECTRONICS,INTEGRATED_CIRCUIT,INTEGRATED_CIRCUIT,"IC CONTR CURRENT MODE PWM UC2845ANG4 | CONTROLLER CURRENT MODE PWM PDIP-8 | ""OEM PACKAGING ONLY.",IC CONTR CURRENT MODE PWM UC2845ANG4 CONTROLLER CURRENT MODE PWM PDIP-8,STANDARD,UNSPECIFIED,UNSPECIFIED,UNSPECIFIED,UNSPECIFIED,UNSPECIFIED,UNSPECIFIED,EE|IC|STANDARD|UNSPECIFIED|UNSPECIFIED|UNSPECIFIED|UNSPECIFIED|UNSPECIFIED|UNSPECIFIED,AUTO_MAPPED_TO_EXISTING_CNMC
CNMC-EE-IC-000012,BHEL,DV0692402187,ELECTRICAL_AND_ELECTRONICS,INTEGRATED_CIRCUIT,"INTEGRATED_CIRCUIT, 100P, PKG SMD","IC FPGA MAX-II 240LE EPM240T100I5N SMD | FPGA ALTERA MAX-II CPLD | 240LE 8KBIT 80IO TQFP-100 | OEM:ALTERA P/N:EPM240T100L5N | ""OEM PACKAGING ONLY.",IC FPGA MAX-II 240LE EPM240T100I5N SMD FPGA ALTERA MAX-II CPLD 240LE 8KBIT 80IO TQFP-100 P/N:EPM240T100L5N,STANDARD,UNSPECIFIED,UNSPECIFIED,UNSPECIFIED,SMD,100P,UNSPECIFIED,EE|IC|STANDARD|UNSPECIFIED|UNSPECIFIED|UNSPECIFIED|SMD|100P|UNSPECIFIED,AUTO_MAPPED_TO_EXISTING_CNMC
CNMC-EE-IC-000001,BHEL,DV0692402390,ELECTRICAL_AND_ELECTRONICS,INTEGRATED_CIRCUIT,INTEGRATED_CIRCUIT,IC MVB CONTROLLER INTERFACE PC30 D013LF | OEM PACKAGING ONLY.,IC MVB CONTROLLER INTERFACE PC30 D013LF,STANDARD,UNSPECIFIED,UNSPECIFIED,UNSPECIFIED,UNSPECIFIED,UNSPECIFIED,UNSPECIFIED,EE|IC|STANDARD|UNSPECIFIED|UNSPECIFIED|UNSPECIFIED|UNSPECIFIED|UNSPECIFIED|UNSPECIFIED,AUTO_MAPPED_TO_EXISTING_CNMC
CNMC-EE-IC-000079,BHEL,DV0692402500,ELECTRICAL_AND_ELECTRONICS,INTEGRATED_CIRCUIT,"INTEGRATED_CIRCUIT, OP AMP, PKG SMD","IC OPAMP DUAL LOW OFFSET OP727AR SMD | IC OPERATIONAL AMPLIFIER | DUAL LOW OFFSET SO-8 SMD | OEM:ANALOG DEVICES | P/N:OP727AR | ""OEM PACKAGING ONLY.",IC OPAMP DUAL LOW OFFSET OP727AR SMD IC OPERATIONAL AMPLIFIER DUAL LOW OFFSET SO-8 SMD DEVICES P/N:OP727AR,OP_AMP,UNSPECIFIED,UNSPECIFIED,UNSPECIFIED,SMD,UNSPECIFIED,UNSPECIFIED,EE|IC|OP_AMP|UNSPECIFIED|UNSPECIFIED|UNSPECIFIED|SMD|UNSPECIFIED|UNSPECIFIED,AUTO_MAPPED_TO_EXISTING_CNMC
CNMC-EE-SEMI-000002,BHEL,DV0692402535,ELECTRICAL_AND_ELECTRONICS,SEMICONDUCTOR,"SEMICONDUCTOR, PKG SMD","OPTOCOUPLER GATE DRV HCPL-3020-300E SMD | IC OPTOCOUPLER GATE DRIVE .4A SMD | OEM:AVAGO/AGILENT | P/N:HCPL-3020-300E | ""OEM PACKAGING ONLY.",OPTOCOUPLER GATE DRV HCPL-3020-300E SMD IC OPTOCOUPLER GATE DRIVE .4A SMD P/N:HCPL-3020-300E,STANDARD,UNSPECIFIED,UNSPECIFIED,UNSPECIFIED,SMD,UNSPECIFIED,UNSPECIFIED,EE|SEMI|STANDARD|UNSPECIFIED|UNSPECIFIED|UNSPECIFIED|SMD|UNSPECIFIED|UNSPECIFIED,AUTO_MAPPED_TO_EXISTING_CNMC
CNMC-EE-IC-000075,BHEL,DV0692402594,ELECTRICAL_AND_ELECTRONICS,INTEGRATED_CIRCUIT,"INTEGRATED_CIRCUIT, OR GATE, PKG SMD","IC RECEIVER DIFF EN QUAD DS34LV86TM SMD | IC RECEIVER DIFFERENTIAL WITH | EN QUAD 3.3V SO16 SMD | OEM:NATIONAL SEMICONDUCTORS | P/N:DS34LV86TM/NOPB | ""OEM PACKAGING ONLY.",IC RECEIVER DIFF EN QUAD DS34LV86TM SMD IC RECEIVER DIFFERENTIAL WITH EN QUAD 3.3V SO16 SMD SEMICONDUCTORS P/N:DS34LV86TM/NOPB,OR_GATE,UNSPECIFIED,UNSPECIFIED,UNSPECIFIED,SMD,UNSPECIFIED,UNSPECIFIED,EE|IC|OR_GATE|UNSPECIFIED|UNSPECIFIED|UNSPECIFIED|SMD|UNSPECIFIED|UNSPECIFIED,AUTO_MAPPED_TO_EXISTING_CNMC
CNMC-EE-SEMI-000002,BHEL,DV0692402870,ELECTRICAL_AND_ELECTRONICS,SEMICONDUCTOR,"SEMICONDUCTOR, PKG SMD","IC DRIVER MOSFET QUAD 1.2A MIC4469Y SMD | IC DRIVER MOSFET QUAD 1.2A | OEM:MICREL | P/N:MIC4469YWM | ""OEM PACKAGING ONLY.",IC DRIVER MOSFET QUAD 1.2A MIC4469Y SMD IC DRIVER MOSFET QUAD 1.2A P/N:MIC4469YWM,STANDARD,UNSPECIFIED,UNSPECIFIED,UNSPECIFIED,SMD,UNSPECIFIED,UNSPECIFIED,EE|SEMI|STANDARD|UNSPECIFIED|UNSPECIFIED|UNSPECIFIED|SMD|UNSPECIFIED|UNSPECIFIED,AUTO_MAPPED_TO_EXISTING_CNMC
CNMC-EE-SW-000010,BHEL,DV0692403396,ELECTRICAL_AND_ELECTRONICS,SWITCH,"SWITCH, PKG SMD","IC SWITCH ANALOG SPST QUAD  SMD | IC SWITCH ANALOG CMOS SPST QUAD SMD | OEM:VISHAY | P/N:DG411DY | ""OEM PACKAGING ONLY.",IC SWITCH ANALOG SPST QUAD SMD IC SWITCH ANALOG CMOS SPST QUAD SMD P/N:DG411DY,STANDARD,UNSPECIFIED,UNSPECIFIED,UNSPECIFIED,SMD,UNSPECIFIED,UNSPECIFIED,EE|SW|STANDARD|UNSPECIFIED|UNSPECIFIED|UNSPECIFIED|SMD|UNSPECIFIED|UNSPECIFIED,AUTO_MAPPED_TO_EXISTING_CNMC
CNMC-EE-IC-000113,BHEL,DV0692403434,ELECTRICAL_AND_ELECTRONICS,INTEGRATED_CIRCUIT,"INTEGRATED_CIRCUIT, OR GATE, LM2901M, PKG SMD","IC COMPARATOR QUAD 36V 7MVOS LM2901M | SMD | IC COMPARATOR QUAD 36V 7MVOS | OEM:NATIONAL SEMICONDUCTORS | P/N:LM2901M | ""OEM PACKAGING ONLY.",IC COMPARATOR QUAD 36V 7MVOS LM2901M SMD IC COMPARATOR QUAD 36V 7MVOS SEMICONDUCTORS P/N:LM2901M,OR_GATE,LM2901M,UNSPECIFIED,UNSPECIFIED,SMD,UNSPECIFIED,UNSPECIFIED,EE|IC|OR_GATE|LM2901M|UNSPECIFIED|UNSPECIFIED|SMD|UNSPECIFIED|UNSPECIFIED,AUTO_MAPPED_TO_EXISTING_CNMC
CNMC-EE-IC-000114,BHEL,DV0692403442,ELECTRICAL_AND_ELECTRONICS,INTEGRATED_CIRCUIT,"INTEGRATED_CIRCUIT, OR GATE, LM317AMDT, PKG SMD","IC REG ADJ 1.5A 3-TERMINAL LM317AMDT SMD | IC REGULATOR ADJUSTABLE 3-TERMINAL 1.5A | OEM:NATIONAL SEMICONDUCTOR | P/N:LM317AMDT | ""OEM PACKAGING ONLY.",IC REG ADJ 1.5A 3-TERMINAL LM317AMDT SMD IC REGULATOR ADJUSTABLE 3-TERMINAL 1.5A SEMICONDUCTOR P/N:LM317AMDT,OR_GATE,LM317AMDT,UNSPECIFIED,UNSPECIFIED,SMD,UNSPECIFIED,UNSPECIFIED,EE|IC|OR_GATE|LM317AMDT|UNSPECIFIED|UNSPECIFIED|SMD|UNSPECIFIED|UNSPECIFIED,AUTO_MAPPED_TO_EXISTING_CNMC
CNMC-EE-IC-000075,BHEL,DV0692403477,ELECTRICAL_AND_ELECTRONICS,INTEGRATED_CIRCUIT,"INTEGRATED_CIRCUIT, OR GATE, PKG SMD",IC SL FLASH MEMORY 64MB SMD | OEM PACKAGING ONLY.,IC SL FLASH MEMORY 64MB SMD,OR_GATE,UNSPECIFIED,UNSPECIFIED,UNSPECIFIED,SMD,UNSPECIFIED,UNSPECIFIED,EE|IC|OR_GATE|UNSPECIFIED|UNSPECIFIED|UNSPECIFIED|SMD|UNSPECIFIED|UNSPECIFIED,AUTO_MAPPED_TO_EXISTING_CNMC
CNMC-EE-IC-000115,BHEL,DV0692403485,ELECTRICAL_AND_ELECTRONICS,INTEGRATED_CIRCUIT,"INTEGRATED_CIRCUIT, DAC, 8P, PKG SMD","IC DAC 10-BIT 1US 2-CHAN TLV5617AID SMD | IC DAC 10-BIT 1US 2-CHANN SERIAL SO-8 | OEM:TI | P/N:TLV5617AID | ""OEM PACKAGING ONLY.",IC DAC 10-BIT 1US 2-CHAN TLV5617AID SMD IC DAC 10-BIT 1US 2-CHANN SERIAL SO-8 P/N:TLV5617AID,DAC,UNSPECIFIED,UNSPECIFIED,UNSPECIFIED,SMD,8P,UNSPECIFIED,EE|IC|DAC|UNSPECIFIED|UNSPECIFIED|UNSPECIFIED|SMD|8P|UNSPECIFIED,AUTO_MAPPED_TO_EXISTING_CNMC
CNMC-EE-SEMI-000002,BHEL,DV0692403493,ELECTRICAL_AND_ELECTRONICS,SEMICONDUCTOR,"SEMICONDUCTOR, PKG SMD","IC TRANS ARRAY DARLINGTON ULQ2003AD SMD | IC TRANSISTOR ARRAY DARLINGTON 7X3VIN | OEM:TI | P/N:ULQ2003AD | ""OEM PACKAGING ONLY.",IC TRANS ARRAY DARLINGTON ULQ2003AD SMD IC TRANSISTOR ARRAY DARLINGTON 7X3VIN P/N:ULQ2003AD,STANDARD,UNSPECIFIED,UNSPECIFIED,UNSPECIFIED,SMD,UNSPECIFIED,UNSPECIFIED,EE|SEMI|STANDARD|UNSPECIFIED|UNSPECIFIED|UNSPECIFIED|SMD|UNSPECIFIED|UNSPECIFIED,AUTO_MAPPED_TO_EXISTING_CNMC
CNMC-EE-IC-000006,BHEL,DV0692403566,ELECTRICAL_AND_ELECTRONICS,INTEGRATED_CIRCUIT,"INTEGRATED_CIRCUIT, PKG SMD",IC REF VOLT 3V 0.1%  50PPM SMD | IC REFERENCE 3.0V 0.1% 50PPM SO-8 | OEM  TAPE & REEL PACKAGING ONLY.,IC 3V 0.1% 50PPM SMD IC 3.0V 0.1% 50PPM SO-8,STANDARD,UNSPECIFIED,UNSPECIFIED,UNSPECIFIED,SMD,UNSPECIFIED,UNSPECIFIED,EE|IC|STANDARD|UNSPECIFIED|UNSPECIFIED|UNSPECIFIED|SMD|UNSPECIFIED|UNSPECIFIED,AUTO_MAPPED_TO_EXISTING_CNMC
CNMC-EE-IC-000006,BHEL,DV0692403574,ELECTRICAL_AND_ELECTRONICS,INTEGRATED_CIRCUIT,"INTEGRATED_CIRCUIT, PKG SMD",IC CONFG DEVICE SERIAL 1MB SMD | IC CONFIGURATION DEVICE SERIAL 1MBIT | OEM PACKAGING ONLY.,IC CONFG DEVICE SERIAL 1MB SMD IC CONFIGURATION DEVICE SERIAL 1MBIT,STANDARD,UNSPECIFIED,UNSPECIFIED,UNSPECIFIED,SMD,UNSPECIFIED,UNSPECIFIED,EE|IC|STANDARD|UNSPECIFIED|UNSPECIFIED|UNSPECIFIED|SMD|UNSPECIFIED|UNSPECIFIED,AUTO_MAPPED_TO_EXISTING_CNMC
CNMC-EE-IC-000116,BHEL,DV0692403647,ELECTRICAL_AND_ELECTRONICS,INTEGRATED_CIRCUIT,"INTEGRATED_CIRCUIT, NAND GATE, PKG SOIC",IC GATE NAND 4CH 2-INP 14 SOIC SMD | QUAD 2-INPUT NAND SCHMITT TRIGGER SOIC-14 | OEM  TAPE & REEL PACKAGING ONLY.,IC GATE NAND 4CH 2-INP 14 SOIC SMD QUAD 2-INPUT NAND SCHMITT TRIGGER SOIC-14,NAND_GATE,UNSPECIFIED,UNSPECIFIED,UNSPECIFIED,SOIC,UNSPECIFIED,UNSPECIFIED,EE|IC|NAND_GATE|UNSPECIFIED|UNSPECIFIED|UNSPECIFIED|SOIC|UNSPECIFIED|UNSPECIFIED,AUTO_MAPPED_TO_EXISTING_CNMC
CNMC-EE-PWR-000002,BHEL,DV0692403825,ELECTRICAL_AND_ELECTRONICS,POWER_CONVERTER,"POWER_CONVERTER, DC DC CONVERTER, PKG SMD",IC BUCK VOL REG 1A 5V 260KHZ SMD | IC SIMPLE SWITCHER POWER CONVERTER | HIGH EFFICIENCY 1A 5V 260KHZ | STEP-DOWN VOLTAGE REGULATOR SOP-8 | OEM PACKAGING ONLY,IC BUCK VOL REG 1A 5V 260KHZ SMD IC SIMPLE SWITCHER POWER CONVERTER HIGH EFFICIENCY 1A 5V 260KHZ STEP-DOWN VOLTAGE REGULATOR SOP-8,DC_DC_CONVERTER,UNSPECIFIED,UNSPECIFIED,UNSPECIFIED,SMD,UNSPECIFIED,UNSPECIFIED,EE|PWR|DC_DC_CONVERTER|UNSPECIFIED|UNSPECIFIED|UNSPECIFIED|SMD|UNSPECIFIED|UNSPECIFIED,AUTO_MAPPED_TO_EXISTING_CNMC
CNMC-EE-IC-000006,BHEL,DV0692403833,ELECTRICAL_AND_ELECTRONICS,INTEGRATED_CIRCUIT,"INTEGRATED_CIRCUIT, PKG SMD",IC HIGH SPEED OPAMP SMD | IC HIGH O/P HIGH SPEED OPAMP | OEM PACKAGING ONLY.,IC HIGH SPEED OPAMP SMD IC HIGH O/P HIGH SPEED OPAMP,STANDARD,UNSPECIFIED,UNSPECIFIED,UNSPECIFIED,SMD,UNSPECIFIED,UNSPECIFIED,EE|IC|STANDARD|UNSPECIFIED|UNSPECIFIED|UNSPECIFIED|SMD|UNSPECIFIED|UNSPECIFIED,AUTO_MAPPED_TO_EXISTING_CNMC
CNMC-EE-PWR-000001,BHEL,DV0692403850,ELECTRICAL_AND_ELECTRONICS,POWER_CONVERTER,"POWER_CONVERTER, DC DC CONVERTER",IC ADJ VOLT REG 2A 150KHZSMD | IC SIMPLE SWITCHER POWER CONVERTER 2A | 150KHZ STEP DOWN VOLTAGE REGULATOR HIGH | VOLT TO-263 | OEM PACKAGING ONLY.,IC ADJ VOLT REG 2A 150KHZSMD IC SIMPLE SWITCHER POWER CONVERTER 2A 150KHZ STEP DOWN VOLTAGE REGULATOR HIGH VOLT TO-263,DC_DC_CONVERTER,UNSPECIFIED,UNSPECIFIED,UNSPECIFIED,UNSPECIFIED,UNSPECIFIED,UNSPECIFIED,EE|PWR|DC_DC_CONVERTER|UNSPECIFIED|UNSPECIFIED|UNSPECIFIED|UNSPECIFIED|UNSPECIFIED|UNSPECIFIED,AUTO_MAPPED_TO_EXISTING_CNMC
CNMC-EE-IC-000075,BHEL,DV0692403876,ELECTRICAL_AND_ELECTRONICS,INTEGRATED_CIRCUIT,"INTEGRATED_CIRCUIT, OR GATE, PKG SMD",IC MONO ASTABLE MULTVIBRTOR  SMD | IC MONOSTABLE ASTABLE MULTIVIBRATOR | OEM  TAPE & REEL PACKAGING ONLY.,IC MONO ASTABLE MULTVIBRTOR SMD IC MONOSTABLE ASTABLE MULTIVIBRATOR,OR_GATE,UNSPECIFIED,UNSPECIFIED,UNSPECIFIED,SMD,UNSPECIFIED,UNSPECIFIED,EE|IC|OR_GATE|UNSPECIFIED|UNSPECIFIED|UNSPECIFIED|SMD|UNSPECIFIED|UNSPECIFIED,AUTO_MAPPED_TO_EXISTING_CNMC
CNMC-EE-IC-000006,BHEL,DV0692404147,ELECTRICAL_AND_ELECTRONICS,INTEGRATED_CIRCUIT,"INTEGRATED_CIRCUIT, PKG SMD",IC DRIV MOS 1.5A NON-INV  SMD | OEM  TAPE & REEL PACKAGING ONLY.,IC DRIV MOS 1.5A NON-INV SMD,STANDARD,UNSPECIFIED,UNSPECIFIED,UNSPECIFIED,SMD,UNSPECIFIED,UNSPECIFIED,EE|IC|STANDARD|UNSPECIFIED|UNSPECIFIED|UNSPECIFIED|SMD|UNSPECIFIED|UNSPECIFIED,AUTO_MAPPED_TO_EXISTING_CNMC
CNMC-EE-SEMI-000002,BHEL,DV0692404155,ELECTRICAL_AND_ELECTRONICS,SEMICONDUCTOR,"SEMICONDUCTOR, PKG SMD",IC DRIV MOSFET 1.5A COMPL  SMD | OEM  TAPE & REEL PACKAGING ONLY.,IC DRIV MOSFET 1.5A COMPL SMD,STANDARD,UNSPECIFIED,UNSPECIFIED,UNSPECIFIED,SMD,UNSPECIFIED,UNSPECIFIED,EE|SEMI|STANDARD|UNSPECIFIED|UNSPECIFIED|UNSPECIFIED|SMD|UNSPECIFIED|UNSPECIFIED,AUTO_MAPPED_TO_EXISTING_CNMC
CNMC-EE-IC-000117,BHEL,DV0692404368,ELECTRICAL_AND_ELECTRONICS,INTEGRATED_CIRCUIT,"INTEGRATED_CIRCUIT, OR GATE, LM2852XMXA, PKG SMD",IC REG BUCK1.5V 2A 1.5MHZ LM2852XMXA SMD | REGULATOR BUCK SIMPLE SYNCHRONOUS | 1.5V 2A 1.5MHZ | OEM PACKAGING ONLY.,IC REG BUCK1.5V 2A 1.5MHZ LM2852XMXA SMD REGULATOR BUCK SIMPLE SYNCHRONOUS 1.5V 2A 1.5MHZ,OR_GATE,LM2852XMXA,UNSPECIFIED,UNSPECIFIED,SMD,UNSPECIFIED,UNSPECIFIED,EE|IC|OR_GATE|LM2852XMXA|UNSPECIFIED|UNSPECIFIED|SMD|UNSPECIFIED|UNSPECIFIED,AUTO_MAPPED_TO_EXISTING_CNMC
CNMC-EE-IC-000118,BHEL,DV0692404376,ELECTRICAL_AND_ELECTRONICS,INTEGRATED_CIRCUIT,"INTEGRATED_CIRCUIT, OR GATE, LM5008MM, PKG SMD","IC HI-VOLTG REG 0.3A 600KHZ LM5008MM SMD | REGULATOR BUCK HIGH VOLTAGE | 0.3A 600KHZ | OEM:NATIONAL SEMICONDUCTORS | P/N:LM5008MM | ""OEM PACKAGING ONLY.",IC HI-VOLTG REG 0.3A 600KHZ LM5008MM SMD REGULATOR BUCK HIGH VOLTAGE 0.3A 600KHZ SEMICONDUCTORS P/N:LM5008MM,OR_GATE,LM5008MM,UNSPECIFIED,UNSPECIFIED,SMD,UNSPECIFIED,UNSPECIFIED,EE|IC|OR_GATE|LM5008MM|UNSPECIFIED|UNSPECIFIED|SMD|UNSPECIFIED|UNSPECIFIED,AUTO_MAPPED_TO_EXISTING_CNMC
CNMC-EE-SW-000010,BHEL,DV0692404392,ELECTRICAL_AND_ELECTRONICS,SWITCH,"SWITCH, PKG SMD","IC SWITCH 3A 260KHZ LM2673SX-ADJ SMD | SIMPLE SWITCHER 3A STEP DOWN VOLTAGE | ADJUSTABLE CURRENT LIMIT TO-263 | OEM:NATIONAL SEMICONDUCTORS | P/N:LM2673SX-ADJ | ""OEM PACKAGING ONLY.",IC SWITCH 3A 260KHZ LM2673SX-ADJ SMD SIMPLE SWITCHER 3A STEP DOWN VOLTAGE ADJUSTABLE CURRENT LIMIT TO-263 SEMICONDUCTORS P/N:LM2673SX-ADJ,STANDARD,UNSPECIFIED,UNSPECIFIED,UNSPECIFIED,SMD,UNSPECIFIED,3A,EE|SW|STANDARD|UNSPECIFIED|UNSPECIFIED|UNSPECIFIED|SMD|UNSPECIFIED|UNSPECIFIED,AUTO_MAPPED_TO_EXISTING_CNMC
CNMC-EE-IC-000119,BHEL,DV0692404406,ELECTRICAL_AND_ELECTRONICS,INTEGRATED_CIRCUIT,"INTEGRATED_CIRCUIT, OR GATE, LM4120AIM5, PKG SMD","IC REF 2V 0.2% 50PPM LM4120AIM5-2.0 SMD | REFERENCE 2V 0.2% 50PPM SOT23-5 | OEM:NATIONAL SEMICONDUCTORS | P/N:LM4120AIM5-2.0 | ""OEM PACKAGING ONLY.",IC 0.2% 50PPM LM4120AIM5-2.0 SMD 2V 0.2% 50PPM SOT23-5 SEMICONDUCTORS P/N:LM4120AIM5-2.0,OR_GATE,LM4120AIM5,UNSPECIFIED,UNSPECIFIED,SMD,UNSPECIFIED,UNSPECIFIED,EE|IC|OR_GATE|LM4120AIM5|UNSPECIFIED|UNSPECIFIED|SMD|UNSPECIFIED|UNSPECIFIED,AUTO_MAPPED_TO_EXISTING_CNMC
CNMC-EE-SEMI-000001,BHEL,DV0692404449,ELECTRICAL_AND_ELECTRONICS,SEMICONDUCTOR,SEMICONDUCTOR,"OPTO FBR TRNSMTR DIODE Q62702-P1715 | PLASTIC FIBER OPTIC | TRANSMITTER DIODE SFH756V | OEM:INFINEON | P/N:Q62702-P1715 | ""OEM PACKAGING ONLY.",OPTO FBR TRNSMTR DIODE Q62702-P1715 PLASTIC FIBER OPTIC TRANSMITTER DIODE SFH756V P/N:Q62702-P1715,STANDARD,UNSPECIFIED,UNSPECIFIED,UNSPECIFIED,UNSPECIFIED,UNSPECIFIED,UNSPECIFIED,EE|SEMI|STANDARD|UNSPECIFIED|UNSPECIFIED|UNSPECIFIED|UNSPECIFIED|UNSPECIFIED|UNSPECIFIED,AUTO_MAPPED_TO_EXISTING_CNMC
CNMC-EE-IC-000120,BHEL,DV0692404554,ELECTRICAL_AND_ELECTRONICS,INTEGRATED_CIRCUIT,"INTEGRATED_CIRCUIT, OR GATE, 89P, PKG SMD","IC REG 5V 0.1A LDO HT7550-1 SOT89 SMD | REGULATOR 5V 0.1A LDO | LOW POWER SOT-89 | OEM:HOLTEK | P/N:HT7550-1-SOT89TRLF | ""OEM PACKAGING ONLY.",IC REG 5V 0.1A LDO HT7550-1 SOT89 SMD REGULATOR 5V 0.1A LDO LOW POWER SOT-89 P/N:HT7550-1-SOT89TRLF,OR_GATE,UNSPECIFIED,UNSPECIFIED,UNSPECIFIED,SMD,89P,UNSPECIFIED,EE|IC|OR_GATE|UNSPECIFIED|UNSPECIFIED|UNSPECIFIED|SMD|89P|UNSPECIFIED,AUTO_MAPPED_TO_EXISTING_CNMC
CNMC-GN-GEN-000003,BHEL,DV0692404880,GENERAL_MATERIALS,GENERAL_MATERIAL,"GENERAL_MATERIAL, PKG SMD",OPTCPLR:HIGH INSULTN VOLT  SMD | OEM PACKAGING ONLY.,OPTCPLR:HIGH INSULTN VOLT SMD,STANDARD,UNSPECIFIED,UNSPECIFIED,UNSPECIFIED,SMD,UNSPECIFIED,UNSPECIFIED,GN|GEN|STANDARD|UNSPECIFIED|UNSPECIFIED|UNSPECIFIED|SMD|UNSPECIFIED|UNSPECIFIED,AUTO_MAPPED_TO_EXISTING_CNMC
CNMC-EE-IC-000006,BHEL,DV0692404970,ELECTRICAL_AND_ELECTRONICS,INTEGRATED_CIRCUIT,"INTEGRATED_CIRCUIT, PKG SMD","IC RS-485 TRANSCEIVER ADM1485 SMD | IC RS-485 TRANSCEIVER ADM1485 SMD | OEM: ANALOG DEVICES | P/N: ADM1485ARZ-REEL7 | ""OEM PACKAGING ONLY.",IC RS-485 TRANSCEIVER ADM1485 SMD IC RS-485 TRANSCEIVER ADM1485 SMD DEVICES P/N: ADM1485ARZ-REEL7,STANDARD,UNSPECIFIED,UNSPECIFIED,UNSPECIFIED,SMD,UNSPECIFIED,UNSPECIFIED,EE|IC|STANDARD|UNSPECIFIED|UNSPECIFIED|UNSPECIFIED|SMD|UNSPECIFIED|UNSPECIFIED,AUTO_MAPPED_TO_EXISTING_CNMC
CNMC-EE-SEMI-000006,BHEL,DV0692406387,ELECTRICAL_AND_ELECTRONICS,SEMICONDUCTOR,"SEMICONDUCTOR, 4P",OPTOCOUPLER THT CNY65B | Optocoupler DC-IN 1-CH Transistor DC-OUT 4-Pin PDIP,OPTOCOUPLER THT CNY65B OPTOCOUPLER DC-IN 1-CH TRANSISTOR DC-OUT 4-PIN PDIP,STANDARD,UNSPECIFIED,UNSPECIFIED,UNSPECIFIED,UNSPECIFIED,4P,UNSPECIFIED,EE|SEMI|STANDARD|UNSPECIFIED|UNSPECIFIED|UNSPECIFIED|UNSPECIFIED|4P|UNSPECIFIED,NEW_CNMC_GENERATED
CNMC-EE-IC-000121,BHEL,DV0692410597,ELECTRICAL_AND_ELECTRONICS,INTEGRATED_CIRCUIT,"INTEGRATED_CIRCUIT, AD7911ARM, 8P, PKG SMD",IC ADC 10-BIT 250KSPS 2-CH SL MSOP-8 SMD | IC ADC 10-BIT 250KSPS 2-CHANNEL SERIAL MSOP-8 | OEM:ADI P/N:AD7911ARM | OEM PACKAGING ONLY.,IC ADC 10-BIT 250KSPS 2-CH SL MSOP-8 SMD IC ADC 10-BIT 250KSPS 2-CHANNEL SERIAL MSOP-8 P/N:AD7911ARM,STANDARD,AD7911ARM,UNSPECIFIED,UNSPECIFIED,SMD,8P,UNSPECIFIED,EE|IC|STANDARD|AD7911ARM|UNSPECIFIED|UNSPECIFIED|SMD|8P|UNSPECIFIED,AUTO_MAPPED_TO_EXISTING_CNMC
CNMC-EE-IC-000006,BHEL,DV0692411666,ELECTRICAL_AND_ELECTRONICS,INTEGRATED_CIRCUIT,"INTEGRATED_CIRCUIT, PKG SMD",IC SERIAL ADC 12B 250KSPS MSOP-8 SMD | OEM PACKAGING ONLY.,IC SERIAL ADC 12B 250KSPS MSOP-8 SMD,STANDARD,UNSPECIFIED,UNSPECIFIED,UNSPECIFIED,SMD,UNSPECIFIED,UNSPECIFIED,EE|IC|STANDARD|UNSPECIFIED|UNSPECIFIED|UNSPECIFIED|SMD|UNSPECIFIED|UNSPECIFIED,AUTO_MAPPED_TO_EXISTING_CNMC
CNMC-EE-IC-000122,BHEL,DV0692411682,ELECTRICAL_AND_ELECTRONICS,INTEGRATED_CIRCUIT,"INTEGRATED_CIRCUIT, AND GATE, 74LV08D, PKG SMD",IC QUAD 2 I/P AND GATE 74LV08D SO-14 SMD | OEM PACKAGING ONLY.,IC QUAD 2 I/P AND GATE 74LV08D SO-14 SMD,AND_GATE,74LV08D,UNSPECIFIED,UNSPECIFIED,SMD,UNSPECIFIED,UNSPECIFIED,EE|IC|AND_GATE|74LV08D|UNSPECIFIED|UNSPECIFIED|SMD|UNSPECIFIED|UNSPECIFIED,AUTO_MAPPED_TO_EXISTING_CNMC
CNMC-EE-SW-000010,BHEL,DV0692411879,ELECTRICAL_AND_ELECTRONICS,SWITCH,"SWITCH, PKG SMD","IC SWITCH CURRENT LTD 1A SOT-23 SMD | SWITCH, CURRENT LTD, 1A, SOT23 | OEM: TEXAS INSTRUMENTS | P/N: TPS2051BDBV | OEM PACKAGING ONLY. DATE CODE TO BE LESS | THAN 24 MONTHS FROM INVOICE | DATE.BHEL'S WRITTEN APPROVAL IS REQUIRED IN | CASE OF | ANY DEVIATION FROM THE ABOVE",IC SWITCH CURRENT LTD 1A SOT-23 SMD SWITCH CURRENT LTD 1A SOT23 INSTRUMENTS P/N: TPS2051BDBV,STANDARD,UNSPECIFIED,UNSPECIFIED,UNSPECIFIED,SMD,UNSPECIFIED,1A,EE|SW|STANDARD|UNSPECIFIED|UNSPECIFIED|UNSPECIFIED|SMD|UNSPECIFIED|UNSPECIFIED,AUTO_MAPPED_TO_EXISTING_CNMC
CNMC-GN-GEN-000001,BHEL,DV0692411890,GENERAL_MATERIALS,GENERAL_MATERIAL,GENERAL_MATERIAL,MVB INTERFACE D113L-T-P4A | MVB MDFULL EMD INTERFACE,MVB INTERFACE D113L-T-P4A MVB MDFULL EMD INTERFACE,STANDARD,UNSPECIFIED,UNSPECIFIED,UNSPECIFIED,UNSPECIFIED,UNSPECIFIED,UNSPECIFIED,GN|GEN|STANDARD|UNSPECIFIED|UNSPECIFIED|UNSPECIFIED|UNSPECIFIED|UNSPECIFIED|UNSPECIFIED,AUTO_MAPPED_TO_EXISTING_CNMC
CNMC-EE-IC-000006,BHEL,DV0692430105,ELECTRICAL_AND_ELECTRONICS,INTEGRATED_CIRCUIT,"INTEGRATED_CIRCUIT, PKG SMD",IC ADC 12BIT 1MSPS SERIAL SMD,IC ADC 12BIT 1MSPS SERIAL SMD,STANDARD,UNSPECIFIED,UNSPECIFIED,UNSPECIFIED,SMD,UNSPECIFIED,UNSPECIFIED,EE|IC|STANDARD|UNSPECIFIED|UNSPECIFIED|UNSPECIFIED|SMD|UNSPECIFIED|UNSPECIFIED,AUTO_MAPPED_TO_EXISTING_CNMC
CNMC-EE-IC-000015,BHEL,DV0692430385,ELECTRICAL_AND_ELECTRONICS,INTEGRATED_CIRCUIT,"INTEGRATED_CIRCUIT, 32P",IC FIFO USB DUAL UART INTERFACE 32QFN | USB UART 2-ch Full speed QFN-32 | OEM:EXAR P/N.XR21V1412IL32 | OEM PACKAGING ONLY. DATE CODE TO BE | LESS THAN 24 MONTHS FROM INVOICE DATE.,IC FIFO USB DUAL UART INTERFACE 32QFN USB UART 2-CH FULL SPEED QFN-32 P/N.XR21V1412IL32,STANDARD,UNSPECIFIED,UNSPECIFIED,UNSPECIFIED,UNSPECIFIED,32P,UNSPECIFIED,EE|IC|STANDARD|UNSPECIFIED|UNSPECIFIED|UNSPECIFIED|UNSPECIFIED|32P|UNSPECIFIED,AUTO_MAPPED_TO_EXISTING_CNMC
CNMC-EE-IC-000030,BHEL,DV0692430393,ELECTRICAL_AND_ELECTRONICS,INTEGRATED_CIRCUIT,"INTEGRATED_CIRCUIT, OR GATE","IC ARM MCU CORTEX M4 512K FLASH 2xCAN | Microcontroller ARM CORTEX M4 512k flash 2xCAN etc. | 120MHz OEM:NXP | P/N:LPC4088FBD208 ""OEM PACKAGING ONLY. DATE | CODE TO BE LESS THAN 24 | MONTHS FROM INVOICE DATE.BHEL'S WRITTEN | APPROVAL IS REQUIRED IN CASE OF | ANY DEVIATION FROM THE ABOVE."" Loose packets and | boxes not acceptable | Tape and Reel only",IC ARM MCU CORTEX M4 512K FLASH 2XCAN MICROCONTROLLER ARM CORTEX M4 512K FLASH 2XCAN ETC. 120MHZ P/N:LPC4088FBD208,OR_GATE,UNSPECIFIED,UNSPECIFIED,UNSPECIFIED,UNSPECIFIED,UNSPECIFIED,UNSPECIFIED,EE|IC|OR_GATE|UNSPECIFIED|UNSPECIFIED|UNSPECIFIED|UNSPECIFIED|UNSPECIFIED|UNSPECIFIED,AUTO_MAPPED_TO_EXISTING_CNMC
CNMC-EE-MOD-000001,BHEL,DV0692430435,ELECTRICAL_AND_ELECTRONICS,ELECTRONIC_MODULE,ELECTRONIC_MODULE,E-NET CNTRL INT ETH CARD D013E-TR-O-N-MQ | Ethernet | Controller | Component | OEM:DUAGON | P/N.D013E-TR-O-N-M-Q,E-NET CNTRL INT ETH CARD D013E-TR-O-N-MQ ETHERNET CONTROLLER COMPONENT P/N.D013E-TR-O-N-M-Q,STANDARD,UNSPECIFIED,UNSPECIFIED,UNSPECIFIED,UNSPECIFIED,UNSPECIFIED,UNSPECIFIED,EE|MOD|STANDARD|UNSPECIFIED|UNSPECIFIED|UNSPECIFIED|UNSPECIFIED|UNSPECIFIED|UNSPECIFIED,AUTO_MAPPED_TO_EXISTING_CNMC
CNMC-EE-IC-000016,BHEL,DV0692430493,ELECTRICAL_AND_ELECTRONICS,INTEGRATED_CIRCUIT,"INTEGRATED_CIRCUIT, 54P",IC SDRAM 256MB 8Mx16 3.3V 167MHz TSOP-54 | SDRAM 256Mb 8Mx16 3.3V 167MHz CL3 | TSOP-54 OEM:ISSI P/N.IS42S16160G-7TLI | OEM PACKAGING ONLY. DATE CODE TO BE | LESS THAN 24 MONTHS FROM INVOICE DATE.,IC SDRAM 256MB 8MX16 3.3V 167MHZ TSOP-54 SDRAM 256MB 8MX16 3.3V 167MHZ CL3 TSOP-54 P/N.IS42S16160G-7TLI,STANDARD,UNSPECIFIED,UNSPECIFIED,UNSPECIFIED,UNSPECIFIED,54P,UNSPECIFIED,EE|IC|STANDARD|UNSPECIFIED|UNSPECIFIED|UNSPECIFIED|UNSPECIFIED|54P|UNSPECIFIED,AUTO_MAPPED_TO_EXISTING_CNMC
CNMC-EE-SEMI-000001,BHEL,DV0692430585,ELECTRICAL_AND_ELECTRONICS,SEMICONDUCTOR,SEMICONDUCTOR,OPTCPLR ISLTR 3KV SINGLE DC INPUT SO-4 | Optocoupler Single DC Input SO4 | OEM:AVAGO / BROADCOM P/N.ACPL-217-50BE | OEM PACKAGING ONLY. DATE CODE TO BE | LESS THAN 24 MONTHS FROM INVOICE DATE.,OPTCPLR ISLTR 3KV SINGLE DC INPUT SO-4 OPTOCOUPLER SINGLE DC INPUT SO4 / BROADCOM P/N.ACPL-217-50BE,STANDARD,UNSPECIFIED,UNSPECIFIED,UNSPECIFIED,UNSPECIFIED,UNSPECIFIED,UNSPECIFIED,EE|SEMI|STANDARD|UNSPECIFIED|UNSPECIFIED|UNSPECIFIED|UNSPECIFIED|UNSPECIFIED|UNSPECIFIED,AUTO_MAPPED_TO_EXISTING_CNMC
CNMC-EE-IC-000001,BHEL,DV0692430627,ELECTRICAL_AND_ELECTRONICS,INTEGRATED_CIRCUIT,INTEGRATED_CIRCUIT,"IC REG ADJ LDO LINEAR VOLT 800mA | Adjustable LDO 800mA OEM:TEXAS INSTRUMENT | P/N:LP38511-ADJ ""OEM PACKAGING | ONLY. DATE CODE TO BE LESS THAN 24 MONTHS | FROM INVOICE DATE.BHEL'S | WRITTEN APPROVAL IS REQUIRED IN CASE OF ANY | DEVIATION FROM THE ABOVE.""",IC REG ADJ LDO LINEAR VOLT 800MA ADJUSTABLE LDO 800MA INSTRUMENT P/N:LP38511-ADJ,STANDARD,UNSPECIFIED,UNSPECIFIED,UNSPECIFIED,UNSPECIFIED,UNSPECIFIED,UNSPECIFIED,EE|IC|STANDARD|UNSPECIFIED|UNSPECIFIED|UNSPECIFIED|UNSPECIFIED|UNSPECIFIED|UNSPECIFIED,AUTO_MAPPED_TO_EXISTING_CNMC
CNMC-EE-IC-000001,BHEL,DV0692430669,ELECTRICAL_AND_ELECTRONICS,INTEGRATED_CIRCUIT,INTEGRATED_CIRCUIT,"IC FPGA CYCLONE IV 343IO 15K LE | FPGA Altera Cyclone IV, 343IO 15K LE OEM: ALTERA | P/N:EP4CE15F23I7N ""OEM | PACKAGING ONLY. DATE CODE TO BE LESS THAN 24 | MONTHS FROM INVOICE | DATE.BHEL'S WRITTEN APPROVAL IS REQUIRED IN | CASE OF ANY DEVIATION FROM | THE ABOVE."" Loose packets and boxes not acceptable Tape | and Reel only",IC FPGA CYCLONE IV 343IO 15K LE FPGA ALTERA CYCLONE IV 343IO 15K LE P/N:EP4CE15F23I7N,STANDARD,UNSPECIFIED,UNSPECIFIED,UNSPECIFIED,UNSPECIFIED,UNSPECIFIED,UNSPECIFIED,EE|IC|STANDARD|UNSPECIFIED|UNSPECIFIED|UNSPECIFIED|UNSPECIFIED|UNSPECIFIED|UNSPECIFIED,AUTO_MAPPED_TO_EXISTING_CNMC
CNMC-EE-IC-000075,BHEL,DV0692430843,ELECTRICAL_AND_ELECTRONICS,INTEGRATED_CIRCUIT,"INTEGRATED_CIRCUIT, OR GATE, PKG SMD","IC FLASH 128M SPI 3.3V 104MHZ 8SOP SMD | IC FLASH 128M SPI CMOS 3.3V 104MHZ 8SOP, NOR | MEMORY OEM PACKAGING ONLY.",IC FLASH 128M SPI 3.3V 104MHZ 8SOP SMD IC FLASH 128M SPI CMOS 3.3V 104MHZ 8SOP NOR MEMORY,OR_GATE,UNSPECIFIED,UNSPECIFIED,UNSPECIFIED,SMD,UNSPECIFIED,UNSPECIFIED,EE|IC|OR_GATE|UNSPECIFIED|UNSPECIFIED|UNSPECIFIED|SMD|UNSPECIFIED|UNSPECIFIED,AUTO_MAPPED_TO_EXISTING_CNMC
CNMC-EE-SW-000006,BHEL,DV0692431485,ELECTRICAL_AND_ELECTRONICS,SWITCH,SWITCH,"75 V, 1.5A Step-Down Switch RegulatorSMD | OEM PACKAGING ONLY. DATE CODE TO BE LESS | THAN 24 MONTHS FROM INVOICE | DATE.BHEL'S WRITTEN APPROVAL IS REQUIRED IN | CASE OF ANY DEVIATION FROM | THE ABOVE.LOOSE PACKAGE AND BOXES NOT | ACCEPTABLE.",75 V 1.5A STEP-DOWN SWITCH REGULATORSMD,STANDARD,UNSPECIFIED,UNSPECIFIED,UNSPECIFIED,UNSPECIFIED,UNSPECIFIED,75V,EE|SW|STANDARD|UNSPECIFIED|UNSPECIFIED|UNSPECIFIED|UNSPECIFIED|UNSPECIFIED|UNSPECIFIED,AUTO_MAPPED_TO_EXISTING_CNMC
CNMC-GN-GEN-000003,BHEL,DV0692431593,GENERAL_MATERIALS,GENERAL_MATERIAL,"GENERAL_MATERIAL, PKG SMD",Floating point DSP SHARC SMD,FLOATING POINT DSP SHARC SMD,STANDARD,UNSPECIFIED,UNSPECIFIED,UNSPECIFIED,SMD,UNSPECIFIED,UNSPECIFIED,GN|GEN|STANDARD|UNSPECIFIED|UNSPECIFIED|UNSPECIFIED|SMD|UNSPECIFIED|UNSPECIFIED,AUTO_MAPPED_TO_EXISTING_CNMC
CNMC-GN-GEN-000001,BHEL,DV0692431745,GENERAL_MATERIALS,GENERAL_MATERIAL,GENERAL_MATERIAL,"Ultra-Small, Hex Voltage, Microprocessor | OEM- MAXIM OEM PACKAGING ONLY. DATE CODE | TO BE LESS THAN 24 MONTHS FROM | INVOICE | DATE.BHEL'S | WRITTEN | APPROVAL | IS | REQUIRED IN CASE OF ANY | DEVIATION FROM THE ABOVE. LOOSE PACKET AND | BOXES NOT ACCEPTABLE.",ULTRA-SMALL HEX VOLTAGE MICROPROCESSOR MAXIM,STANDARD,UNSPECIFIED,UNSPECIFIED,UNSPECIFIED,UNSPECIFIED,UNSPECIFIED,UNSPECIFIED,GN|GEN|STANDARD|UNSPECIFIED|UNSPECIFIED|UNSPECIFIED|UNSPECIFIED|UNSPECIFIED|UNSPECIFIED,AUTO_MAPPED_TO_EXISTING_CNMC
CNMC-EE-IC-000006,BHEL,DV0692431918,ELECTRICAL_AND_ELECTRONICS,INTEGRATED_CIRCUIT,"INTEGRATED_CIRCUIT, PKG SMD",IC FPGA CYCLONE IV 6KLE EQFP-144 SMD | FPGA Intel Cyclone IV 6kLE EQFP-144 TO BE SUPPLIED | IN OEM PACKING ONLY.,IC FPGA CYCLONE IV 6KLE EQFP-144 SMD FPGA INTEL CYCLONE IV 6KLE EQFP-144 TO BE SUPPLIED IN ONLY.,STANDARD,UNSPECIFIED,UNSPECIFIED,UNSPECIFIED,SMD,UNSPECIFIED,UNSPECIFIED,EE|IC|STANDARD|UNSPECIFIED|UNSPECIFIED|UNSPECIFIED|SMD|UNSPECIFIED|UNSPECIFIED,AUTO_MAPPED_TO_EXISTING_CNMC
CNMC-EE-IC-000006,BHEL,DV0692431942,ELECTRICAL_AND_ELECTRONICS,INTEGRATED_CIRCUIT,"INTEGRATED_CIRCUIT, PKG SMD",IC ADC 12BIT 3MSPS SOT23 SMD | IC ADC 12BIT 3MSPS SOT23 OEM PACKAGING ONLY.,IC ADC 12BIT 3MSPS SOT23 SMD IC ADC 12BIT 3MSPS SOT23,STANDARD,UNSPECIFIED,UNSPECIFIED,UNSPECIFIED,SMD,UNSPECIFIED,UNSPECIFIED,EE|IC|STANDARD|UNSPECIFIED|UNSPECIFIED|UNSPECIFIED|SMD|UNSPECIFIED|UNSPECIFIED,AUTO_MAPPED_TO_EXISTING_CNMC
CNMC-EE-IC-000123,BHEL,DV0692442707,ELECTRICAL_AND_ELECTRONICS,INTEGRATED_CIRCUIT,"INTEGRATED_CIRCUIT, MAX707ESA, PKG SMD",IC MP SUPERVSR MAX707ESA 4.65V SOIC8 SMD | ROHS DEVICE WITH BACKWARD COMPATIBILITY. | ONLY.,IC MP SUPERVSR MAX707ESA 4.65V SOIC8 SMD,STANDARD,MAX707ESA,UNSPECIFIED,UNSPECIFIED,SMD,UNSPECIFIED,UNSPECIFIED,EE|IC|STANDARD|MAX707ESA|UNSPECIFIED|UNSPECIFIED|SMD|UNSPECIFIED|UNSPECIFIED,AUTO_MAPPED_TO_EXISTING_CNMC
CNMC-EE-IC-000124,BHEL,DV0692443584,ELECTRICAL_AND_ELECTRONICS,INTEGRATED_CIRCUIT,"INTEGRATED_CIRCUIT, AD524SD, 16P",IC PREC INSTR AMP AD524SD 16P CDIP,IC PREC INSTR AMP AD524SD 16P CDIP,STANDARD,AD524SD,UNSPECIFIED,UNSPECIFIED,UNSPECIFIED,16P,UNSPECIFIED,EE|IC|STANDARD|AD524SD|UNSPECIFIED|UNSPECIFIED|UNSPECIFIED|16P|UNSPECIFIED,AUTO_MAPPED_TO_EXISTING_CNMC
CNMC-EE-IC-000006,BHEL,DV0692445951,ELECTRICAL_AND_ELECTRONICS,INTEGRATED_CIRCUIT,"INTEGRATED_CIRCUIT, PKG SMD",IC FPGA A3P600L FBGA484 SMD | RoHS DEVICE. TO BE SUPPLIED IN OEM TRAY | PACKING ONLY. DATE CODE TO BE LESS THAN 4 | YEARS FROM INVOICE DATE. BHEL'S WRITTEN | APPROVAL IS REQUIRED IN CASE OF | ANY DEVIATION FROM THE ABOVE.,IC FPGA A3P600L FBGA484 SMD,STANDARD,UNSPECIFIED,UNSPECIFIED,UNSPECIFIED,SMD,UNSPECIFIED,UNSPECIFIED,EE|IC|STANDARD|UNSPECIFIED|UNSPECIFIED|UNSPECIFIED|SMD|UNSPECIFIED|UNSPECIFIED,AUTO_MAPPED_TO_EXISTING_CNMC
CNMC-EE-IC-000006,BHEL,DV0692449868,ELECTRICAL_AND_ELECTRONICS,INTEGRATED_CIRCUIT,"INTEGRATED_CIRCUIT, PKG SMD",IC SMD FPGA A42MX16-1PQ160M | TO BE SUPPLIED IN OEM TRAY PACKING ONLY.,IC SMD FPGA A42MX16-1PQ160M TO BE SUPPLIED IN PACKING ONLY.,STANDARD,UNSPECIFIED,UNSPECIFIED,UNSPECIFIED,SMD,UNSPECIFIED,UNSPECIFIED,EE|IC|STANDARD|UNSPECIFIED|UNSPECIFIED|UNSPECIFIED|SMD|UNSPECIFIED|UNSPECIFIED,AUTO_MAPPED_TO_EXISTING_CNMC
CNMC-GN-GEN-000001,BHEL,DV0692451919,GENERAL_MATERIALS,GENERAL_MATERIAL,GENERAL_MATERIAL,LCD GRAPHIC DISP MDL 128 X 64 | LCD GRAPHIC DISP MDL 128 X 64 | COC TO BE PROVIDED AS PER DOCUMENT | INDICATED IN THE ENQUIRY OEM PACKING | ONLY. DATE CODE TO BE LESS THAN 24 | MONTHS FROM INVOICE DATE. BHEL's WRITTEN | APPROVAL IS REQUIRED IN CASE OF ANY | DEVIATION FROM THE ABOVE,LCD GRAPHIC DISP MDL 128 X 64 LCD GRAPHIC DISP MDL 128 X 64 COC TO BE PROVIDED AS PER DOCUMENT INDICATED IN THE ENQUIRY ONLY.,STANDARD,UNSPECIFIED,UNSPECIFIED,UNSPECIFIED,UNSPECIFIED,UNSPECIFIED,UNSPECIFIED,GN|GEN|STANDARD|UNSPECIFIED|UNSPECIFIED|UNSPECIFIED|UNSPECIFIED|UNSPECIFIED|UNSPECIFIED,AUTO_MAPPED_TO_EXISTING_CNMC
CNMC-EE-IC-000140,BHEL,DV0692452951,ELECTRICAL_AND_ELECTRONICS,INTEGRATED_CIRCUIT,"INTEGRATED_CIRCUIT, OR GATE, 10P",FLASH PRO4 JTAG PROGRAMMER | FLASH PRO4 JTAG PROGRAMMER | Deliverables : | FlashPro4 programmer  unit | USB A to mini-B USB cable | FlashPro4 10-pin ribbon cable | User manual | Warranty certificate for 90 Days from date of delivery,FLASH PRO4 JTAG PROGRAMMER FLASH PRO4 JTAG PROGRAMMER DELIVERABLES : FLASHPRO4 PROGRAMMER UNIT USB A TO MINI-B USB CABLE FLASHPRO4 10-PIN RIBBON CABLE USER MANUAL WARRANTY CERTIFICATE FOR 90 DAYS FROM DATE OF DELIVERY,OR_GATE,UNSPECIFIED,UNSPECIFIED,UNSPECIFIED,UNSPECIFIED,10P,UNSPECIFIED,EE|IC|OR_GATE|UNSPECIFIED|UNSPECIFIED|UNSPECIFIED|UNSPECIFIED|10P|UNSPECIFIED,NEW_CNMC_GENERATED
CNMC-EE-IC-000006,BHEL,DV0692501711,ELECTRICAL_AND_ELECTRONICS,INTEGRATED_CIRCUIT,"INTEGRATED_CIRCUIT, PKG SMD","IC REG BUCK SYNC ADJ 3A MLP-12 SMD | ""IC REG BUCK SYNC ADJ 3A MLP-12 FAN5353MPX",IC REG BUCK SYNC ADJ 3A MLP-12 SMD IC REG BUCK SYNC ADJ 3A MLP-12 FAN5353MPX,STANDARD,UNSPECIFIED,UNSPECIFIED,UNSPECIFIED,SMD,UNSPECIFIED,UNSPECIFIED,EE|IC|STANDARD|UNSPECIFIED|UNSPECIFIED|UNSPECIFIED|SMD|UNSPECIFIED|UNSPECIFIED,AUTO_MAPPED_TO_EXISTING_CNMC
CNMC-EE-IC-000030,BHEL,DV0692503735,ELECTRICAL_AND_ELECTRONICS,INTEGRATED_CIRCUIT,"INTEGRATED_CIRCUIT, OR GATE",IC 3-CH PROTECTOR ADG466BR SO8 | Tripple Channel Protector ADG466BR SO8 .,IC 3-CH PROTECTOR ADG466BR SO8 TRIPPLE CHANNEL PROTECTOR ADG466BR SO8 .,OR_GATE,UNSPECIFIED,UNSPECIFIED,UNSPECIFIED,UNSPECIFIED,UNSPECIFIED,UNSPECIFIED,EE|IC|OR_GATE|UNSPECIFIED|UNSPECIFIED|UNSPECIFIED|UNSPECIFIED|UNSPECIFIED|UNSPECIFIED,AUTO_MAPPED_TO_EXISTING_CNMC
CNMC-EE-SW-000006,BHEL,DV0692504095,ELECTRICAL_AND_ELECTRONICS,SWITCH,SWITCH,"IC SW BUCK REG 4.5-28VIN 0.8-25VOUT SO-8 | ""IC | SW | BUCK | REG | 4.5-28VIN | 3A | 0.8-25VOUT | SO-8_PWRPAD",IC SWITCH BUCK REG 4.5-28VIN 0.8-25VOUT SO-8 IC SWITCH BUCK REG 4.5-28VIN 3A 0.8-25VOUT SO-8_PWRPAD,STANDARD,UNSPECIFIED,UNSPECIFIED,UNSPECIFIED,UNSPECIFIED,UNSPECIFIED,4.5,EE|SW|STANDARD|UNSPECIFIED|UNSPECIFIED|UNSPECIFIED|UNSPECIFIED|UNSPECIFIED|UNSPECIFIED,AUTO_MAPPED_TO_EXISTING_CNMC
CNMC-EE-IC-000006,BHEL,DV0692510303,ELECTRICAL_AND_ELECTRONICS,INTEGRATED_CIRCUIT,"INTEGRATED_CIRCUIT, PKG SMD","IC LDO 150mA 1.0 VOUT SOT23-5 SMD | ""OEM PACKAGING ONLY. DATE CODE TO BE LESS",IC LDO 150MA 1.0 VOUT SOT23-5 SMD,STANDARD,UNSPECIFIED,UNSPECIFIED,UNSPECIFIED,SMD,UNSPECIFIED,UNSPECIFIED,EE|IC|STANDARD|UNSPECIFIED|UNSPECIFIED|UNSPECIFIED|SMD|UNSPECIFIED|UNSPECIFIED,AUTO_MAPPED_TO_EXISTING_CNMC
CNMC-MP-FILT-000001,BHEL,ED7470133941,MECHANICAL_AND_PIPING,FILTER,FILTER,MDL FILTER FN660-20/06 | MDL FILTER FN660-20/06 | ABB REFERENCE: HIER457910P1,MDL FILTER FN660-20/06 MDL FILTER FN660-20/06 ABB : HIER457910P1,STANDARD,UNSPECIFIED,UNSPECIFIED,UNSPECIFIED,UNSPECIFIED,UNSPECIFIED,UNSPECIFIED,MP|FILT|STANDARD|UNSPECIFIED|UNSPECIFIED|UNSPECIFIED|UNSPECIFIED|UNSPECIFIED|UNSPECIFIED,AUTO_MAPPED_TO_EXISTING_CNMC
CNMC-EE-IC-000125,BHEL,EN7467001800,ELECTRICAL_AND_ELECTRONICS,INTEGRATED_CIRCUIT,"INTEGRATED_CIRCUIT, VOLTAGE REGULATOR, MC7805ACT, PKG TO-220","IC LIN VOLT REG POS FIX  5V MC7805ACT | IC LIN VOL REG. 5V | 1A, 2%, TO-220 | MC7805ACT",IC LIN VOLT REG POS FIX 5V MC7805ACT IC LIN VOL REG. 5V 1A 2% TO-220 MC7805ACT,VOLTAGE_REGULATOR,MC7805ACT,UNSPECIFIED,UNSPECIFIED,TO-220,UNSPECIFIED,UNSPECIFIED,EE|IC|VOLTAGE_REGULATOR|MC7805ACT|UNSPECIFIED|UNSPECIFIED|TO-220|UNSPECIFIED|UNSPECIFIED,AUTO_MAPPED_TO_EXISTING_CNMC
CNMC-EE-IC-000126,BHEL,EN7467004923,ELECTRICAL_AND_ELECTRONICS,INTEGRATED_CIRCUIT,"INTEGRATED_CIRCUIT, VOLTAGE REGULATOR, LM723CD, PKG SMD",IC LIN VOLT REG POS ADJ LM723CD | IC LIN VLTG.REG ADJ. | S0-14 SMD | LM723CD,IC LIN VOLT REG POS ADJ LM723CD IC LIN VLTG.REG ADJ. S0-14 SMD LM723CD,VOLTAGE_REGULATOR,LM723CD,UNSPECIFIED,UNSPECIFIED,SMD,UNSPECIFIED,UNSPECIFIED,EE|IC|VOLTAGE_REGULATOR|LM723CD|UNSPECIFIED|UNSPECIFIED|SMD|UNSPECIFIED|UNSPECIFIED,AUTO_MAPPED_TO_EXISTING_CNMC
CNMC-EE-IC-000013,BHEL,EN7467011814,ELECTRICAL_AND_ELECTRONICS,INTEGRATED_CIRCUIT,"INTEGRATED_CIRCUIT, 8P, PKG SMD",IC LIN OPAMP SINGLE  OP07CS SOIC8 SMD | IC LIN OPAMP 8PIN SMD OP07CS,IC LIN OPAMP SINGLE OP07CS SOIC8 SMD IC LIN OPAMP 8PIN SMD OP07CS,STANDARD,UNSPECIFIED,UNSPECIFIED,UNSPECIFIED,SMD,8P,UNSPECIFIED,EE|IC|STANDARD|UNSPECIFIED|UNSPECIFIED|UNSPECIFIED|SMD|8P|UNSPECIFIED,AUTO_MAPPED_TO_EXISTING_CNMC
CNMC-EE-IC-000006,BHEL,EN7467011830,ELECTRICAL_AND_ELECTRONICS,INTEGRATED_CIRCUIT,"INTEGRATED_CIRCUIT, PKG SMD",IC LIN OPAMP SING UA741CD SMD | IC LIN OPAMP SO-8 UA741CD,IC LIN OPAMP SING UA741CD SMD IC LIN OPAMP SO-8 UA741CD,STANDARD,UNSPECIFIED,UNSPECIFIED,UNSPECIFIED,SMD,UNSPECIFIED,UNSPECIFIED,EE|IC|STANDARD|UNSPECIFIED|UNSPECIFIED|UNSPECIFIED|SMD|UNSPECIFIED|UNSPECIFIED,AUTO_MAPPED_TO_EXISTING_CNMC
CNMC-EE-PWR-000002,BHEL,EN7467031998,ELECTRICAL_AND_ELECTRONICS,POWER_CONVERTER,"POWER_CONVERTER, DC DC CONVERTER, PKG SMD",IC LIN CONVERTER V-TO-I XTR110KU | IC LIN SPL V/I CONVERTER 4-20MA  SMD | XTR110KU/BURR BROWN,IC LIN CONVERTER V-TO-I XTR110KU IC LIN SPL V/I CONVERTER 4-20MA SMD XTR110KU/BURR BROWN,DC_DC_CONVERTER,UNSPECIFIED,UNSPECIFIED,UNSPECIFIED,SMD,UNSPECIFIED,UNSPECIFIED,EE|PWR|DC_DC_CONVERTER|UNSPECIFIED|UNSPECIFIED|UNSPECIFIED|SMD|UNSPECIFIED|UNSPECIFIED,AUTO_MAPPED_TO_EXISTING_CNMC
CNMC-EE-IC-000079,BHEL,EN7467055986,ELECTRICAL_AND_ELECTRONICS,INTEGRATED_CIRCUIT,"INTEGRATED_CIRCUIT, OP AMP, PKG SMD","IC LIN AMPLIFIER ISOLATION ISO122U | IC LIN, SMD SO-28 ISOLATION AMPLIFIER | ISO122U/BURR BROWN",IC LIN AMPLIFIER ISOLATION ISO122U IC LIN SMD SO-28 ISOLATION AMPLIFIER ISO122U/BURR BROWN,OP_AMP,UNSPECIFIED,UNSPECIFIED,UNSPECIFIED,SMD,UNSPECIFIED,UNSPECIFIED,EE|IC|OP_AMP|UNSPECIFIED|UNSPECIFIED|UNSPECIFIED|SMD|UNSPECIFIED|UNSPECIFIED,AUTO_MAPPED_TO_EXISTING_CNMC
CNMC-EE-PWR-000001,BHEL,EN7467099622,ELECTRICAL_AND_ELECTRONICS,POWER_CONVERTER,"POWER_CONVERTER, DC DC CONVERTER",IC LIN DC/DC CONVERTER 15V | IC LIN DC-DC CNVRTR | I/P:48V O/P:15V 1.3A | TEN 20-4813WI,IC LIN DC/DC CONVERTER 15V IC LIN DC-DC CNVRTR I/P:48V O/P:15V 1.3A TEN 20-4813WI,DC_DC_CONVERTER,UNSPECIFIED,UNSPECIFIED,UNSPECIFIED,UNSPECIFIED,UNSPECIFIED,UNSPECIFIED,EE|PWR|DC_DC_CONVERTER|UNSPECIFIED|UNSPECIFIED|UNSPECIFIED|UNSPECIFIED|UNSPECIFIED|UNSPECIFIED,AUTO_MAPPED_TO_EXISTING_CNMC
CNMC-EE-IC-000001,BHEL,EN7467116950,ELECTRICAL_AND_ELECTRONICS,INTEGRATED_CIRCUIT,INTEGRATED_CIRCUIT,IC MEM NMS EPROM 8K*8 2764 | IC MEM EPROM 8K X 8 | MBM27C64-25Z,IC MEM NMS EPROM 8K 8 2764 IC MEM EPROM 8K X 8 MBM27C64-25Z,STANDARD,UNSPECIFIED,UNSPECIFIED,UNSPECIFIED,UNSPECIFIED,UNSPECIFIED,UNSPECIFIED,EE|IC|STANDARD|UNSPECIFIED|UNSPECIFIED|UNSPECIFIED|UNSPECIFIED|UNSPECIFIED|UNSPECIFIED,AUTO_MAPPED_TO_EXISTING_CNMC
CNMC-EE-IC-000001,BHEL,EN7467121997,ELECTRICAL_AND_ELECTRONICS,INTEGRATED_CIRCUIT,INTEGRATED_CIRCUIT,IC MEM MOS EEPROM 8K*8 2864 | IC MEM EEPROM NMOS | 250 NS 8K * 8 | X2864AP-25,IC MEM MOS EEPROM 8K 8 2864 IC MEM EEPROM NMOS 250 NS 8K 8 X2864AP-25,STANDARD,UNSPECIFIED,UNSPECIFIED,UNSPECIFIED,UNSPECIFIED,UNSPECIFIED,UNSPECIFIED,EE|IC|STANDARD|UNSPECIFIED|UNSPECIFIED|UNSPECIFIED|UNSPECIFIED|UNSPECIFIED|UNSPECIFIED,AUTO_MAPPED_TO_EXISTING_CNMC
CNMC-EE-IC-000006,BHEL,EN7467141645,ELECTRICAL_AND_ELECTRONICS,INTEGRATED_CIRCUIT,"INTEGRATED_CIRCUIT, PKG SMD",IC EPLD CMS 640 PRODUCT TERMS 7128 | IC EPLD CMD 640 PRODUCT TERMS 7128 SMD | Date-code to be made available along with the item,IC EPLD CMS 640 PRODUCT TERMS 7128 IC EPLD CMD 640 PRODUCT TERMS 7128 SMD,STANDARD,UNSPECIFIED,UNSPECIFIED,UNSPECIFIED,SMD,UNSPECIFIED,UNSPECIFIED,EE|IC|STANDARD|UNSPECIFIED|UNSPECIFIED|UNSPECIFIED|SMD|UNSPECIFIED|UNSPECIFIED,AUTO_MAPPED_TO_EXISTING_CNMC
CNMC-EE-IC-000127,BHEL,EN7467203934,ELECTRICAL_AND_ELECTRONICS,INTEGRATED_CIRCUIT,"INTEGRATED_CIRCUIT, 74HCT241",IC IF HCMS OCT BUFFER 74HCT241 | IC IF OCTAL BUFFER | LINE DRIVER | PC74HCT241P,IC IF HCMS OCT BUFFER 74HCT241 IC IF OCTAL BUFFER LINE DRIVER PC74HCT241P,STANDARD,74HCT241,UNSPECIFIED,UNSPECIFIED,UNSPECIFIED,UNSPECIFIED,UNSPECIFIED,EE|IC|STANDARD|74HCT241|UNSPECIFIED|UNSPECIFIED|UNSPECIFIED|UNSPECIFIED|UNSPECIFIED,AUTO_MAPPED_TO_EXISTING_CNMC
CNMC-EE-IC-000128,BHEL,EN7467215835,ELECTRICAL_AND_ELECTRONICS,INTEGRATED_CIRCUIT,"INTEGRATED_CIRCUIT, AD574AJN",IC IF ADC 12 BIT 574 | IC IF ADC | 12 BIT PDIP-28 | AD574AJN,IC IF ADC 12 BIT 574 IC IF ADC 12 BIT PDIP-28 AD574AJN,STANDARD,AD574AJN,UNSPECIFIED,UNSPECIFIED,UNSPECIFIED,UNSPECIFIED,UNSPECIFIED,EE|IC|STANDARD|AD574AJN|UNSPECIFIED|UNSPECIFIED|UNSPECIFIED|UNSPECIFIED|UNSPECIFIED,AUTO_MAPPED_TO_EXISTING_CNMC
CNMC-EE-PWR-000001,BHEL,EN7467215916,ELECTRICAL_AND_ELECTRONICS,POWER_CONVERTER,"POWER_CONVERTER, DC DC CONVERTER",IC IF DATA ACQUISITION SYSTEM 7891 | IC IF A/D CONVERTER | AD7891AP-1,IC IF DATA ACQUISITION SYSTEM 7891 IC IF A/D CONVERTER AD7891AP-1,DC_DC_CONVERTER,UNSPECIFIED,UNSPECIFIED,UNSPECIFIED,UNSPECIFIED,UNSPECIFIED,UNSPECIFIED,EE|PWR|DC_DC_CONVERTER|UNSPECIFIED|UNSPECIFIED|UNSPECIFIED|UNSPECIFIED|UNSPECIFIED|UNSPECIFIED,AUTO_MAPPED_TO_EXISTING_CNMC
CNMC-EE-IC-000129,BHEL,EN7467220987,ELECTRICAL_AND_ELECTRONICS,INTEGRATED_CIRCUIT,"INTEGRATED_CIRCUIT, OR GATE, AD7545BQ",IC IF DAC 12 BIT 7545 | IC IF D/A CONVERTOR | 12 BIT | AD7545BQ,IC IF DAC 12 BIT 7545 IC IF D/A CONVERTOR 12 BIT AD7545BQ,OR_GATE,AD7545BQ,UNSPECIFIED,UNSPECIFIED,UNSPECIFIED,UNSPECIFIED,UNSPECIFIED,EE|IC|OR_GATE|AD7545BQ|UNSPECIFIED|UNSPECIFIED|UNSPECIFIED|UNSPECIFIED|UNSPECIFIED,AUTO_MAPPED_TO_EXISTING_CNMC
CNMC-EE-IC-000001,BHEL,EN7467225938,ELECTRICAL_AND_ELECTRONICS,INTEGRATED_CIRCUIT,INTEGRATED_CIRCUIT,IC IF CMOS HEX LEVEL-SHIFT SO-16 4050BD,IC IF CMOS HEX LEVEL-SHIFT SO-16 4050BD,STANDARD,UNSPECIFIED,UNSPECIFIED,UNSPECIFIED,UNSPECIFIED,UNSPECIFIED,UNSPECIFIED,EE|IC|STANDARD|UNSPECIFIED|UNSPECIFIED|UNSPECIFIED|UNSPECIFIED|UNSPECIFIED|UNSPECIFIED,AUTO_MAPPED_TO_EXISTING_CNMC
CNMC-EE-IC-000130,BHEL,EN7467231873,ELECTRICAL_AND_ELECTRONICS,INTEGRATED_CIRCUIT,"INTEGRATED_CIRCUIT, OR GATE, 74HCT251",IC DGTL HCMS DATA SELECTOR 74HCT251 | IC IF 8 INPUT,IC DGTL HCMS DATA SELECTOR 74HCT251 IC IF 8 INPUT,OR_GATE,74HCT251,UNSPECIFIED,UNSPECIFIED,UNSPECIFIED,UNSPECIFIED,UNSPECIFIED,EE|IC|OR_GATE|74HCT251|UNSPECIFIED|UNSPECIFIED|UNSPECIFIED|UNSPECIFIED|UNSPECIFIED,AUTO_MAPPED_TO_EXISTING_CNMC
CNMC-EE-IC-000131,BHEL,EN7467231881,ELECTRICAL_AND_ELECTRONICS,INTEGRATED_CIRCUIT,"INTEGRATED_CIRCUIT, OR GATE, 74HC251, PKG SMD",IC DGTL HCMS DATA SELECTOR 74HC251 SMD | IC IF 8 INPUT | MULTIPLEXER SMD | MC74HC251D,IC DGTL HCMS DATA SELECTOR 74HC251 SMD IC IF 8 INPUT MULTIPLEXER SMD MC74HC251D,OR_GATE,74HC251,UNSPECIFIED,UNSPECIFIED,SMD,UNSPECIFIED,UNSPECIFIED,EE|IC|OR_GATE|74HC251|UNSPECIFIED|UNSPECIFIED|SMD|UNSPECIFIED|UNSPECIFIED,AUTO_MAPPED_TO_EXISTING_CNMC
CNMC-EE-IC-000132,BHEL,EN7467510888,ELECTRICAL_AND_ELECTRONICS,INTEGRATED_CIRCUIT,"INTEGRATED_CIRCUIT, AND GATE, MC14081BD, 14P, PKG SMD",IC DGTL CMS 2 I/P AND GATE 4081B SMD | IC DGTL AND GATE 14 PIN SMD CMOS | MC14081BD,IC DGTL CMS 2 I/P AND GATE 4081B SMD IC DGTL AND GATE 14 PIN SMD CMOS MC14081BD,AND_GATE,MC14081BD,UNSPECIFIED,UNSPECIFIED,SMD,14P,UNSPECIFIED,EE|IC|AND_GATE|MC14081BD|UNSPECIFIED|UNSPECIFIED|SMD|14P|UNSPECIFIED,AUTO_MAPPED_TO_EXISTING_CNMC
CNMC-EE-IC-000133,BHEL,EN7467514883,ELECTRICAL_AND_ELECTRONICS,INTEGRATED_CIRCUIT,"INTEGRATED_CIRCUIT, NAND GATE, MC14011BD, 14P, PKG SMD",IC DGTL CMS 2 I/P NAND GATE 4011B SMD | IC DGTL NAND GATE 14 PIN SMD CMOS | MC14011BD,IC DGTL CMS 2 I/P NAND GATE 4011B SMD IC DGTL NAND GATE 14 PIN SMD CMOS MC14011BD,NAND_GATE,MC14011BD,UNSPECIFIED,UNSPECIFIED,SMD,14P,UNSPECIFIED,EE|IC|NAND_GATE|MC14011BD|UNSPECIFIED|UNSPECIFIED|SMD|14P|UNSPECIFIED,AUTO_MAPPED_TO_EXISTING_CNMC
CNMC-EE-IC-000134,BHEL,EN7467519923,ELECTRICAL_AND_ELECTRONICS,INTEGRATED_CIRCUIT,"INTEGRATED_CIRCUIT, OR GATE, 74HC4078",IC DGTL HCMS 8 I/P OR/NOR GATE 74HC4078 | IC DIGITAL 8 I/P | NOR-OR GATE | MC74HC4078N,IC DGTL HCMS 8 I/P OR/NOR GATE 74HC4078 IC DIGITAL 8 I/P NOR-OR GATE MC74HC4078N,OR_GATE,74HC4078,UNSPECIFIED,UNSPECIFIED,UNSPECIFIED,UNSPECIFIED,UNSPECIFIED,EE|IC|OR_GATE|74HC4078|UNSPECIFIED|UNSPECIFIED|UNSPECIFIED|UNSPECIFIED|UNSPECIFIED,AUTO_MAPPED_TO_EXISTING_CNMC
CNMC-EE-IC-000135,BHEL,EN7467522991,ELECTRICAL_AND_ELECTRONICS,INTEGRATED_CIRCUIT,"INTEGRATED_CIRCUIT, OR GATE, 74HC7266, 14P",IC DGTL HCMS DUAL XNOR GATE 74HC7266 | IC DGTL QUAD 2 I/P | EX-NOR GATE 14 PIN,IC DGTL HCMS DUAL XNOR GATE 74HC7266 IC DGTL QUAD 2 I/P EX-NOR GATE 14 PIN,OR_GATE,74HC7266,UNSPECIFIED,UNSPECIFIED,UNSPECIFIED,14P,UNSPECIFIED,EE|IC|OR_GATE|74HC7266|UNSPECIFIED|UNSPECIFIED|UNSPECIFIED|14P|UNSPECIFIED,AUTO_MAPPED_TO_EXISTING_CNMC
CNMC-EE-IC-000136,BHEL,EN7467531923,ELECTRICAL_AND_ELECTRONICS,INTEGRATED_CIRCUIT,"INTEGRATED_CIRCUIT, 74HC259, PKG SMD",IC DGTL TTL ADDRSBLE LATCH 74HC259 SMD | IC DGTL 8BIT ADDRSBL | LATCH SMD | MC74HC259D,IC DGTL TTL ADDRSBLE LATCH 74HC259 SMD IC DGTL 8BIT ADDRSBL LATCH SMD MC74HC259D,STANDARD,74HC259,UNSPECIFIED,UNSPECIFIED,SMD,UNSPECIFIED,UNSPECIFIED,EE|IC|STANDARD|74HC259|UNSPECIFIED|UNSPECIFIED|SMD|UNSPECIFIED|UNSPECIFIED,AUTO_MAPPED_TO_EXISTING_CNMC
CNMC-EE-IC-000137,BHEL,EN7467531940,ELECTRICAL_AND_ELECTRONICS,INTEGRATED_CIRCUIT,"INTEGRATED_CIRCUIT, 74HC373, PKG SMD",IC DGTL HCMS OCT D-LATCH 74HC373 SMD | IC DGTL SMD OCTAL | TRANSPARENT LATCH | MC74HC373ADW,IC DGTL HCMS OCT D-LATCH 74HC373 SMD IC DGTL SMD OCTAL TRANSPARENT LATCH MC74HC373ADW,STANDARD,74HC373,UNSPECIFIED,UNSPECIFIED,SMD,UNSPECIFIED,UNSPECIFIED,EE|IC|STANDARD|74HC373|UNSPECIFIED|UNSPECIFIED|SMD|UNSPECIFIED|UNSPECIFIED,AUTO_MAPPED_TO_EXISTING_CNMC
CNMC-EE-IC-000138,BHEL,EN7467541910,ELECTRICAL_AND_ELECTRONICS,INTEGRATED_CIRCUIT,"INTEGRATED_CIRCUIT, 74HC4020",IC DGTL HCMS 14 BIT BINARY CNTR 74HC4020 | IC DGTL HCMOS 14-ST | BNRY RPL CONTR SOP | PC74HC4020T,IC DGTL HCMS 14 BIT BINARY CNTR 74HC4020 IC DGTL HCMOS 14-ST BNRY RPL CONTR SOP PC74HC4020T,STANDARD,74HC4020,UNSPECIFIED,UNSPECIFIED,UNSPECIFIED,UNSPECIFIED,UNSPECIFIED,EE|IC|STANDARD|74HC4020|UNSPECIFIED|UNSPECIFIED|UNSPECIFIED|UNSPECIFIED|UNSPECIFIED,AUTO_MAPPED_TO_EXISTING_CNMC
CNMC-EE-IC-000075,BHEL,EN7467601921,ELECTRICAL_AND_ELECTRONICS,INTEGRATED_CIRCUIT,"INTEGRATED_CIRCUIT, OR GATE, PKG SMD",IC MP MOS MICROPROCESSOR 16 BIT 80286 | IC UP HIGH-SPEED | CMOS 80286 | N80C286-12 | SMD,IC MP MOS MICROPROCESSOR 16 BIT 80286 IC UP HIGH-SPEED CMOS 80286 N80C286-12 SMD,OR_GATE,UNSPECIFIED,UNSPECIFIED,UNSPECIFIED,SMD,UNSPECIFIED,UNSPECIFIED,EE|IC|OR_GATE|UNSPECIFIED|UNSPECIFIED|UNSPECIFIED|SMD|UNSPECIFIED|UNSPECIFIED,AUTO_MAPPED_TO_EXISTING_CNMC
CNMC-EE-IC-000030,BHEL,EN7467632886,ELECTRICAL_AND_ELECTRONICS,INTEGRATED_CIRCUIT,"INTEGRATED_CIRCUIT, OR GATE",IC MP PROGRAMBL INTRVL TIMR P82C54-2N | IC MICROPROCESSOR | PROGRAMMABLE INTERVAL TIMER | P82C54-2N,IC MP PROGRAMBL INTRVL TIMR P82C54-2N IC MICROPROCESSOR PROGRAMMABLE INTERVAL TIMER P82C54-2N,OR_GATE,UNSPECIFIED,UNSPECIFIED,UNSPECIFIED,UNSPECIFIED,UNSPECIFIED,UNSPECIFIED,EE|IC|OR_GATE|UNSPECIFIED|UNSPECIFIED|UNSPECIFIED|UNSPECIFIED|UNSPECIFIED|UNSPECIFIED,AUTO_MAPPED_TO_EXISTING_CNMC
CNMC-EE-IC-000030,BHEL,EN7467632983,ELECTRICAL_AND_ELECTRONICS,INTEGRATED_CIRCUIT,"INTEGRATED_CIRCUIT, OR GATE",IC IF MOS PERIPHRL INTERFACE 9901 | IC MP PROGRAMMABLE SYSTEM INTERFACE | TMS9901JL | ICS TO BE 100% INSPECTED FOR FUNCTION- | ALITY. DEFECTIVE ICS TO BE REPLACED BY | THE VENDOR.,IC IF MOS PERIPHRL INTERFACE 9901 IC MP PROGRAMMABLE SYSTEM INTERFACE TMS9901JL ICS TO BE 100% INSPECTED FOR FUNCTION- ALITY. DEFECTIVE ICS TO BE REPLACED BY THE VENDOR.,OR_GATE,UNSPECIFIED,UNSPECIFIED,UNSPECIFIED,UNSPECIFIED,UNSPECIFIED,UNSPECIFIED,EE|IC|OR_GATE|UNSPECIFIED|UNSPECIFIED|UNSPECIFIED|UNSPECIFIED|UNSPECIFIED|UNSPECIFIED,AUTO_MAPPED_TO_EXISTING_CNMC
CNMC-EE-IC-000001,BHEL,EN7467632991,ELECTRICAL_AND_ELECTRONICS,INTEGRATED_CIRCUIT,INTEGRATED_CIRCUIT,IC MP PROGRAMMABLE INTERVAL TIMER 82C54 | IC MP PROGRAMMABLE | INTERVAL TIMER | P82C54,IC MP PROGRAMMABLE INTERVAL TIMER 82C54 IC MP PROGRAMMABLE INTERVAL TIMER P82C54,STANDARD,UNSPECIFIED,UNSPECIFIED,UNSPECIFIED,UNSPECIFIED,UNSPECIFIED,UNSPECIFIED,EE|IC|STANDARD|UNSPECIFIED|UNSPECIFIED|UNSPECIFIED|UNSPECIFIED|UNSPECIFIED|UNSPECIFIED,AUTO_MAPPED_TO_EXISTING_CNMC
CNMC-EE-SEMI-000004,BHEL,EN7468047898,ELECTRICAL_AND_ELECTRONICS,SEMICONDUCTOR,"SEMICONDUCTOR, PKG DIP",OPTOCOUPLER DUAL  MCT6  DIP-8 | DUAL PHOTOTRANSISTOR MCT6,OPTOCOUPLER DUAL MCT6 DIP-8 DUAL PHOTOTRANSISTOR MCT6,STANDARD,UNSPECIFIED,UNSPECIFIED,UNSPECIFIED,DIP,UNSPECIFIED,UNSPECIFIED,EE|SEMI|STANDARD|UNSPECIFIED|UNSPECIFIED|UNSPECIFIED|DIP|UNSPECIFIED|UNSPECIFIED,AUTO_MAPPED_TO_EXISTING_CNMC
CNMC-EE-IC-000030,BHEL,EN7470198962,ELECTRICAL_AND_ELECTRONICS,INTEGRATED_CIRCUIT,"INTEGRATED_CIRCUIT, OR GATE",PC/104 + 2 Ethernet + 24 DGTL I/O | MERCATOR II 2X2 QUAD 10/100 ETHERNET + 24 GPIO | MRC-424-XT REV A | DATE CODE OF THE ITEM TO BE WITHIN 1 YR | FROM INVOICE DATE. | SUPPLIED ITEMS TO BE COVERED UNDER 2 YEARS | WARRANTY FROM INVOICE DATE. | OEM COC AND WARRANTY CERTIFICATE TO BE | SUBMITTED WITH THE MATERIAL SUPPLY.,PC/104 + 2 ETHERNET + 24 DGTL I/O MERCATOR II 2X2 QUAD 10/100 ETHERNET + 24 GPIO MRC-424-XT REV A,OR_GATE,UNSPECIFIED,UNSPECIFIED,UNSPECIFIED,UNSPECIFIED,UNSPECIFIED,UNSPECIFIED,EE|IC|OR_GATE|UNSPECIFIED|UNSPECIFIED|UNSPECIFIED|UNSPECIFIED|UNSPECIFIED|UNSPECIFIED,AUTO_MAPPED_TO_EXISTING_CNMC
CNMC-EE-MOD-000005,BHEL,EN7470198970,ELECTRICAL_AND_ELECTRONICS,ELECTRONIC_MODULE,"ELECTRONIC_MODULE, 96P","PC 104 Compatible 96 DI/O | FPGA I/O ,96 PIN DIGITAL I/O PC/104 MODULE | GPIO-MM-21-XT REV B | DATE CODE OF THE ITEM TO BE WITHIN 1 YR",PC 104 COMPATIBLE 96 DI/O FPGA I/O 96 PIN DIGITAL I/O PC/104 MODULE GPIO-MM-21-XT REV B,STANDARD,UNSPECIFIED,UNSPECIFIED,UNSPECIFIED,UNSPECIFIED,96P,UNSPECIFIED,EE|MOD|STANDARD|UNSPECIFIED|UNSPECIFIED|UNSPECIFIED|UNSPECIFIED|96P|UNSPECIFIED,AUTO_MAPPED_TO_EXISTING_CNMC
CNMC-EE-RES-000001,BHEL,CN9060083083,ELECTRICAL_AND_ELECTRONICS,RESISTOR,"RESISTOR, CARBON OR CERAMIC, 39R, 1W",RES CRBN FLM 39R 2% 1W | RESISTOR | CARBON FILM | 39R 2% 1W,RESISTOR CRBN FLM 39R 2% 1W RESISTOR CARBON FILM 39R 2% 1W,CARBON_OR_CERAMIC,39R,1W,UNSPECIFIED,UNSPECIFIED,UNSPECIFIED,UNSPECIFIED,EE|RES|CARBON_OR_CERAMIC|39R|1W|UNSPECIFIED|UNSPECIFIED|UNSPECIFIED|UNSPECIFIED,AUTO_MAPPED_TO_EXISTING_CNMC
CNMC-EE-RES-000002,BHEL,CN9060083156,ELECTRICAL_AND_ELECTRONICS,RESISTOR,"RESISTOR, CARBON OR CERAMIC, 150R, 1W",RES CRBN FLM 150R 2% 1W | RESISTOR | CARBON FILM | 150R 2% 1W,RESISTOR CRBN FLM 150R 2% 1W RESISTOR CARBON FILM 150R 2% 1W,CARBON_OR_CERAMIC,150R,1W,UNSPECIFIED,UNSPECIFIED,UNSPECIFIED,UNSPECIFIED,EE|RES|CARBON_OR_CERAMIC|150R|1W|UNSPECIFIED|UNSPECIFIED|UNSPECIFIED|UNSPECIFIED,AUTO_MAPPED_TO_EXISTING_CNMC
CNMC-EE-RES-000003,BHEL,CN9060083164,ELECTRICAL_AND_ELECTRONICS,RESISTOR,"RESISTOR, CARBON OR CERAMIC, 180R, 1W",RES CRBN FLM 180R 2% 1W | RESISTOR | CARBON FILM | 180R 2% 1W,RESISTOR CRBN FLM 180R 2% 1W RESISTOR CARBON FILM 180R 2% 1W,CARBON_OR_CERAMIC,180R,1W,UNSPECIFIED,UNSPECIFIED,UNSPECIFIED,UNSPECIFIED,EE|RES|CARBON_OR_CERAMIC|180R|1W|UNSPECIFIED|UNSPECIFIED|UNSPECIFIED|UNSPECIFIED,AUTO_MAPPED_TO_EXISTING_CNMC
CNMC-EE-RES-000004,BHEL,CN9060083180,ELECTRICAL_AND_ELECTRONICS,RESISTOR,"RESISTOR, CARBON OR CERAMIC, 220R, 1W, PKG AXIAL",RES CRBN FLM 220R 2% 1W | RESISTOR CARBON FILM 220R 2% 1W | Technical Specifications | Maximum working voltage: 350V | Resistance: 220 Ohms | Mounting: Axial Leaded | Type: Carbon Film Resistor | Tolerance: +/- 2% | Power: 1 Watt | Maximum Over Load Voltage: 700V | Operating Temperature Range: 0°C to 70°C,RESISTOR CRBN FLM 220R 2% 1W RESISTOR CARBON FILM 220R 2% 1W TECHNICAL SPECIFICATIONS MAXIMUM WORKING VOLTAGE: 350V RESISTANCE: 220 OHMS MOUNTING: AXIAL LEADED FILM RESISTOR TOLERANCE: +/- 2% POWER: 1W MAXIMUM OVER LOAD VOLTAGE: 700V OPERATING TEMPERATURE RANGE: 0 C TO 70 C,CARBON_OR_CERAMIC,220R,1W,UNSPECIFIED,AXIAL,UNSPECIFIED,UNSPECIFIED,EE|RES|CARBON_OR_CERAMIC|220R|1W|UNSPECIFIED|AXIAL|UNSPECIFIED|UNSPECIFIED,AUTO_MAPPED_TO_EXISTING_CNMC
CNMC-EE-RES-000005,BHEL,CN9060083202,ELECTRICAL_AND_ELECTRONICS,RESISTOR,"RESISTOR, CARBON OR CERAMIC, 270R, 1W, PKG AXIAL",RES CRBN FLM 270R 2% 1W | RESISTOR CARBON FILM 270R 2% 1W | Technical Specifications | Maximum working voltage: 350V | Resistance: 270 Ohms | Mounting: Axial Leaded | Type: Carbon Film Resistor | Tolerance: +/- 2% | Power: 1 Watt | Maximum Over Load Voltage: 700V | Operating Temperature Range: 0°C to 70°C,RESISTOR CRBN FLM 270R 2% 1W RESISTOR CARBON FILM 270R 2% 1W TECHNICAL SPECIFICATIONS MAXIMUM WORKING VOLTAGE: 350V RESISTANCE: 270 OHMS MOUNTING: AXIAL LEADED FILM RESISTOR TOLERANCE: +/- 2% POWER: 1W MAXIMUM OVER LOAD VOLTAGE: 700V OPERATING TEMPERATURE RANGE: 0 C TO 70 C,CARBON_OR_CERAMIC,270R,1W,UNSPECIFIED,AXIAL,UNSPECIFIED,UNSPECIFIED,EE|RES|CARBON_OR_CERAMIC|270R|1W|UNSPECIFIED|AXIAL|UNSPECIFIED|UNSPECIFIED,AUTO_MAPPED_TO_EXISTING_CNMC
CNMC-EE-RES-000006,BHEL,CN9060083253,ELECTRICAL_AND_ELECTRONICS,RESISTOR,"RESISTOR, CARBON OR CERAMIC, 470R, 1W, PKG AXIAL",RES CRBN FLM 470R 2% 1W | RESISTOR CARBON FILM 470R 2% 1W | Technical Specifications | Maximum working voltage: 350V | Resistance: 470 Ohms | Mounting: Axial Leaded | Type: Carbon Film Resistor | Tolerance: +/- 2% | Power: 1 Watt | Maximum Over Load Voltage: 700V | Operating Temperature Range: 0°C to 70°C,RESISTOR CRBN FLM 470R 2% 1W RESISTOR CARBON FILM 470R 2% 1W TECHNICAL SPECIFICATIONS MAXIMUM WORKING VOLTAGE: 350V RESISTANCE: 470 OHMS MOUNTING: AXIAL LEADED FILM RESISTOR TOLERANCE: +/- 2% POWER: 1W MAXIMUM OVER LOAD VOLTAGE: 700V OPERATING TEMPERATURE RANGE: 0 C TO 70 C,CARBON_OR_CERAMIC,470R,1W,UNSPECIFIED,AXIAL,UNSPECIFIED,UNSPECIFIED,EE|RES|CARBON_OR_CERAMIC|470R|1W|UNSPECIFIED|AXIAL|UNSPECIFIED|UNSPECIFIED,AUTO_MAPPED_TO_EXISTING_CNMC
CNMC-EE-RES-000007,BHEL,CN9060083270,ELECTRICAL_AND_ELECTRONICS,RESISTOR,"RESISTOR, CARBON OR CERAMIC, 560R, 1W",RES CRBN FLM 560R 2% 1W | RESISTOR CARBON FILM 560R 2% 1W | Technical Specifications,RESISTOR CRBN FLM 560R 2% 1W RESISTOR CARBON FILM 560R 2% 1W TECHNICAL SPECIFICATIONS,CARBON_OR_CERAMIC,560R,1W,UNSPECIFIED,UNSPECIFIED,UNSPECIFIED,UNSPECIFIED,EE|RES|CARBON_OR_CERAMIC|560R|1W|UNSPECIFIED|UNSPECIFIED|UNSPECIFIED|UNSPECIFIED,AUTO_MAPPED_TO_EXISTING_CNMC
CNMC-EE-RES-000008,BHEL,CN9060083288,ELECTRICAL_AND_ELECTRONICS,RESISTOR,"RESISTOR, CARBON OR CERAMIC, 680R, 1W, PKG AXIAL",RES CRBN FLM 680R 2% 1W | RESISTOR CARBON FILM 680R 2% 1W | Technical Specifications | Maximum working voltage: 350V | Resistance: 680 Ohms | Mounting: Axial Leaded | Type: Carbon Film Resistor | Tolerance: +/- 2% | Power: 1 Watt | Maximum Over Load Voltage: 700V | Operating Temperature Range: 0°C to 70°C,RESISTOR CRBN FLM 680R 2% 1W RESISTOR CARBON FILM 680R 2% 1W TECHNICAL SPECIFICATIONS MAXIMUM WORKING VOLTAGE: 350V RESISTANCE: 680 OHMS MOUNTING: AXIAL LEADED FILM RESISTOR TOLERANCE: +/- 2% POWER: 1W MAXIMUM OVER LOAD VOLTAGE: 700V OPERATING TEMPERATURE RANGE: 0 C TO 70 C,CARBON_OR_CERAMIC,680R,1W,UNSPECIFIED,AXIAL,UNSPECIFIED,UNSPECIFIED,EE|RES|CARBON_OR_CERAMIC|680R|1W|UNSPECIFIED|AXIAL|UNSPECIFIED|UNSPECIFIED,AUTO_MAPPED_TO_EXISTING_CNMC
CNMC-EE-RES-000009,BHEL,CN9060083296,ELECTRICAL_AND_ELECTRONICS,RESISTOR,"RESISTOR, CARBON OR CERAMIC, 820R, 1W, PKG AXIAL",RES CRBN FLM 820R 2% 1W | RESISTOR CARBON FILM 820R 2% 1W | Technical Specifications | Maximum working voltage: 350V | Resistance: 820 Ohms | Mounting: Axial Leaded | Type: Carbon Film Resistor,RESISTOR CRBN FLM 820R 2% 1W RESISTOR CARBON FILM 820R 2% 1W TECHNICAL SPECIFICATIONS MAXIMUM WORKING VOLTAGE: 350V RESISTANCE: 820 OHMS MOUNTING: AXIAL LEADED FILM RESISTOR,CARBON_OR_CERAMIC,820R,1W,UNSPECIFIED,AXIAL,UNSPECIFIED,UNSPECIFIED,EE|RES|CARBON_OR_CERAMIC|820R|1W|UNSPECIFIED|AXIAL|UNSPECIFIED|UNSPECIFIED,AUTO_MAPPED_TO_EXISTING_CNMC
CNMC-EE-RES-000010,BHEL,CN9060083318,ELECTRICAL_AND_ELECTRONICS,RESISTOR,"RESISTOR, CARBON OR CERAMIC, 1.2K, 1W, PKG AXIAL",RES CRBN FLM 1.2K 2% 1W | RESISTOR CARBON FILM 1.2K 2% 1W | Technical Specifications | Maximum working voltage: 350V | Resistance: 1.2 KOhms | Mounting: Axial Leaded | Type: Carbon Film Resistor | Tolerance: +/- 2% | Power: 1 Watt | Maximum Over Load Voltage: 700V | Operating Temperature Range: 0°C to 70°C,RESISTOR CRBN FLM 1.2K 2% 1W RESISTOR CARBON FILM 1.2K 2% 1W TECHNICAL SPECIFICATIONS MAXIMUM WORKING VOLTAGE: 350V RESISTANCE: 1.2 KOHMS MOUNTING: AXIAL LEADED FILM RESISTOR TOLERANCE: +/- 2% POWER: 1W MAXIMUM OVER LOAD VOLTAGE: 700V OPERATING TEMPERATURE RANGE: 0 C TO 70 C,CARBON_OR_CERAMIC,1.2K,1W,UNSPECIFIED,AXIAL,UNSPECIFIED,UNSPECIFIED,EE|RES|CARBON_OR_CERAMIC|1.2K|1W|UNSPECIFIED|AXIAL|UNSPECIFIED|UNSPECIFIED,AUTO_MAPPED_TO_EXISTING_CNMC
CNMC-EE-RES-000011,BHEL,CN9060083393,ELECTRICAL_AND_ELECTRONICS,RESISTOR,"RESISTOR, CARBON OR CERAMIC, 3.9K, 1W",RES CRBN FLM 3.9K 2% 1W | RESISTOR | CARBON FILM | 3.9K 2% 1W,RESISTOR CRBN FLM 3.9K 2% 1W RESISTOR CARBON FILM 3.9K 2% 1W,CARBON_OR_CERAMIC,3.9K,1W,UNSPECIFIED,UNSPECIFIED,UNSPECIFIED,UNSPECIFIED,EE|RES|CARBON_OR_CERAMIC|3.9K|1W|UNSPECIFIED|UNSPECIFIED|UNSPECIFIED|UNSPECIFIED,AUTO_MAPPED_TO_EXISTING_CNMC
CNMC-EE-RES-000012,BHEL,CN9060083415,ELECTRICAL_AND_ELECTRONICS,RESISTOR,"RESISTOR, CARBON OR CERAMIC, 4.7K, 1W",RES CRBN FLM 4.7K 2% 1W | RESISTOR | CARBON FILM,RESISTOR CRBN FLM 4.7K 2% 1W RESISTOR CARBON FILM,CARBON_OR_CERAMIC,4.7K,1W,UNSPECIFIED,UNSPECIFIED,UNSPECIFIED,UNSPECIFIED,EE|RES|CARBON_OR_CERAMIC|4.7K|1W|UNSPECIFIED|UNSPECIFIED|UNSPECIFIED|UNSPECIFIED,AUTO_MAPPED_TO_EXISTING_CNMC
CNMC-EE-RES-000013,BHEL,CN9060086279,ELECTRICAL_AND_ELECTRONICS,RESISTOR,"RESISTOR, 1K, 1W",RES CRBN FLM 1K 2% 1W | RES CRBN FLM 1W  2% 1K HCA0207,RESISTOR CRBN FLM 1K 2% 1W RESISTOR CRBN FLM 1W 2% 1K HCA0207,STANDARD,1K,1W,UNSPECIFIED,UNSPECIFIED,UNSPECIFIED,UNSPECIFIED,EE|RES|STANDARD|1K|1W|UNSPECIFIED|UNSPECIFIED|UNSPECIFIED|UNSPECIFIED,AUTO_MAPPED_TO_EXISTING_CNMC
CNMC-EE-RES-000014,BHEL,CN9060267214,ELECTRICAL_AND_ELECTRONICS,RESISTOR,"RESISTOR, 330R, 2W","RES MTL OXD 330R 2% 2W 300PPM | RES MTL OXD 2W 2% 330R, 300PPM | SXA0617",RESISTOR METAL_OXIDE 330R 2% 2W 300PPM RESISTOR METAL_OXIDE 2W 2% 330R 300PPM SXA0617,STANDARD,330R,2W,UNSPECIFIED,UNSPECIFIED,UNSPECIFIED,UNSPECIFIED,EE|RES|STANDARD|330R|2W|UNSPECIFIED|UNSPECIFIED|UNSPECIFIED|UNSPECIFIED,AUTO_MAPPED_TO_EXISTING_CNMC
CNMC-EE-RES-000015,BHEL,CN9060267311,ELECTRICAL_AND_ELECTRONICS,RESISTOR,"RESISTOR, 1K, 2W",RES MTL OXD 1K 2% 2W 200PPM | RES MTL OXD 2W 2% | 1K | SXA0617,RESISTOR METAL_OXIDE 1K 2% 2W 200PPM RESISTOR METAL_OXIDE 2W 2% 1K SXA0617,STANDARD,1K,2W,UNSPECIFIED,UNSPECIFIED,UNSPECIFIED,UNSPECIFIED,EE|RES|STANDARD|1K|2W|UNSPECIFIED|UNSPECIFIED|UNSPECIFIED|UNSPECIFIED,AUTO_MAPPED_TO_EXISTING_CNMC
CNMC-EE-RES-000016,BHEL,CN9060267354,ELECTRICAL_AND_ELECTRONICS,RESISTOR,"RESISTOR, 1.5K, 2W",RES MTL OXD 1.5K 2% 2W 200PPM | RES MTL OXD 2W 2% | 1.5K | SXA0617,RESISTOR METAL_OXIDE 1.5K 2% 2W 200PPM RESISTOR METAL_OXIDE 2W 2% 1.5K SXA0617,STANDARD,1.5K,2W,UNSPECIFIED,UNSPECIFIED,UNSPECIFIED,UNSPECIFIED,EE|RES|STANDARD|1.5K|2W|UNSPECIFIED|UNSPECIFIED|UNSPECIFIED|UNSPECIFIED,AUTO_MAPPED_TO_EXISTING_CNMC
CNMC-EE-RES-000017,BHEL,CN9060301110,ELECTRICAL_AND_ELECTRONICS,RESISTOR,"RESISTOR, 220R, 0.25W, TOL 5%, PKG SMD",RES CHIP SMD 220R 5% 0.25W BL/5K | RES SMD CERMET 220R | 0.25W 5%MCR18EZHJ221 | BLISTER TAPE 4MM/5K,RESISTOR CHIP SMD 220R 5% 0.25W BL/5K RESISTOR SMD CERMET 220R 0.25W 5%MCR18EZHJ221 BLISTER TAPE 4MM/5K,STANDARD,220R,0.25W,5%,SMD,UNSPECIFIED,UNSPECIFIED,EE|RES|STANDARD|220R|0.25W|5%|SMD|UNSPECIFIED|UNSPECIFIED,AUTO_MAPPED_TO_EXISTING_CNMC
CNMC-EE-RES-000018,BHEL,CN9060301200,ELECTRICAL_AND_ELECTRONICS,RESISTOR,"RESISTOR, 1K, 0.25W, TOL 5%, PKG SMD",RES CHIP SMD 1K 5% 0.25W BL/5K | RES SMD CERMET 1K | 0.25W 5%MCR18EZHJ102 | BLISTER TAPE 4MM/5K,RESISTOR CHIP SMD 1K 5% 0.25W BL/5K RESISTOR SMD CERMET 1K 0.25W 5%MCR18EZHJ102 BLISTER TAPE 4MM/5K,STANDARD,1K,0.25W,5%,SMD,UNSPECIFIED,UNSPECIFIED,EE|RES|STANDARD|1K|0.25W|5%|SMD|UNSPECIFIED|UNSPECIFIED,AUTO_MAPPED_TO_EXISTING_CNMC
CNMC-EE-RES-000019,BHEL,CN9060481070,ELECTRICAL_AND_ELECTRONICS,RESISTOR,"RESISTOR, WIREWOUND, 10R, 13W","RESISTOR WW 10R 200PPM;5%;13W | RESISTOR WW 10R 200PPM,5%,13W G206",RESISTOR WIREWOUND 10R 200PPM 5% 13W RESISTOR WIREWOUND 10R 200PPM 5% 13W G206,WIREWOUND,10R,13W,UNSPECIFIED,UNSPECIFIED,UNSPECIFIED,UNSPECIFIED,EE|RES|WIREWOUND|10R|13W|UNSPECIFIED|UNSPECIFIED|UNSPECIFIED|UNSPECIFIED,AUTO_MAPPED_TO_EXISTING_CNMC
CNMC-EE-RES-000020,BHEL,CN9066564148,ELECTRICAL_AND_ELECTRONICS,RESISTOR,"RESISTOR, 270R, 0.19W",RES NW 9 X 270R 5% 0.19W/E 250PPM | RES NETWORK 0.19W/E | 9 X 270R 5% 250PPM | MSP10A01-271G,RESISTOR NW 9 X 270R 5% 0.19W/E 250PPM RESISTOR NETWORK 0.19W/E 9 X 270R 5% 250PPM MSP10A01-271G,STANDARD,270R,0.19W,UNSPECIFIED,UNSPECIFIED,UNSPECIFIED,UNSPECIFIED,EE|RES|STANDARD|270R|0.19W|UNSPECIFIED|UNSPECIFIED|UNSPECIFIED|UNSPECIFIED,AUTO_MAPPED_TO_EXISTING_CNMC
CNMC-EE-RES-000021,BHEL,CN9066564318,ELECTRICAL_AND_ELECTRONICS,RESISTOR,"RESISTOR, 4.7K, 0.19W",RES NW 9 X 4.7K 5% 0.19W/E 250PPM | RES NETWORK 0.19W/E | 9 X 4.7K 5% 250PPM | MSP10A01-472G,RESISTOR NW 9 X 4.7K 5% 0.19W/E 250PPM RESISTOR NETWORK 0.19W/E 9 X 4.7K 5% 250PPM MSP10A01-472G,STANDARD,4.7K,0.19W,UNSPECIFIED,UNSPECIFIED,UNSPECIFIED,UNSPECIFIED,EE|RES|STANDARD|4.7K|0.19W|UNSPECIFIED|UNSPECIFIED|UNSPECIFIED|UNSPECIFIED,AUTO_MAPPED_TO_EXISTING_CNMC
CNMC-EE-RES-000022,BHEL,CN9066565365,ELECTRICAL_AND_ELECTRONICS,RESISTOR,"RESISTOR, 10K, 0.125W",RES NW 9 X 10K 5% 0.125W/E 250PPM | RES NETWORK 0.125W/E | 9 X 10K 5% 250PPM | WIE7510103JR,RESISTOR NW 9 X 10K 5% 0.125W/E 250PPM RESISTOR NETWORK 0.125W/E 9 X 10K 5% 250PPM WIE7510103JR,STANDARD,10K,0.125W,UNSPECIFIED,UNSPECIFIED,UNSPECIFIED,UNSPECIFIED,EE|RES|STANDARD|10K|0.125W|UNSPECIFIED|UNSPECIFIED|UNSPECIFIED|UNSPECIFIED,AUTO_MAPPED_TO_EXISTING_CNMC
CNMC-EE-RES-000023,BHEL,CN9066570032,ELECTRICAL_AND_ELECTRONICS,RESISTOR,"RESISTOR, 1K, 0.125W",RES NW 9 X 1K 5% 0.125W/E 250PPM | RES NETWORK 0.125W/E | 9 X 1K 5% 250PPM | WIE7510102JR,RESISTOR NW 9 X 1K 5% 0.125W/E 250PPM RESISTOR NETWORK 0.125W/E 9 X 1K 5% 250PPM WIE7510102JR,STANDARD,1K,0.125W,UNSPECIFIED,UNSPECIFIED,UNSPECIFIED,UNSPECIFIED,EE|RES|STANDARD|1K|0.125W|UNSPECIFIED|UNSPECIFIED|UNSPECIFIED|UNSPECIFIED,AUTO_MAPPED_TO_EXISTING_CNMC
CNMC-EE-RES-000024,BHEL,CN9066580267,ELECTRICAL_AND_ELECTRONICS,RESISTOR,"RESISTOR, 10K, 0.1W",RES NW 8 X 10K 5% 0.1W/E 250PPM | RES NETWORK 0.1W/E | 8 X 10K 5% 250PPM | CSL9-01-10KJ,RESISTOR NW 8 X 10K 5% 0.1W/E 250PPM RESISTOR NETWORK 0.1W/E 8 X 10K 5% 250PPM CSL9-01-10KJ,STANDARD,10K,0.1W,UNSPECIFIED,UNSPECIFIED,UNSPECIFIED,UNSPECIFIED,EE|RES|STANDARD|10K|0.1W|UNSPECIFIED|UNSPECIFIED|UNSPECIFIED|UNSPECIFIED,AUTO_MAPPED_TO_EXISTING_CNMC
CNMC-GN-GEN-000001,BHEL,CN9074703011,GENERAL_MATERIALS,GENERAL_MATERIAL,GENERAL_MATERIAL,TRFMR POT EL42  HENS315531R1 | TRFMR POT EL42 | HENS315531R1,TRFMR POT EL42 HENS315531R1 TRFMR POT EL42 HENS315531R1,STANDARD,UNSPECIFIED,UNSPECIFIED,UNSPECIFIED,UNSPECIFIED,UNSPECIFIED,UNSPECIFIED,GN|GEN|STANDARD|UNSPECIFIED|UNSPECIFIED|UNSPECIFIED|UNSPECIFIED|UNSPECIFIED|UNSPECIFIED,AUTO_MAPPED_TO_EXISTING_CNMC
CNMC-EE-REL-000005,BHEL,CN9076364044,ELECTRICAL_AND_ELECTRONICS,RELAY,"RELAY, COIL_24VDC, CONTACT_8A",RELAY 24VDC I C/0V | RATED SWITCHING VOLTAGE: 240VAC | CONTACT RATING: 8A | SIEMENS REF1: V23057-A006-A201 | SIEMENS REF2: V23127-A006-A201,RELAY 24VDC I C/0V RATED SWITCHING VOLTAGE: 240VAC CONTACT RATING: 8A,STANDARD,COIL_24VDC,CONTACT_8A,UNSPECIFIED,UNSPECIFIED,UNSPECIFIED,UNSPECIFIED,EE|REL|STANDARD|COIL_24VDC|CONTACT_8A|UNSPECIFIED|UNSPECIFIED|UNSPECIFIED|UNSPECIFIED,AUTO_MAPPED_TO_EXISTING_CNMC
CNMC-EE-REL-000006,BHEL,CN9076384037,ELECTRICAL_AND_ELECTRONICS,RELAY,"RELAY, COIL_250VAC, CONTACT_5A",RELAY 5A 250VAC/300VDC 2C/0 | 24VDCV23037- | RELAY 5A 250VAC/300V | DC 2C/0 24VDC | V23037-A1005-A101 | SIEMENS REF1: V23037-A0005-A101 | SIEMENS REF2: V23037-A1005-A101,RELAY 5A 250VAC/300VDC 2C/0 24VDCV23037- RELAY 5A 250VAC/300V DC 2C/0 24VDC V23037-A1005-A101,STANDARD,COIL_250VAC,CONTACT_5A,UNSPECIFIED,UNSPECIFIED,UNSPECIFIED,UNSPECIFIED,EE|REL|STANDARD|COIL_250VAC|CONTACT_5A|UNSPECIFIED|UNSPECIFIED|UNSPECIFIED|UNSPECIFIED,AUTO_MAPPED_TO_EXISTING_CNMC
CNMC-EE-REL-000007,BHEL,CN9076402019,ELECTRICAL_AND_ELECTRONICS,RELAY,"RELAY, COIL_28VDC, CONTACT_2A",RELAY 2A 28VDC 36VDC2C/O COIL | RESL2640R7 | RELAY 2A 28VDC 36VDC | 2C/O COIL RESL2640R | 7-1617342-5 | CONTACT RATING = 2A,RELAY 2A 28VDC 36VDC2C/O COIL RESL2640R7 RELAY 2A 28VDC 36VDC 2C/O COIL RESL2640R 7-1617342-5 CONTACT RATING 2A,STANDARD,COIL_28VDC,CONTACT_2A,UNSPECIFIED,UNSPECIFIED,UNSPECIFIED,UNSPECIFIED,EE|REL|STANDARD|COIL_28VDC|CONTACT_2A|UNSPECIFIED|UNSPECIFIED|UNSPECIFIED|UNSPECIFIED,AUTO_MAPPED_TO_EXISTING_CNMC
CNMC-EE-REL-000008,BHEL,CN9076817154,ELECTRICAL_AND_ELECTRONICS,RELAY,"RELAY, COIL_12VDC, CONTACT_5A",RELAY 12VDC 1C/OV23016-B0005-A201 | RELAY 12VDC 1C/O | V23016-B0005-A201 | CONTACT RATING = 5A,RELAY 12VDC 1C/OV23016-B0005-A201 RELAY 12VDC 1C/O V23016-B0005-A201 CONTACT RATING 5A,STANDARD,COIL_12VDC,CONTACT_5A,UNSPECIFIED,UNSPECIFIED,UNSPECIFIED,UNSPECIFIED,EE|REL|STANDARD|COIL_12VDC|CONTACT_5A|UNSPECIFIED|UNSPECIFIED|UNSPECIFIED|UNSPECIFIED,AUTO_MAPPED_TO_EXISTING_CNMC
CNMC-EE-REL-000009,BHEL,CT7423499242,ELECTRICAL_AND_ELECTRONICS,RELAY,"RELAY, COIL_24V, CONTACT_8A","RELAY NEUTRAL MNSTBL24V 1C/O SILVER | GOLD | RELAY NEUTRAL MNSTBL | 24V 1C/O SILVER GOLD FLASHED | CONTACT RATING: 250VAC,8A | ABB REF: XN400284P56 | SIEMENS REF: V23057-B006-A101",RELAY NEUTRAL MNSTBL24V 1C/O SILVER GOLD RELAY NEUTRAL MNSTBL 24V 1C/O SILVER GOLD FLASHED CONTACT RATING: 250VAC 8A ABB,STANDARD,COIL_24V,CONTACT_8A,UNSPECIFIED,UNSPECIFIED,UNSPECIFIED,UNSPECIFIED,EE|REL|STANDARD|COIL_24V|CONTACT_8A|UNSPECIFIED|UNSPECIFIED|UNSPECIFIED|UNSPECIFIED,AUTO_MAPPED_TO_EXISTING_CNMC
CNMC-EE-RES-000025,BHEL,DV0688171052,ELECTRICAL_AND_ELECTRONICS,RESISTOR,"RESISTOR, 10R, 100W",RESISTOR DAMPING 10R  5%  100W | RESISTOR DAMPING | 10R    +/- 5%    100W.,RESISTOR DAMPING 10R 5% 100W RESISTOR DAMPING 10R +/- 5% 100W.,STANDARD,10R,100W,UNSPECIFIED,UNSPECIFIED,UNSPECIFIED,UNSPECIFIED,EE|RES|STANDARD|10R|100W|UNSPECIFIED|UNSPECIFIED|UNSPECIFIED|UNSPECIFIED,AUTO_MAPPED_TO_EXISTING_CNMC
CNMC-EE-RES-000026,BHEL,DV0688171176,ELECTRICAL_AND_ELECTRONICS,RESISTOR,"RESISTOR, 100R, 800W",RESISTOR POWER 100R 10%  800W | RESISTOR POWER 100R  +/- 10% 800W. | DRAWING NO: A-CX-5938,RESISTOR POWER 100R 10% 800W RESISTOR POWER 100R +/- 10% 800W. DRAWING NO: A-CX-5938,STANDARD,100R,800W,UNSPECIFIED,UNSPECIFIED,UNSPECIFIED,UNSPECIFIED,EE|RES|STANDARD|100R|800W|UNSPECIFIED|UNSPECIFIED|UNSPECIFIED|UNSPECIFIED,AUTO_MAPPED_TO_EXISTING_CNMC
CNMC-EE-RES-000027,BHEL,DV0688171184,ELECTRICAL_AND_ELECTRONICS,RESISTOR,"RESISTOR, 5.6K, 800W",RESISTOR POWER 5.6K 10%  800W | RESISTOR POWER 5.6K  +/- 10% 800W. | DRAWING NO: A-CX-5938,RESISTOR POWER 5.6K 10% 800W RESISTOR POWER 5.6K +/- 10% 800W. DRAWING NO: A-CX-5938,STANDARD,5.6K,800W,UNSPECIFIED,UNSPECIFIED,UNSPECIFIED,UNSPECIFIED,EE|RES|STANDARD|5.6K|800W|UNSPECIFIED|UNSPECIFIED|UNSPECIFIED|UNSPECIFIED,AUTO_MAPPED_TO_EXISTING_CNMC
CNMC-EE-RES-000028,BHEL,DV0688171265,ELECTRICAL_AND_ELECTRONICS,RESISTOR,"RESISTOR, 10K, 100W",RESISTOR DAMPING 10K  5%  100W | RESISTOR DAMPING | 10K  +/- 5% 100W.,RESISTOR DAMPING 10K 5% 100W RESISTOR DAMPING 10K +/- 5% 100W.,STANDARD,10K,100W,UNSPECIFIED,UNSPECIFIED,UNSPECIFIED,UNSPECIFIED,EE|RES|STANDARD|10K|100W|UNSPECIFIED|UNSPECIFIED|UNSPECIFIED|UNSPECIFIED,AUTO_MAPPED_TO_EXISTING_CNMC
CNMC-EE-RES-000029,BHEL,DV0688182259,ELECTRICAL_AND_ELECTRONICS,RESISTOR,"RESISTOR, 100K, 100W","RESISTOR POWER 100K 100W  5% | RESISTOR POWER RPH 100, 100K OHM 100W  5%",RESISTOR POWER 100K 100W 5% RESISTOR POWER RPH 100 100K OHM 100W 5%,STANDARD,100K,100W,UNSPECIFIED,UNSPECIFIED,UNSPECIFIED,UNSPECIFIED,EE|RES|STANDARD|100K|100W|UNSPECIFIED|UNSPECIFIED|UNSPECIFIED|UNSPECIFIED,AUTO_MAPPED_TO_EXISTING_CNMC
CNMC-EE-RES-000030,BHEL,DV0688182267,ELECTRICAL_AND_ELECTRONICS,RESISTOR,"RESISTOR, 22R, 100W","RESISTOR POWER  22R 100W  5% | RESISTOR POWER RPH 100, 22 OHM 100W  5%",RESISTOR POWER 22R 100W 5% RESISTOR POWER RPH 100 22R 100W 5%,STANDARD,22R,100W,UNSPECIFIED,UNSPECIFIED,UNSPECIFIED,UNSPECIFIED,EE|RES|STANDARD|22R|100W|UNSPECIFIED|UNSPECIFIED|UNSPECIFIED|UNSPECIFIED,AUTO_MAPPED_TO_EXISTING_CNMC
CNMC-EE-RES-000031,BHEL,DV0688183124,ELECTRICAL_AND_ELECTRONICS,RESISTOR,"RESISTOR, VARISTOR MOV, 1.2W","VARISTOR 130VRMS, 170VDC, 1.2W | VARISTOR SIOV-B32K130 130VRMS, 170VDC, 1.2W",VARISTOR 130VRMS 170VDC 1.2W VARISTOR SIOV-B32K130 130VRMS 170VDC 1.2W,VARISTOR_MOV,UNSPECIFIED,1.2W,UNSPECIFIED,UNSPECIFIED,UNSPECIFIED,UNSPECIFIED,EE|RES|VARISTOR_MOV|UNSPECIFIED|1.2W|UNSPECIFIED|UNSPECIFIED|UNSPECIFIED|UNSPECIFIED,AUTO_MAPPED_TO_EXISTING_CNMC
CNMC-EE-RES-000239,BHEL,DV0692030626,ELECTRICAL_AND_ELECTRONICS,RESISTOR,"RESISTOR, 56.2K, 0.25W, PKG 1206","RES THIN SMD 56.2K 0.1% 0.25W 1206 | ""ROHS DEVICE WITH BACKWARD COMPATIBILITY | OEM TAPE AND REEL PACKING ONLY.",RESISTOR THIN SMD 56.2K 0.1% 0.25W 1206,STANDARD,56.2K,0.25W,UNSPECIFIED,1206,UNSPECIFIED,UNSPECIFIED,EE|RES|STANDARD|56.2K|0.25W|UNSPECIFIED|1206|UNSPECIFIED|UNSPECIFIED,NEW_CNMC_GENERATED
CNMC-GN-GEN-000007,BHEL,DV0692080879,GENERAL_MATERIALS,GENERAL_MATERIAL,"GENERAL_MATERIAL, PKG THROUGH_HOLE",ISOLATED DC DC CONVERTOR TH | INPUT RANGE 9 to 18V OUTPUT 15V THROUGH | HOLE,ISOLATED DC DC CONVERTOR THROUGH_HOLE INPUT RANGE 9 TO 18V OUTPUT 15V THROUGH HOLE,STANDARD,UNSPECIFIED,UNSPECIFIED,UNSPECIFIED,THROUGH_HOLE,UNSPECIFIED,UNSPECIFIED,GN|GEN|STANDARD|UNSPECIFIED|UNSPECIFIED|UNSPECIFIED|THROUGH_HOLE|UNSPECIFIED|UNSPECIFIED,AUTO_MAPPED_TO_EXISTING_CNMC
CNMC-EE-RES-000033,BHEL,DV0692226540,ELECTRICAL_AND_ELECTRONICS,RESISTOR,"RESISTOR, METAL FILM, 6.81K, 0.25W, PKG SMD","RES MF SMD 6.81K 0.25% 0.25W 25PPM | RES*0,25W 6K81 0,25% | SMD | HETT402335P0281",RESISTOR METAL_FILM SMD 6.81K 0.25% 0.25W 25PPM RESISTOR 0 25W 6K81 0 25% SMD HETT402335P0281,METAL_FILM,6.81K,0.25W,UNSPECIFIED,SMD,UNSPECIFIED,UNSPECIFIED,EE|RES|METAL_FILM|6.81K|0.25W|UNSPECIFIED|SMD|UNSPECIFIED|UNSPECIFIED,AUTO_MAPPED_TO_EXISTING_CNMC
CNMC-EE-RES-000034,BHEL,DV0692226656,ELECTRICAL_AND_ELECTRONICS,RESISTOR,"RESISTOR, METAL FILM, 2.21K, 0.25W, PKG SMD","RES MF SMD 2.21K 1% 0.25W 50PPM | RES*0,25W 2K21 1%",RESISTOR METAL_FILM SMD 2.21K 1% 0.25W 50PPM RESISTOR 0 25W 2K21 1%,METAL_FILM,2.21K,0.25W,UNSPECIFIED,SMD,UNSPECIFIED,UNSPECIFIED,EE|RES|METAL_FILM|2.21K|0.25W|UNSPECIFIED|SMD|UNSPECIFIED|UNSPECIFIED,AUTO_MAPPED_TO_EXISTING_CNMC
CNMC-EE-RES-000035,BHEL,DV0692227326,ELECTRICAL_AND_ELECTRONICS,RESISTOR,"RESISTOR, METAL FILM, 1K, 0.25W",RES MF 1K 0.1% 0.25W 25PPM | RES*0.25W   1K0 0.1% | GJTN163013P0025,RESISTOR METAL_FILM 1K 0.1% 0.25W 25PPM RESISTOR 0.25W 1K0 0.1% GJTN163013P0025,METAL_FILM,1K,0.25W,UNSPECIFIED,UNSPECIFIED,UNSPECIFIED,UNSPECIFIED,EE|RES|METAL_FILM|1K|0.25W|UNSPECIFIED|UNSPECIFIED|UNSPECIFIED|UNSPECIFIED,AUTO_MAPPED_TO_EXISTING_CNMC
CNMC-EE-RES-000036,BHEL,DV0692228241,ELECTRICAL_AND_ELECTRONICS,RESISTOR,"RESISTOR, VARISTOR MOV",VARISTOR  Vrms: 95V B72207S0950K101 | OEM P/N.B72207S0950K101,VARISTOR VRMS: 95V B72207S0950K101 .B72207S0950K101,VARISTOR_MOV,UNSPECIFIED,UNSPECIFIED,UNSPECIFIED,UNSPECIFIED,UNSPECIFIED,UNSPECIFIED,EE|RES|VARISTOR_MOV|UNSPECIFIED|UNSPECIFIED|UNSPECIFIED|UNSPECIFIED|UNSPECIFIED|UNSPECIFIED,AUTO_MAPPED_TO_EXISTING_CNMC
CNMC-EE-REL-000010,BHEL,DV0692229205,ELECTRICAL_AND_ELECTRONICS,RELAY,"RELAY, COIL_12VDC, CONTACT_2A","RELAY 12VDC 2A/220VDC/250VAC | DS2ES-12V | OEM ABB Ref: HETN400217P0004 | Contact Rating (Max. Switching Current & Voltage): 2 | Amp, 250VAC/220VDC | Contact Type: Single Side Stable",RELAY 12VDC 2A/220VDC/250VAC DS2ES-12V CONTACT RATING MAX. SWITCHING CURRENT VOLTAGE : 2 AMP 250VAC/220VDC CONTACT SIDE STABLE,STANDARD,COIL_12VDC,CONTACT_2A,UNSPECIFIED,UNSPECIFIED,UNSPECIFIED,UNSPECIFIED,EE|REL|STANDARD|COIL_12VDC|CONTACT_2A|UNSPECIFIED|UNSPECIFIED|UNSPECIFIED|UNSPECIFIED,AUTO_MAPPED_TO_EXISTING_CNMC
CNMC-EE-REL-000002,BHEL,DV0692301135,ELECTRICAL_AND_ELECTRONICS,RELAY,"RELAY, PKG SMD",PHOTOMOS RELAY DUAL SMD 120MA | VALMET REF: 082497 | ROHS DEVICE WITH BACKWARD COMPATIBILITY. | OEM TAPE AND REEL PACKING ONLY. VENDORS | TO QUOTE IN MULTIPLES OF SPQ ONLY.,PHOTOMOS RELAY DUAL SMD 120MA VALMET,STANDARD,UNSPECIFIED,UNSPECIFIED,UNSPECIFIED,SMD,UNSPECIFIED,UNSPECIFIED,EE|REL|STANDARD|UNSPECIFIED|UNSPECIFIED|UNSPECIFIED|SMD|UNSPECIFIED|UNSPECIFIED,AUTO_MAPPED_TO_EXISTING_CNMC
CNMC-EE-RES-000240,BHEL,DV0692301526,ELECTRICAL_AND_ELECTRONICS,RESISTOR,"RESISTOR, 0.25W, PKG 1206",RES CHIP SMD 1206 4K75 1% 0.25W | 100PPM | ROHS DEVICE WITH BACKWARD COMPATIBILITY | OEM TAPE AND REEL PACKING ONLY,RESISTOR CHIP SMD 1206 4K75 1% 0.25W 100PPM,STANDARD,UNSPECIFIED,0.25W,UNSPECIFIED,1206,UNSPECIFIED,UNSPECIFIED,EE|RES|STANDARD|UNSPECIFIED|0.25W|UNSPECIFIED|1206|UNSPECIFIED|UNSPECIFIED,NEW_CNMC_GENERATED
CNMC-EE-RES-000036,BHEL,DV0692301909,ELECTRICAL_AND_ELECTRONICS,RESISTOR,"RESISTOR, VARISTOR MOV",RES MOV 250VRMS | ROHS DEVICE WITH BACKWARD COMPATIBILITY | OEM TAPE AND REEL PACKING ONLY.,RESISTOR MOV 250VRMS,VARISTOR_MOV,UNSPECIFIED,UNSPECIFIED,UNSPECIFIED,UNSPECIFIED,UNSPECIFIED,UNSPECIFIED,EE|RES|VARISTOR_MOV|UNSPECIFIED|UNSPECIFIED|UNSPECIFIED|UNSPECIFIED|UNSPECIFIED|UNSPECIFIED,AUTO_MAPPED_TO_EXISTING_CNMC
CNMC-EE-REL-000002,BHEL,DV0692302506,ELECTRICAL_AND_ELECTRONICS,RELAY,"RELAY, PKG SMD",PHOTOMOS RELAY DUAL SMD 80MA | VALMET REF: 082431 | ROHS DEVICE WITH BACKWARD COMPATIBILITY. | OEM TAPE AND REEL PACKING ONLY. | VENDORS TO QUOTE IN MULTIPLES OF SPQ | ONLY.,PHOTOMOS RELAY DUAL SMD 80MA VALMET,STANDARD,UNSPECIFIED,UNSPECIFIED,UNSPECIFIED,SMD,UNSPECIFIED,UNSPECIFIED,EE|REL|STANDARD|UNSPECIFIED|UNSPECIFIED|UNSPECIFIED|SMD|UNSPECIFIED|UNSPECIFIED,AUTO_MAPPED_TO_EXISTING_CNMC
CNMC-EE-SW-000006,BHEL,DV0692302905,ELECTRICAL_AND_ELECTRONICS,SWITCH,SWITCH,"RELAY 24 VOLTS DC SPDT ROHS | DC 24V PC BOARD POWER RELAY | METSO PART NO: 081478, 082467 | DATE CODE CLAUSE : DATE CODE OF THE | ITEMS SUPPLIED SHALL BE LESS THAN OR | EQUAL TO 30 MONTHS FROM THE PO DATE. | PRIOR APPROVAL TO BE TAKEN BY VENDOR IN | CASE OF ANY DEVIATION FROM THIS CLAUSE. | PEAK LOAD CURRENT CARRYING | CAPACITY = 10AMPS",RELAY 24 VOLTS DC SPDT ROHS DC 24V PC BOARD POWER RELAY METSO PART NO: 081478 082467,STANDARD,UNSPECIFIED,UNSPECIFIED,UNSPECIFIED,UNSPECIFIED,UNSPECIFIED,24,EE|SW|STANDARD|UNSPECIFIED|UNSPECIFIED|UNSPECIFIED|UNSPECIFIED|UNSPECIFIED|UNSPECIFIED,AUTO_MAPPED_TO_EXISTING_CNMC
CNMC-EE-RES-000241,BHEL,DV0692303383,ELECTRICAL_AND_ELECTRONICS,RESISTOR,"RESISTOR, 1.82K, 0.1W, PKG 0805",RES CHIP SMD 1.82K 1% 0.1W 100PPM | METSO PART NO: 81993 | RES SMD 1.82K OHM 1/10W 1% 100PPM 0805 | CRCW08051821FRT1 TO BE SUPPLIED IN TAPE | AND REEL ONLY | DATE CODE CLAUSE :----- DATE CODE OF THE | ITEMS SUPPLIED SHALL  BE  LESS  THAN  OR | EQUAL TO 30 MONTHS  FROM  THE  PO  DATE. | PRIOR APPROVAL TO  BE TAKEN BY VENDOR IN | CASE OF ANY DEVIATION FROM THIS  CLAUSE.,RESISTOR CHIP SMD 1.82K 1% 0.1W 100PPM METSO PART NO: 81993 RESISTOR SMD 1.82K OHM 1/10W 1% 100PPM 0805 CRCW08051821FRT1 TO BE SUPPLIED IN TAPE AND REEL ONLY,STANDARD,1.82K,0.1W,UNSPECIFIED,0805,UNSPECIFIED,UNSPECIFIED,EE|RES|STANDARD|1.82K|0.1W|UNSPECIFIED|0805|UNSPECIFIED|UNSPECIFIED,NEW_CNMC_GENERATED
CNMC-GN-GEN-000001,BHEL,DV0692303529,GENERAL_MATERIALS,GENERAL_MATERIAL,GENERAL_MATERIAL,POST RECT. .025 SQ. | MAXPART:89423 | DATE CODE CLAUSE :----- DATE CODE OF THE | ITEMS SUPPLIED SHALL  BE  LESS  THAN  OR | EQUAL TO 24 MONTHS  FROM  THE  PO  DATE.,POST RECT. .025 SQ. MAXPART:89423,STANDARD,UNSPECIFIED,UNSPECIFIED,UNSPECIFIED,UNSPECIFIED,UNSPECIFIED,UNSPECIFIED,GN|GEN|STANDARD|UNSPECIFIED|UNSPECIFIED|UNSPECIFIED|UNSPECIFIED|UNSPECIFIED|UNSPECIFIED,AUTO_MAPPED_TO_EXISTING_CNMC
CNMC-EE-RES-000242,BHEL,DV0692305360,ELECTRICAL_AND_ELECTRONICS,RESISTOR,"RESISTOR, 10K, 0.1W, PKG 0805",RES CHIP SMD 10K 1% 0.1W 100PPM 0805 | ROHS DEVICE WITH BACKWARD COMPATIBILITY | OEM TAPE AND REEL PACKING ONLY,RESISTOR CHIP SMD 10K 1% 0.1W 100PPM 0805,STANDARD,10K,0.1W,UNSPECIFIED,0805,UNSPECIFIED,UNSPECIFIED,EE|RES|STANDARD|10K|0.1W|UNSPECIFIED|0805|UNSPECIFIED|UNSPECIFIED,NEW_CNMC_GENERATED
CNMC-EE-RES-000243,BHEL,DV0692305386,ELECTRICAL_AND_ELECTRONICS,RESISTOR,"RESISTOR, 1K, 0.1W, PKG 0805",RES CHIP SMD 1K 1% 0.1W 100PPM 0805 | ROHS DEVICE WITH BACKWARD COMPATIBILITY | OEM TAPE AND REEL PACKING ONLY,RESISTOR CHIP SMD 1K 1% 0.1W 100PPM 0805,STANDARD,1K,0.1W,UNSPECIFIED,0805,UNSPECIFIED,UNSPECIFIED,EE|RES|STANDARD|1K|0.1W|UNSPECIFIED|0805|UNSPECIFIED|UNSPECIFIED,NEW_CNMC_GENERATED
CNMC-EE-RES-000041,BHEL,DV0692305408,ELECTRICAL_AND_ELECTRONICS,RESISTOR,"RESISTOR, 100K, 0.1W, PKG SMD",RES CHIP SMD 100K 1% 0.1W 100PPM | ROHS DEVICE WITH BACKWARD COMPATIBILITY | OEM TAPE AND REEL PACKING ONLY,RESISTOR CHIP SMD 100K 1% 0.1W 100PPM,STANDARD,100K,0.1W,UNSPECIFIED,SMD,UNSPECIFIED,UNSPECIFIED,EE|RES|STANDARD|100K|0.1W|UNSPECIFIED|SMD|UNSPECIFIED|UNSPECIFIED,AUTO_MAPPED_TO_EXISTING_CNMC
CNMC-GN-GEN-000001,BHEL,CRCW08054752FRT1,GENERAL_MATERIALS,GENERAL_MATERIAL,GENERAL_MATERIAL,TO BE SUPPLIED IN TAPE | AND REEL ONLY | DATE CODE CLAUSE :----- DATE CODE OF THE | ITEMS SUPPLIED SHALL  BE  LESS  THAN  OR | EQUAL TO 30 MONTHS  FROM  THE  PO  DATE. | PRIOR APPROVAL TO  BE TAKEN BY VENDOR IN | CASE OF ANY DEVIATION FROM THIS  CLAUSE.,TO BE SUPPLIED IN TAPE AND REEL ONLY,STANDARD,UNSPECIFIED,UNSPECIFIED,UNSPECIFIED,UNSPECIFIED,UNSPECIFIED,UNSPECIFIED,GN|GEN|STANDARD|UNSPECIFIED|UNSPECIFIED|UNSPECIFIED|UNSPECIFIED|UNSPECIFIED|UNSPECIFIED,AUTO_MAPPED_TO_EXISTING_CNMC
CNMC-EE-RES-000042,BHEL,DV0692305491,ELECTRICAL_AND_ELECTRONICS,RESISTOR,"RESISTOR, 22.1K, 0.1W, PKG SMD",RES CHIP SMD 22.1K 1% 0.1W 100PPM | ROHS DEVICE WITH BACKWARD COMPATIBILITY | OEM TAPE AND REEL PACKING ONLY,RESISTOR CHIP SMD 22.1K 1% 0.1W 100PPM,STANDARD,22.1K,0.1W,UNSPECIFIED,SMD,UNSPECIFIED,UNSPECIFIED,EE|RES|STANDARD|22.1K|0.1W|UNSPECIFIED|SMD|UNSPECIFIED|UNSPECIFIED,AUTO_MAPPED_TO_EXISTING_CNMC
CNMC-EE-RES-000043,BHEL,DV0692305513,ELECTRICAL_AND_ELECTRONICS,RESISTOR,"RESISTOR, 681R, 0.1W, PKG SMD",RES CHIP SMD 681R 1% 0.1W 100PPM | ROHS DEVICE WITH BACKWARD COMPATIBILITY | OEM TAPE AND REEL PACKING ONLY,RESISTOR CHIP SMD 681R 1% 0.1W 100PPM,STANDARD,681R,0.1W,UNSPECIFIED,SMD,UNSPECIFIED,UNSPECIFIED,EE|RES|STANDARD|681R|0.1W|UNSPECIFIED|SMD|UNSPECIFIED|UNSPECIFIED,AUTO_MAPPED_TO_EXISTING_CNMC
CNMC-EE-RES-000044,BHEL,DV0692305653,ELECTRICAL_AND_ELECTRONICS,RESISTOR,"RESISTOR, 4.75K, 0.1W, PKG SMD",RES CHIP SMD 4.75K 1% 0.1W 100PPM | ROHS DEVICE WITH BACKWARD COMPATIBILITY | OEM TAPE AND REEL PACKING ONLY | MA PART NO: 233867 Replaced by 082366,RESISTOR CHIP SMD 4.75K 1% 0.1W 100PPM,STANDARD,4.75K,0.1W,UNSPECIFIED,SMD,UNSPECIFIED,UNSPECIFIED,EE|RES|STANDARD|4.75K|0.1W|UNSPECIFIED|SMD|UNSPECIFIED|UNSPECIFIED,AUTO_MAPPED_TO_EXISTING_CNMC
CNMC-EE-REL-000001,BHEL,DV0692306242,ELECTRICAL_AND_ELECTRONICS,RELAY,RELAY,PHOTOMOS RELAY SINGLE 130mA | AQV210E | ROHS DEVICE WITH BACKWARD COMPATIBILITY,PHOTOMOS RELAY SINGLE 130MA AQV210E,STANDARD,UNSPECIFIED,UNSPECIFIED,UNSPECIFIED,UNSPECIFIED,UNSPECIFIED,UNSPECIFIED,EE|REL|STANDARD|UNSPECIFIED|UNSPECIFIED|UNSPECIFIED|UNSPECIFIED|UNSPECIFIED|UNSPECIFIED,AUTO_MAPPED_TO_EXISTING_CNMC
CNMC-EE-PWR-000001,BHEL,DV0692309560,ELECTRICAL_AND_ELECTRONICS,POWER_CONVERTER,"POWER_CONVERTER, DC DC CONVERTER","DC-DC CONVRTR DUAL ISO 24V TO 12V | SIP | METSO PART NO: 75104, 082480 | DATE CODE CLAUSE :DATE CODE OF THE | ITEMS SUPPLIED SHALL BE LESS THAN OR | EQUAL TO 30 MONTHS FROM THE PO DATE. | PRIOR APPROVAL TO BE TAKEN BY VENDOR IN | CASE OF ANY DEVIATION FROM THIS CLAUSE",DC-DC CONVRTR DUAL ISO 24V TO 12V SIP METSO PART NO: 75104 082480,DC_DC_CONVERTER,UNSPECIFIED,UNSPECIFIED,UNSPECIFIED,UNSPECIFIED,UNSPECIFIED,UNSPECIFIED,EE|PWR|DC_DC_CONVERTER|UNSPECIFIED|UNSPECIFIED|UNSPECIFIED|UNSPECIFIED|UNSPECIFIED|UNSPECIFIED,AUTO_MAPPED_TO_EXISTING_CNMC
CNMC-EE-REL-000001,BHEL,DV0692320610,ELECTRICAL_AND_ELECTRONICS,RELAY,RELAY,RELAY RETAINER TYPE 31-6612-211 | RELAY RETAINER FOR | OEN RELAY 2R3115 | TYPE 31-6612-211,RELAY RETAINER RELAY RETAINER FOR OEN RELAY 2R3115,STANDARD,UNSPECIFIED,UNSPECIFIED,UNSPECIFIED,UNSPECIFIED,UNSPECIFIED,UNSPECIFIED,EE|REL|STANDARD|UNSPECIFIED|UNSPECIFIED|UNSPECIFIED|UNSPECIFIED|UNSPECIFIED|UNSPECIFIED,AUTO_MAPPED_TO_EXISTING_CNMC
CNMC-EE-PWR-000001,BHEL,DV0692320857,ELECTRICAL_AND_ELECTRONICS,POWER_CONVERTER,"POWER_CONVERTER, DC DC CONVERTER",DC-DC CONVERTER 5V 2A,DC-DC CONVERTER 5V 2A,DC_DC_CONVERTER,UNSPECIFIED,UNSPECIFIED,UNSPECIFIED,UNSPECIFIED,UNSPECIFIED,UNSPECIFIED,EE|PWR|DC_DC_CONVERTER|UNSPECIFIED|UNSPECIFIED|UNSPECIFIED|UNSPECIFIED|UNSPECIFIED|UNSPECIFIED,AUTO_MAPPED_TO_EXISTING_CNMC
CNMC-EE-RES-000045,BHEL,DV0692330394,ELECTRICAL_AND_ELECTRONICS,RESISTOR,"RESISTOR, METAL FILM, 0R, 0.25W",RES MF 0R 0.25W THT | ROHS DEVICE WITH BACKWARD COMPATIBILITY.,RESISTOR METAL_FILM 0R 0.25W THT,METAL_FILM,0R,0.25W,UNSPECIFIED,UNSPECIFIED,UNSPECIFIED,UNSPECIFIED,EE|RES|METAL_FILM|0R|0.25W|UNSPECIFIED|UNSPECIFIED|UNSPECIFIED|UNSPECIFIED,AUTO_MAPPED_TO_EXISTING_CNMC
CNMC-EE-RES-000244,BHEL,DV0692330429,ELECTRICAL_AND_ELECTRONICS,RESISTOR,"RESISTOR, 1.0K, 16W, PKG 0603",RES SMT 1.0K 1/16W 1% 0603 | ROHS DEVICE WITH BACKWARD COMPATIBILITY. | OEM TAPE AND REEL PACKING ONLY.,RESISTOR SMD 1.0K 1/16W 1% 0603,STANDARD,1.0K,16W,UNSPECIFIED,0603,UNSPECIFIED,UNSPECIFIED,EE|RES|STANDARD|1.0K|16W|UNSPECIFIED|0603|UNSPECIFIED|UNSPECIFIED,NEW_CNMC_GENERATED
CNMC-EE-RES-000245,BHEL,DV0692330461,ELECTRICAL_AND_ELECTRONICS,RESISTOR,"RESISTOR, 27K, 0.1W, PKG 0805",RES CHIP SMD 27K 1% 0.1W 100PPM 0805 | ROHS DEVICE WITH BACKWARD COMPATIBILITY. | OEM TAPE AND REEL PACKING ONLY.,RESISTOR CHIP SMD 27K 1% 0.1W 100PPM 0805,STANDARD,27K,0.1W,UNSPECIFIED,0805,UNSPECIFIED,UNSPECIFIED,EE|RES|STANDARD|27K|0.1W|UNSPECIFIED|0805|UNSPECIFIED|UNSPECIFIED,NEW_CNMC_GENERATED
CNMC-EE-RES-000048,BHEL,DV0692330470,ELECTRICAL_AND_ELECTRONICS,RESISTOR,"RESISTOR, 1.5K, 0.5W, PKG SMD",RES CHIP SMD 1.5K 1% 0.5W 100PPM | ROHS DEVICE WITH BACKWARD COMPATIBILITY. | OEM TAPE AND REEL PACKING ONLY.,RESISTOR CHIP SMD 1.5K 1% 0.5W 100PPM,STANDARD,1.5K,0.5W,UNSPECIFIED,SMD,UNSPECIFIED,UNSPECIFIED,EE|RES|STANDARD|1.5K|0.5W|UNSPECIFIED|SMD|UNSPECIFIED|UNSPECIFIED,AUTO_MAPPED_TO_EXISTING_CNMC
CNMC-EE-RES-000246,BHEL,DV0692330488,ELECTRICAL_AND_ELECTRONICS,RESISTOR,"RESISTOR, 10R, 10W, PKG 0805",RES SMT 10R 1%  1/10W  100PPM 0805 | ROHS DEVICE WITH BACKWARD COMPATIBILITY. | OEM TAPE AND REEL PACKING ONLY.,RESISTOR SMD 10R 1% 1/10W 100PPM 0805,STANDARD,10R,10W,UNSPECIFIED,0805,UNSPECIFIED,UNSPECIFIED,EE|RES|STANDARD|10R|10W|UNSPECIFIED|0805|UNSPECIFIED|UNSPECIFIED,NEW_CNMC_GENERATED
CNMC-EE-RES-000247,BHEL,DV0692330496,ELECTRICAL_AND_ELECTRONICS,RESISTOR,"RESISTOR, 10K, 16W, PKG 0603",RES SMT 10K 1/16W 1% 100PPM 0603 | ROHS DEVICE WITH BACKWARD COMPATIBILITY. | OEM TAPE AND REEL PACKING ONLY.,RESISTOR SMD 10K 1/16W 1% 100PPM 0603,STANDARD,10K,16W,UNSPECIFIED,0603,UNSPECIFIED,UNSPECIFIED,EE|RES|STANDARD|10K|16W|UNSPECIFIED|0603|UNSPECIFIED|UNSPECIFIED,NEW_CNMC_GENERATED
CNMC-EE-RES-000248,BHEL,DV0692330504,ELECTRICAL_AND_ELECTRONICS,RESISTOR,"RESISTOR, 100R, 10W, PKG 0805",RES SMD 100R 1% 1/10W 100PPM 0805 | ROHS DEVICE WITH BACKWARD COMPATIBILITY. | OEM TAPE AND REEL PACKING ONLY. | MA PART NO: 082281,RESISTOR SMD 100R 1% 1/10W 100PPM 0805,STANDARD,100R,10W,UNSPECIFIED,0805,UNSPECIFIED,UNSPECIFIED,EE|RES|STANDARD|100R|10W|UNSPECIFIED|0805|UNSPECIFIED|UNSPECIFIED,NEW_CNMC_GENERATED
CNMC-EE-RES-000249,BHEL,DV0692330539,ELECTRICAL_AND_ELECTRONICS,RESISTOR,"RESISTOR, METAL FILM, 15K, 0.1W, PKG 0805",RES MF SMD 15K 1% 0.1W 100PPM 0805 | ROHS DEVICE WITH BACKWARD COMPATIBILITY. | OEM TAPE AND REEL PACKING ONLY.,RESISTOR METAL_FILM SMD 15K 1% 0.1W 100PPM 0805,METAL_FILM,15K,0.1W,UNSPECIFIED,0805,UNSPECIFIED,UNSPECIFIED,EE|RES|METAL_FILM|15K|0.1W|UNSPECIFIED|0805|UNSPECIFIED|UNSPECIFIED,NEW_CNMC_GENERATED
CNMC-EE-RES-000250,BHEL,DV0692330547,ELECTRICAL_AND_ELECTRONICS,RESISTOR,"RESISTOR, 16.9K, 16W, PKG 0603",RES SMT 16.9K 1/16W 1% 100PPM 0603 | ROHS DEVICE WITH BACKWARD COMPATIBILITY. | OEM TAPE AND REEL PACKING ONLY.,RESISTOR SMD 16.9K 1/16W 1% 100PPM 0603,STANDARD,16.9K,16W,UNSPECIFIED,0603,UNSPECIFIED,UNSPECIFIED,EE|RES|STANDARD|16.9K|16W|UNSPECIFIED|0603|UNSPECIFIED|UNSPECIFIED,NEW_CNMC_GENERATED
CNMC-EE-RES-000251,BHEL,DV0692330555,ELECTRICAL_AND_ELECTRONICS,RESISTOR,"RESISTOR, 1.0M, 10W, PKG 0805",RES SMT 1.0M  1% 1/10W  100PPM 0805 | ROHS DEVICE WITH BACKWARD COMPATIBILITY. | OEM TAPE AND REEL PACKING ONLY.,RESISTOR SMD 1.0M 1% 1/10W 100PPM 0805,STANDARD,1.0M,10W,UNSPECIFIED,0805,UNSPECIFIED,UNSPECIFIED,EE|RES|STANDARD|1.0M|10W|UNSPECIFIED|0805|UNSPECIFIED|UNSPECIFIED,NEW_CNMC_GENERATED
CNMC-EE-RES-000252,BHEL,DV0692330563,ELECTRICAL_AND_ELECTRONICS,RESISTOR,"RESISTOR, 2.49K, 16W, PKG 0603",RES SMT 2.49K 1/16W 1% 100PPM 0603 | ROHS DEVICE WITH BACKWARD COMPATIBILITY. | OEM TAPE AND REEL PACKING ONLY.,RESISTOR SMD 2.49K 1/16W 1% 100PPM 0603,STANDARD,2.49K,16W,UNSPECIFIED,0603,UNSPECIFIED,UNSPECIFIED,EE|RES|STANDARD|2.49K|16W|UNSPECIFIED|0603|UNSPECIFIED|UNSPECIFIED,NEW_CNMC_GENERATED
CNMC-EE-RES-000056,BHEL,DV0692330580,ELECTRICAL_AND_ELECTRONICS,RESISTOR,"RESISTOR, 20.0K, 0.1W, PKG SMD",RES CHIP SMD 20.0K 1% 0.1W 100PPM | ROHS DEVICE WITH BACKWARD COMPATIBILITY. | OEM TAPE AND REEL PACKING ONLY.,RESISTOR CHIP SMD 20.0K 1% 0.1W 100PPM,STANDARD,20.0K,0.1W,UNSPECIFIED,SMD,UNSPECIFIED,UNSPECIFIED,EE|RES|STANDARD|20.0K|0.1W|UNSPECIFIED|SMD|UNSPECIFIED|UNSPECIFIED,AUTO_MAPPED_TO_EXISTING_CNMC
CNMC-EE-RES-000253,BHEL,DV0692330606,ELECTRICAL_AND_ELECTRONICS,RESISTOR,"RESISTOR, 22.1R, PKG 0603",RES SMT 22.1R 1/16 1% 0603 | ROHS DEVICE WITH BACKWARD COMPATIBILITY. | OEM TAPE AND REEL PACKING ONLY.,RESISTOR SMD 22.1R 1/16 1% 0603,STANDARD,22.1R,UNSPECIFIED,UNSPECIFIED,0603,UNSPECIFIED,UNSPECIFIED,EE|RES|STANDARD|22.1R|UNSPECIFIED|UNSPECIFIED|0603|UNSPECIFIED|UNSPECIFIED,NEW_CNMC_GENERATED
CNMC-EE-RES-000254,BHEL,DV0692330708,ELECTRICAL_AND_ELECTRONICS,RESISTOR,"RESISTOR, 4.75K, 16W, PKG 0603",RES SMT 4.75K 1/16W 1% 100PPM 0603 | ROHS DEVICE WITH BACKWARD COMPATIBILITY. | OEM TAPE AND REEL PACKING ONLY.,RESISTOR SMD 4.75K 1/16W 1% 100PPM 0603,STANDARD,4.75K,16W,UNSPECIFIED,0603,UNSPECIFIED,UNSPECIFIED,EE|RES|STANDARD|4.75K|16W|UNSPECIFIED|0603|UNSPECIFIED|UNSPECIFIED,NEW_CNMC_GENERATED
CNMC-EE-RES-000255,BHEL,DV0692330732,ELECTRICAL_AND_ELECTRONICS,RESISTOR,"RESISTOR, 47.5R, PKG 0603",RES SMT 47.5R 1/16 1% 0603 | ROHS DEVICE WITH BACKWARD COMPATIBILITY. | OEM TAPE AND REEL PACKING ONLY.,RESISTOR SMD 47.5R 1/16 1% 0603,STANDARD,47.5R,UNSPECIFIED,UNSPECIFIED,0603,UNSPECIFIED,UNSPECIFIED,EE|RES|STANDARD|47.5R|UNSPECIFIED|UNSPECIFIED|0603|UNSPECIFIED|UNSPECIFIED,NEW_CNMC_GENERATED
CNMC-EE-RES-000060,BHEL,DV0692330740,ELECTRICAL_AND_ELECTRONICS,RESISTOR,"RESISTOR, 475R, 10W, PKG SMD",RES CHIP SMD 475R 1% 1/10W 100PPM | ROHS DEVICE WITH BACKWARD COMPATIBILITY. | OEM TAPE AND REEL PACKING ONLY.,RESISTOR CHIP SMD 475R 1% 1/10W 100PPM,STANDARD,475R,10W,UNSPECIFIED,SMD,UNSPECIFIED,UNSPECIFIED,EE|RES|STANDARD|475R|10W|UNSPECIFIED|SMD|UNSPECIFIED|UNSPECIFIED,AUTO_MAPPED_TO_EXISTING_CNMC
CNMC-EE-RES-000256,BHEL,DV0692330775,ELECTRICAL_AND_ELECTRONICS,RESISTOR,"RESISTOR, 5.11K, 16W, PKG 0603",RES SMT 5.11K 1/16W 1% 100PPM 0603 | ROHS DEVICE WITH BACKWARD COMPATIBILITY. | OEM TAPE AND REEL PACKING ONLY.,RESISTOR SMD 5.11K 1/16W 1% 100PPM 0603,STANDARD,5.11K,16W,UNSPECIFIED,0603,UNSPECIFIED,UNSPECIFIED,EE|RES|STANDARD|5.11K|16W|UNSPECIFIED|0603|UNSPECIFIED|UNSPECIFIED,NEW_CNMC_GENERATED
CNMC-EE-RES-000062,BHEL,DV0692330825,ELECTRICAL_AND_ELECTRONICS,RESISTOR,"RESISTOR, 681R, 0.5W, PKG SMD",RES CHIP SMD 681R 1% 0.5W 100PPM | ROHS DEVICE WITH BACKWARD COMPATIBILITY. | OEM TAPE AND REEL PACKING ONLY.,RESISTOR CHIP SMD 681R 1% 0.5W 100PPM,STANDARD,681R,0.5W,UNSPECIFIED,SMD,UNSPECIFIED,UNSPECIFIED,EE|RES|STANDARD|681R|0.5W|UNSPECIFIED|SMD|UNSPECIFIED|UNSPECIFIED,AUTO_MAPPED_TO_EXISTING_CNMC
CNMC-EE-RES-000257,BHEL,DV0692331638,ELECTRICAL_AND_ELECTRONICS,RESISTOR,"RESISTOR, 10R",THERMISTOR INRUSH LIMIT 10 OHM | ROHS DEVICE WITH BACKWARD COMPATIBILITY.,THERMISTOR INRUSH LIMIT 10R,STANDARD,10R,UNSPECIFIED,UNSPECIFIED,UNSPECIFIED,UNSPECIFIED,UNSPECIFIED,EE|RES|STANDARD|10R|UNSPECIFIED|UNSPECIFIED|UNSPECIFIED|UNSPECIFIED|UNSPECIFIED,NEW_CNMC_GENERATED
CNMC-EE-REL-000002,BHEL,DV0692331646,ELECTRICAL_AND_ELECTRONICS,RELAY,"RELAY, PKG SMD","PHOTOMOS RELAY DUAL SMD 100mA | AQW210SX | ROHS DEVICE WITH BACKWARD COMPATIBILITY. | BHEL'S RFQ QTY IS NOT IN MULTIPLES OF OEM | SPQ, | SINCE DIFFERENT OEMs HAVE DIFFERENT SPQs | FOR | THIS ITEM. VENDORS TO QUOTE ONLY IN | MULTIPLES OF | THEIR QUOTED OEM'S SPQ.",PHOTOMOS RELAY DUAL SMD 100MA AQW210SX,STANDARD,UNSPECIFIED,UNSPECIFIED,UNSPECIFIED,SMD,UNSPECIFIED,UNSPECIFIED,EE|REL|STANDARD|UNSPECIFIED|UNSPECIFIED|UNSPECIFIED|SMD|UNSPECIFIED|UNSPECIFIED,AUTO_MAPPED_TO_EXISTING_CNMC
CNMC-EE-RES-000064,BHEL,DV0692331808,ELECTRICAL_AND_ELECTRONICS,RESISTOR,"RESISTOR, 100R, 0.25W",RES 100R 1/4w 4PPM | ROHS DEVICE WITH BACKWARD COMPATIBILITY.,RESISTOR 100R 0.25W 4PPM,STANDARD,100R,0.25W,UNSPECIFIED,UNSPECIFIED,UNSPECIFIED,UNSPECIFIED,EE|RES|STANDARD|100R|0.25W|UNSPECIFIED|UNSPECIFIED|UNSPECIFIED|UNSPECIFIED,AUTO_MAPPED_TO_EXISTING_CNMC
CNMC-EE-REL-000011,BHEL,DV0692331930,ELECTRICAL_AND_ELECTRONICS,RELAY,"RELAY, 2CO, COIL_12VDC, CONTACT_8A",RELAY MINIATURE POWER 2C 12VDC | 2000VA | RELAY MINIATURE POWER | CONFIGURATION: 2 C/O CONTACTS | COIL VOLTAGE: 12VDC | CONTACT RATING: 8A,RELAY MINIATURE POWER 2C 12VDC 2000VA RELAY MINIATURE POWER CONFIGURATION: 2 C/O CONTACTS COIL VOLTAGE: 12VDC CONTACT RATING: 8A,2CO,COIL_12VDC,CONTACT_8A,UNSPECIFIED,UNSPECIFIED,UNSPECIFIED,UNSPECIFIED,EE|REL|2CO|COIL_12VDC|CONTACT_8A|UNSPECIFIED|UNSPECIFIED|UNSPECIFIED|UNSPECIFIED,AUTO_MAPPED_TO_EXISTING_CNMC
CNMC-EE-PWR-000003,BHEL,DV0692332162,ELECTRICAL_AND_ELECTRONICS,POWER_CONVERTER,"POWER_CONVERTER, DC DC CONVERTER, 100W","DC - DC CONVERTER 110VDC/52VDC,100W",DC - DC CONVERTER 110VDC/52VDC 100W,DC_DC_CONVERTER,100W,UNSPECIFIED,UNSPECIFIED,UNSPECIFIED,UNSPECIFIED,110VDC/52VDC,EE|PWR|DC_DC_CONVERTER|100W|UNSPECIFIED|UNSPECIFIED|UNSPECIFIED|UNSPECIFIED|UNSPECIFIED,AUTO_MAPPED_TO_EXISTING_CNMC
CNMC-EE-PWR-000004,BHEL,DV0692332170,ELECTRICAL_AND_ELECTRONICS,POWER_CONVERTER,"POWER_CONVERTER, DC DC CONVERTER, 75W","DC - DC CONVERTER 150/300VDC/52VDC, | 75W",DC - DC CONVERTER 150/300VDC/52VDC 75W,DC_DC_CONVERTER,75W,UNSPECIFIED,UNSPECIFIED,UNSPECIFIED,UNSPECIFIED,300VDC/52VDC,EE|PWR|DC_DC_CONVERTER|75W|UNSPECIFIED|UNSPECIFIED|UNSPECIFIED|UNSPECIFIED|UNSPECIFIED,AUTO_MAPPED_TO_EXISTING_CNMC
CNMC-EE-REL-000012,BHEL,DV0692332340,ELECTRICAL_AND_ELECTRONICS,RELAY,"RELAY, COIL_24V, CONTACT_5A","SUB-MINIATURE DUAL-IN LINE RELAY | MINIATURE RELAY,24V DC, | 2C/O, 230V AC/ 30V DC | CONTACT RATING = 5A",SUB-MINIATURE DUAL-IN LINE RELAY MINIATURE RELAY 24V DC 2C/O 230V AC/ 30V DC CONTACT RATING 5A,STANDARD,COIL_24V,CONTACT_5A,UNSPECIFIED,UNSPECIFIED,UNSPECIFIED,UNSPECIFIED,EE|REL|STANDARD|COIL_24V|CONTACT_5A|UNSPECIFIED|UNSPECIFIED|UNSPECIFIED|UNSPECIFIED,AUTO_MAPPED_TO_EXISTING_CNMC
CNMC-EE-RES-000065,BHEL,DV0692332944,ELECTRICAL_AND_ELECTRONICS,RESISTOR,"RESISTOR, 2K, PKG 0603",RES CHIP 2K 0 .1% 150mW 25PPM 0603 | SMD | maxDNA Ref NO: 82628 | ROHS DEVICE WITH BACKWARD COMPATIBILITY | OEM TAPE AND REEL PACKING ONLY.,RESISTOR CHIP 2K 0 .1% 150MW 25PPM 0603 SMD MAXDNA,STANDARD,2K,UNSPECIFIED,UNSPECIFIED,0603,UNSPECIFIED,UNSPECIFIED,EE|RES|STANDARD|2K|UNSPECIFIED|UNSPECIFIED|0603|UNSPECIFIED|UNSPECIFIED,AUTO_MAPPED_TO_EXISTING_CNMC
CNMC-EE-RES-000258,BHEL,DV0692333977,ELECTRICAL_AND_ELECTRONICS,RESISTOR,"RESISTOR, 0.5W, PKG SMD",RES CHIP SMD 1210 2K70 5% 0.5W | 200PPM | ROHS DEVICE WITH BACKWARD COMPATIBILITY. | OEM TAPE AND REEL PACKING ONLY.,RESISTOR CHIP SMD 1210 2K70 5% 0.5W 200PPM,STANDARD,UNSPECIFIED,0.5W,UNSPECIFIED,SMD,UNSPECIFIED,UNSPECIFIED,EE|RES|STANDARD|UNSPECIFIED|0.5W|UNSPECIFIED|SMD|UNSPECIFIED|UNSPECIFIED,NEW_CNMC_GENERATED
CNMC-EE-RES-000259,BHEL,DV0692334027,ELECTRICAL_AND_ELECTRONICS,RESISTOR,"RESISTOR, 5.90K, 0.1W, PKG 0603",RES CHIP SMD 0603 5.90K 0.1% 0.1W | 25PPM | ROHS DEVICE WITH BACKWARD COMPATIBILITY.,RESISTOR CHIP SMD 0603 5.90K 0.1% 0.1W 25PPM,STANDARD,5.90K,0.1W,UNSPECIFIED,0603,UNSPECIFIED,UNSPECIFIED,EE|RES|STANDARD|5.90K|0.1W|UNSPECIFIED|0603|UNSPECIFIED|UNSPECIFIED,NEW_CNMC_GENERATED
CNMC-GN-GEN-000001,BHEL,ISH2424A-H-TR,GENERAL_MATERIALS,GENERAL_MATERIAL,GENERAL_MATERIAL,- XP POWER LIMITED,- XP POWER LIMITED,STANDARD,UNSPECIFIED,UNSPECIFIED,UNSPECIFIED,UNSPECIFIED,UNSPECIFIED,UNSPECIFIED,GN|GEN|STANDARD|UNSPECIFIED|UNSPECIFIED|UNSPECIFIED|UNSPECIFIED|UNSPECIFIED|UNSPECIFIED,AUTO_MAPPED_TO_EXISTING_CNMC
CNMC-EE-PWR-000005,BHEL,DV0692341285,ELECTRICAL_AND_ELECTRONICS,POWER_CONVERTER,"POWER_CONVERTER, DC DC CONVERTER, 2W, PKG SMD","DC/DC CONV SMD 2W RTS2412-H O/P12V | 167mA | MA PART NO: 60022414,0 | ROHS DEVICE WITH BACKWARD COMPATIBILITY. | OEM TAPE AND REEL PACKING ONLY.",DC/DC CONV SMD 2W RTS2412-H O/P12V 167MA MA PART NO: 60022414 0,DC_DC_CONVERTER,2W,UNSPECIFIED,UNSPECIFIED,SMD,UNSPECIFIED,UNSPECIFIED,EE|PWR|DC_DC_CONVERTER|2W|UNSPECIFIED|UNSPECIFIED|SMD|UNSPECIFIED|UNSPECIFIED,AUTO_MAPPED_TO_EXISTING_CNMC
CNMC-EE-RES-000068,BHEL,DV0692342915,ELECTRICAL_AND_ELECTRONICS,RESISTOR,"RESISTOR, VARISTOR MOV, PKG SMD","VARISTOR  Vrms: 275V SMD | MA PART NO: 62600430,0 | ROHS DEVICE WITH BACKWARD COMPATIBILITY. | OEM TAPE AND REEL PACKING ONLY.",VARISTOR VRMS: 275V SMD MA PART NO: 62600430 0,VARISTOR_MOV,UNSPECIFIED,UNSPECIFIED,UNSPECIFIED,SMD,UNSPECIFIED,UNSPECIFIED,EE|RES|VARISTOR_MOV|UNSPECIFIED|UNSPECIFIED|UNSPECIFIED|SMD|UNSPECIFIED|UNSPECIFIED,AUTO_MAPPED_TO_EXISTING_CNMC
CNMC-EE-RES-000036,BHEL,DV0692342940,ELECTRICAL_AND_ELECTRONICS,RESISTOR,"RESISTOR, VARISTOR MOV","VARISTOR  50 VRMS RAD THT | MA PART NO:   62625000,0 | ROHS DEVICE WITH BACKWARD COMPATIBILITY.",VARISTOR 50 VRMS RAD THT MA PART NO: 62625000 0,VARISTOR_MOV,UNSPECIFIED,UNSPECIFIED,UNSPECIFIED,UNSPECIFIED,UNSPECIFIED,UNSPECIFIED,EE|RES|VARISTOR_MOV|UNSPECIFIED|UNSPECIFIED|UNSPECIFIED|UNSPECIFIED|UNSPECIFIED|UNSPECIFIED,AUTO_MAPPED_TO_EXISTING_CNMC
CNMC-EE-RES-000260,BHEL,DV0692343300,ELECTRICAL_AND_ELECTRONICS,RESISTOR,"RESISTOR, 750R, 0.125W, PKG 0805",RES CHIP SMD 0805 750R 1% 0.125W | 100PPM | ROHS DEVICE WITH BACKWARD COMPATIBILITY | OEM TAPE AND REEL PACKING ONLY.,RESISTOR CHIP SMD 0805 750R 1% 0.125W 100PPM,STANDARD,750R,0.125W,UNSPECIFIED,0805,UNSPECIFIED,UNSPECIFIED,EE|RES|STANDARD|750R|0.125W|UNSPECIFIED|0805|UNSPECIFIED|UNSPECIFIED,NEW_CNMC_GENERATED
CNMC-EE-RES-000261,BHEL,DV0692343466,ELECTRICAL_AND_ELECTRONICS,RESISTOR,"RESISTOR, 56R, 0.125W, PKG 0805",RES CHIP SMD 0805 56R 1% 0.125W | 100PPM | ROHS DEVICE WITH BACKWARD COMPATIBILITY | OEM TAPE AND REEL PACKING ONLY.,RESISTOR CHIP SMD 0805 56R 1% 0.125W 100PPM,STANDARD,56R,0.125W,UNSPECIFIED,0805,UNSPECIFIED,UNSPECIFIED,EE|RES|STANDARD|56R|0.125W|UNSPECIFIED|0805|UNSPECIFIED|UNSPECIFIED,NEW_CNMC_GENERATED
CNMC-EE-RES-000262,BHEL,DV0692343555,ELECTRICAL_AND_ELECTRONICS,RESISTOR,"RESISTOR, 100R, 0.125W, PKG 0805",RES CHIP SMD 0805 100R 1% 0.125W | 100PPM | ROHS DEVICE WITH BACKWARD COMPATIBILITY | OEM TAPE AND REEL PACKING ONLY.,RESISTOR CHIP SMD 0805 100R 1% 0.125W 100PPM,STANDARD,100R,0.125W,UNSPECIFIED,0805,UNSPECIFIED,UNSPECIFIED,EE|RES|STANDARD|100R|0.125W|UNSPECIFIED|0805|UNSPECIFIED|UNSPECIFIED,NEW_CNMC_GENERATED
CNMC-EE-RES-000263,BHEL,DV0692343571,ELECTRICAL_AND_ELECTRONICS,RESISTOR,"RESISTOR, 270R, 0.125W, PKG 0805",RES CHIP SMD 0805 270R 1% 0.125W | 100PPM | ROHS DEVICE WITH BACKWARD COMPATIBILITY | OEM TAPE AND REEL PACKING ONLY.,RESISTOR CHIP SMD 0805 270R 1% 0.125W 100PPM,STANDARD,270R,0.125W,UNSPECIFIED,0805,UNSPECIFIED,UNSPECIFIED,EE|RES|STANDARD|270R|0.125W|UNSPECIFIED|0805|UNSPECIFIED|UNSPECIFIED,NEW_CNMC_GENERATED
CNMC-EE-RES-000264,BHEL,DV0692344462,ELECTRICAL_AND_ELECTRONICS,RESISTOR,"RESISTOR, 100R, 0.1W, PKG 0603",RES CHIP SMD 0603 100R 1% 0.1W | 100PPM | ROHS DEVICE WITH BACKWARD COMPATIBILITY | OEM TAPE AND REEL PACKING ONLY.,RESISTOR CHIP SMD 0603 100R 1% 0.1W 100PPM,STANDARD,100R,0.1W,UNSPECIFIED,0603,UNSPECIFIED,UNSPECIFIED,EE|RES|STANDARD|100R|0.1W|UNSPECIFIED|0603|UNSPECIFIED|UNSPECIFIED,NEW_CNMC_GENERATED
CNMC-EE-RES-000265,BHEL,DV0692344535,ELECTRICAL_AND_ELECTRONICS,RESISTOR,"RESISTOR, 0.1W, PKG 0603",RES CHIP SMD 0603 4K7 1% 0.1W 100PPM | ROHS DEVICE WITH BACKWARD COMPATIBILITY | OEM TAPE AND REEL PACKING ONLY.,RESISTOR CHIP SMD 0603 4K7 1% 0.1W 100PPM,STANDARD,UNSPECIFIED,0.1W,UNSPECIFIED,0603,UNSPECIFIED,UNSPECIFIED,EE|RES|STANDARD|UNSPECIFIED|0.1W|UNSPECIFIED|0603|UNSPECIFIED|UNSPECIFIED,NEW_CNMC_GENERATED
CNMC-EE-RES-000266,BHEL,DV0692344667,ELECTRICAL_AND_ELECTRONICS,RESISTOR,"RESISTOR, 0R, 0.1W, PKG 0603",RES CHIP SMD 0603 0R 0.1W | ROHS DEVICE WITH BACKWARD COMPATIBILITY | OEM TAPE AND REEL PACKING ONLY.,RESISTOR CHIP SMD 0603 0R 0.1W,STANDARD,0R,0.1W,UNSPECIFIED,0603,UNSPECIFIED,UNSPECIFIED,EE|RES|STANDARD|0R|0.1W|UNSPECIFIED|0603|UNSPECIFIED|UNSPECIFIED,NEW_CNMC_GENERATED
CNMC-EE-RES-000267,BHEL,DV0692344675,ELECTRICAL_AND_ELECTRONICS,RESISTOR,"RESISTOR, 22R, 0.1W, PKG 0603",RES CHIP SMD 0603 22R 1% 0.1W 100PPM | ROHS DEVICE WITH BACKWARD COMPATIBILITY | OEM TAPE AND REEL PACKING ONLY.,RESISTOR CHIP SMD 0603 22R 1% 0.1W 100PPM,STANDARD,22R,0.1W,UNSPECIFIED,0603,UNSPECIFIED,UNSPECIFIED,EE|RES|STANDARD|22R|0.1W|UNSPECIFIED|0603|UNSPECIFIED|UNSPECIFIED,NEW_CNMC_GENERATED
CNMC-EE-RES-000268,BHEL,DV0692344705,ELECTRICAL_AND_ELECTRONICS,RESISTOR,"RESISTOR, 51R, 0.1W, PKG 0603",RES CHIP SMD 0603 51R 1% 0.1W 100PPM | ROHS DEVICE WITH BACKWARD COMPATIBILITY | OEM TAPE AND REEL PACKING ONLY.,RESISTOR CHIP SMD 0603 51R 1% 0.1W 100PPM,STANDARD,51R,0.1W,UNSPECIFIED,0603,UNSPECIFIED,UNSPECIFIED,EE|RES|STANDARD|51R|0.1W|UNSPECIFIED|0603|UNSPECIFIED|UNSPECIFIED,NEW_CNMC_GENERATED
CNMC-EE-RES-000269,BHEL,DV0692344721,ELECTRICAL_AND_ELECTRONICS,RESISTOR,"RESISTOR, 120R, 0.1W, PKG 0603",RES CHIP SMD 0603 120R 1% 0.1W | 100PPM | ROHS DEVICE WITH BACKWARD COMPATIBILITY | OEM TAPE AND REEL PACKING ONLY.,RESISTOR CHIP SMD 0603 120R 1% 0.1W 100PPM,STANDARD,120R,0.1W,UNSPECIFIED,0603,UNSPECIFIED,UNSPECIFIED,EE|RES|STANDARD|120R|0.1W|UNSPECIFIED|0603|UNSPECIFIED|UNSPECIFIED,NEW_CNMC_GENERATED
CNMC-EE-RES-000270,BHEL,DV0692344730,ELECTRICAL_AND_ELECTRONICS,RESISTOR,"RESISTOR, 200R, 0.1W, PKG 0603",RES CHIP SMD 0603 200R 1% 0.1W | 100PPM | ROHS DEVICE WITH BACKWARD COMPATIBILITY | OEM TAPE AND REEL PACKING ONLY.,RESISTOR CHIP SMD 0603 200R 1% 0.1W 100PPM,STANDARD,200R,0.1W,UNSPECIFIED,0603,UNSPECIFIED,UNSPECIFIED,EE|RES|STANDARD|200R|0.1W|UNSPECIFIED|0603|UNSPECIFIED|UNSPECIFIED,NEW_CNMC_GENERATED
CNMC-EE-RES-000271,BHEL,DV0692344772,ELECTRICAL_AND_ELECTRONICS,RESISTOR,"RESISTOR, 470R, 0.1W, PKG 0603",RES CHIP SMD 0603 470R 1% 0.1W | 100PPM | ROHS DEVICE WITH BACKWARD COMPATIBILITY | OEM TAPE AND REEL PACKING ONLY.,RESISTOR CHIP SMD 0603 470R 1% 0.1W 100PPM,STANDARD,470R,0.1W,UNSPECIFIED,0603,UNSPECIFIED,UNSPECIFIED,EE|RES|STANDARD|470R|0.1W|UNSPECIFIED|0603|UNSPECIFIED|UNSPECIFIED,NEW_CNMC_GENERATED
CNMC-EE-RES-000272,BHEL,DV0692344802,ELECTRICAL_AND_ELECTRONICS,RESISTOR,"RESISTOR, 680R, 0.1W, PKG 0603",RES CHIP SMD 0603 680R 1% 0.1W | 100PPM | ROHS DEVICE WITH BACKWARD COMPATIBILITY | METSO PART NO: 62561680,RESISTOR CHIP SMD 0603 680R 1% 0.1W 100PPM,STANDARD,680R,0.1W,UNSPECIFIED,0603,UNSPECIFIED,UNSPECIFIED,EE|RES|STANDARD|680R|0.1W|UNSPECIFIED|0603|UNSPECIFIED|UNSPECIFIED,NEW_CNMC_GENERATED
CNMC-EE-RES-000265,BHEL,DV0692344870,ELECTRICAL_AND_ELECTRONICS,RESISTOR,"RESISTOR, 0.1W, PKG 0603",RES CHIP SMD 0603 2K7 1% 0.1W 100PPM | ROHS DEVICE WITH BACKWARD COMPATIBILITY | OEM TAPE AND REEL PACKING ONLY.,RESISTOR CHIP SMD 0603 2K7 1% 0.1W 100PPM,STANDARD,UNSPECIFIED,0.1W,UNSPECIFIED,0603,UNSPECIFIED,UNSPECIFIED,EE|RES|STANDARD|UNSPECIFIED|0.1W|UNSPECIFIED|0603|UNSPECIFIED|UNSPECIFIED,AUTO_MAPPED_TO_EXISTING_CNMC
CNMC-EE-RES-000273,BHEL,DV0692344942,ELECTRICAL_AND_ELECTRONICS,RESISTOR,"RESISTOR, 1K, 0.1W, PKG 0603",RES CHIP SMD 0603 1K 1% 0.1W 100PPM | ROHS DEVICE WITH BACKWARD COMPATIBILITY | OEM TAPE AND REEL PACKING ONLY.,RESISTOR CHIP SMD 0603 1K 1% 0.1W 100PPM,STANDARD,1K,0.1W,UNSPECIFIED,0603,UNSPECIFIED,UNSPECIFIED,EE|RES|STANDARD|1K|0.1W|UNSPECIFIED|0603|UNSPECIFIED|UNSPECIFIED,NEW_CNMC_GENERATED
CNMC-EE-RES-000274,BHEL,DV0692344950,ELECTRICAL_AND_ELECTRONICS,RESISTOR,"RESISTOR, 10K, 0.1W, PKG 0603",RES CHIP SMD 0603 10K 1% 0.1W 100PPM | ROHS DEVICE WITH BACKWARD COMPATIBILITY | OEM TAPE AND REEL PACKING ONLY.,RESISTOR CHIP SMD 0603 10K 1% 0.1W 100PPM,STANDARD,10K,0.1W,UNSPECIFIED,0603,UNSPECIFIED,UNSPECIFIED,EE|RES|STANDARD|10K|0.1W|UNSPECIFIED|0603|UNSPECIFIED|UNSPECIFIED,NEW_CNMC_GENERATED
CNMC-EE-RES-000275,BHEL,DV0692344993,ELECTRICAL_AND_ELECTRONICS,RESISTOR,"RESISTOR, 24K, 0.1W, PKG 0603",RES CHIP SMD 0603 24K 1% 0.1W 100PPM | ROHS DEVICE WITH BACKWARD COMPATIBILITY | OEM TAPE AND REEL PACKING ONLY.,RESISTOR CHIP SMD 0603 24K 1% 0.1W 100PPM,STANDARD,24K,0.1W,UNSPECIFIED,0603,UNSPECIFIED,UNSPECIFIED,EE|RES|STANDARD|24K|0.1W|UNSPECIFIED|0603|UNSPECIFIED|UNSPECIFIED,NEW_CNMC_GENERATED
CNMC-EE-RES-000276,BHEL,DV0692346406,ELECTRICAL_AND_ELECTRONICS,RESISTOR,"RESISTOR, 91K, 0.1W, PKG 0603",RES CHIP SMD 0603 91K 1% 0.1W 100PPM | ROHS DEVICE WITH BACKWARD COMPATIBILITY | OEM TAPE AND REEL PACKING ONLY.,RESISTOR CHIP SMD 0603 91K 1% 0.1W 100PPM,STANDARD,91K,0.1W,UNSPECIFIED,0603,UNSPECIFIED,UNSPECIFIED,EE|RES|STANDARD|91K|0.1W|UNSPECIFIED|0603|UNSPECIFIED|UNSPECIFIED,NEW_CNMC_GENERATED
CNMC-EE-RES-000277,BHEL,DV0692346414,ELECTRICAL_AND_ELECTRONICS,RESISTOR,"RESISTOR, 100K, 0.1W, PKG 0603",RES CHIP SMD 0603 100K 1% 0.1W | 100PPM | ROHS DEVICE WITH BACKWARD COMPATIBILITY | OEM TAPE AND REEL PACKING ONLY.,RESISTOR CHIP SMD 0603 100K 1% 0.1W 100PPM,STANDARD,100K,0.1W,UNSPECIFIED,0603,UNSPECIFIED,UNSPECIFIED,EE|RES|STANDARD|100K|0.1W|UNSPECIFIED|0603|UNSPECIFIED|UNSPECIFIED,NEW_CNMC_GENERATED
CNMC-EE-RES-000278,BHEL,DV0692347453,ELECTRICAL_AND_ELECTRONICS,RESISTOR,"RESISTOR, 4R7, 0.25W",RES CHIP SMD0805 4R7 ANTI PULSE 5% | 0.25W | ROHS DEVICE WITH BACKWARD COMPATIBILITY | OEM TAPE AND REEL PACKING ONLY.,RESISTOR CHIP SMD0805 4R7 ANTI PULSE 5% 0.25W,STANDARD,4R7,0.25W,UNSPECIFIED,UNSPECIFIED,UNSPECIFIED,UNSPECIFIED,EE|RES|STANDARD|4R7|0.25W|UNSPECIFIED|UNSPECIFIED|UNSPECIFIED|UNSPECIFIED,NEW_CNMC_GENERATED
CNMC-EE-RES-000279,BHEL,DV0692347500,ELECTRICAL_AND_ELECTRONICS,RESISTOR,"RESISTOR, 0R, 0.25W, PKG 1206",RES CHIP SMD 1206 5% 0R 0.25W | ROHS DEVICE WITH BACKWARD COMPATIBILITY | OEM TAPE AND REEL PACKING ONLY. | METSO PART NO: 62500000,RESISTOR CHIP SMD 1206 5% 0R 0.25W,STANDARD,0R,0.25W,UNSPECIFIED,1206,UNSPECIFIED,UNSPECIFIED,EE|RES|STANDARD|0R|0.25W|UNSPECIFIED|1206|UNSPECIFIED|UNSPECIFIED,NEW_CNMC_GENERATED
CNMC-EE-RES-000280,BHEL,DV0692347640,ELECTRICAL_AND_ELECTRONICS,RESISTOR,"RESISTOR, 10K, 0.25W, PKG 1206",RES CHIP SMD 1206 10K 1% 0.25W | 100PPM | ROHS DEVICE WITH BACKWARD COMPATIBILITY | OEM TAPE AND REEL PACKING ONLY.,RESISTOR CHIP SMD 1206 10K 1% 0.25W 100PPM,STANDARD,10K,0.25W,UNSPECIFIED,1206,UNSPECIFIED,UNSPECIFIED,EE|RES|STANDARD|10K|0.25W|UNSPECIFIED|1206|UNSPECIFIED|UNSPECIFIED,NEW_CNMC_GENERATED
CNMC-EE-RES-000281,BHEL,DV0692347682,ELECTRICAL_AND_ELECTRONICS,RESISTOR,"RESISTOR, 100K, 0.25W, PKG 1206",RES CHIP SMD 1206 100K 1% 0.25W | 100PPM | ROHS DEVICE WITH BACKWARD COMPATIBILITY | OEM TAPE AND REEL PACKING ONLY.,RESISTOR CHIP SMD 1206 100K 1% 0.25W 100PPM,STANDARD,100K,0.25W,UNSPECIFIED,1206,UNSPECIFIED,UNSPECIFIED,EE|RES|STANDARD|100K|0.25W|UNSPECIFIED|1206|UNSPECIFIED|UNSPECIFIED,NEW_CNMC_GENERATED
CNMC-EE-RES-000282,BHEL,DV0692349600,ELECTRICAL_AND_ELECTRONICS,RESISTOR,"RESISTOR, 33R0, 0.063W, PKG 0402",RES CHIP SMD 0402 33R0 1% 0.063W | 100PPM | MA PART NO: 62590033 | ROHS DEVICE WITH BACKWARD COMPATIBILITY. | OEM TAPE AND REEL PACKING ONLY.,RESISTOR CHIP SMD 0402 33R0 1% 0.063W 100PPM MA PART NO: 62590033,STANDARD,33R0,0.063W,UNSPECIFIED,0402,UNSPECIFIED,UNSPECIFIED,EE|RES|STANDARD|33R0|0.063W|UNSPECIFIED|0402|UNSPECIFIED|UNSPECIFIED,NEW_CNMC_GENERATED
CNMC-EE-RES-000283,BHEL,DV0692349634,ELECTRICAL_AND_ELECTRONICS,RESISTOR,"RESISTOR, 56R0, 0.063W, PKG 0402",RES CHIP SMD 0402 56R0 1% 0.063W | 100PPM | MA PART NO: 62590056 | ROHS DEVICE WITH BACKWARD COMPATIBILITY. | OEM TAPE AND REEL PACKING ONLY.,RESISTOR CHIP SMD 0402 56R0 1% 0.063W 100PPM MA PART NO: 62590056,STANDARD,56R0,0.063W,UNSPECIFIED,0402,UNSPECIFIED,UNSPECIFIED,EE|RES|STANDARD|56R0|0.063W|UNSPECIFIED|0402|UNSPECIFIED|UNSPECIFIED,NEW_CNMC_GENERATED
CNMC-EE-RES-000284,BHEL,DV0692349693,ELECTRICAL_AND_ELECTRONICS,RESISTOR,"RESISTOR, 0.063W, PKG 0402",RES CHIP SMD 0402 1K0 1% 0.063W | 100PPM | MA PART NO: 62592100 | ROHS DEVICE WITH BACKWARD COMPATIBILITY. | OEM TAPE AND REEL PACKING ONLY.,RESISTOR CHIP SMD 0402 1K0 1% 0.063W 100PPM MA PART NO: 62592100,STANDARD,UNSPECIFIED,0.063W,UNSPECIFIED,0402,UNSPECIFIED,UNSPECIFIED,EE|RES|STANDARD|UNSPECIFIED|0.063W|UNSPECIFIED|0402|UNSPECIFIED|UNSPECIFIED,NEW_CNMC_GENERATED
CNMC-EE-RES-000285,BHEL,DV0692350802,ELECTRICAL_AND_ELECTRONICS,RESISTOR,"RESISTOR, 0R, 0.06W, PKG 0603",RES CHIP SMD 0R 1% 100PPM 0.06W 0603 | ROHS DEVICE WITH BACKWARD COMPATIBILITY | OEM TAPE AND REEL PACKING ONLY. | maxDNA Ref NO: 82512,RESISTOR CHIP SMD 0R 1% 100PPM 0.06W 0603,STANDARD,0R,0.06W,UNSPECIFIED,0603,UNSPECIFIED,UNSPECIFIED,EE|RES|STANDARD|0R|0.06W|UNSPECIFIED|0603|UNSPECIFIED|UNSPECIFIED,NEW_CNMC_GENERATED
CNMC-EE-RES-000277,BHEL,DV0692350810,ELECTRICAL_AND_ELECTRONICS,RESISTOR,"RESISTOR, 100K, 0.1W, PKG 0603",RES CHIP SMD 0603 100K 1% 0.1W | 100PPM | ROHS DEVICE WITH BACKWARD COMPATIBILITY | OEM TAPE AND REEL PACKING ONLY.,RESISTOR CHIP SMD 0603 100K 1% 0.1W 100PPM,STANDARD,100K,0.1W,UNSPECIFIED,0603,UNSPECIFIED,UNSPECIFIED,EE|RES|STANDARD|100K|0.1W|UNSPECIFIED|0603|UNSPECIFIED|UNSPECIFIED,AUTO_MAPPED_TO_EXISTING_CNMC
CNMC-EE-RES-000265,BHEL,DV0692350896,ELECTRICAL_AND_ELECTRONICS,RESISTOR,"RESISTOR, 0.1W, PKG 0603",RES CHIP SMD 0603 47K0 1% 0.1W | 100PPM | ROHS DEVICE WITH BACKWARD COMPATIBILITY | OEM TAPE AND REEL PACKING ONLY.,RESISTOR CHIP SMD 0603 47K0 1% 0.1W 100PPM,STANDARD,UNSPECIFIED,0.1W,UNSPECIFIED,0603,UNSPECIFIED,UNSPECIFIED,EE|RES|STANDARD|UNSPECIFIED|0.1W|UNSPECIFIED|0603|UNSPECIFIED|UNSPECIFIED,AUTO_MAPPED_TO_EXISTING_CNMC
CNMC-EE-RES-000265,BHEL,DV0692350900,ELECTRICAL_AND_ELECTRONICS,RESISTOR,"RESISTOR, 0.1W, PKG 0603",RES CHIP SMD 0603 2K0 1% 0.1W 100PPM | ROHS DEVICE WITH BACKWARD COMPATIBILITY | OEM TAPE AND REEL PACKING ONLY. | maxDNA Ref NO: 82532,RESISTOR CHIP SMD 0603 2K0 1% 0.1W 100PPM,STANDARD,UNSPECIFIED,0.1W,UNSPECIFIED,0603,UNSPECIFIED,UNSPECIFIED,EE|RES|STANDARD|UNSPECIFIED|0.1W|UNSPECIFIED|0603|UNSPECIFIED|UNSPECIFIED,AUTO_MAPPED_TO_EXISTING_CNMC
CNMC-EE-RES-000286,BHEL,DV0692350942,ELECTRICAL_AND_ELECTRONICS,RESISTOR,"RESISTOR, 121R, 0.1W, PKG 0603",RES CHIP SMD 0603 121R 1% 0.1W | 100PPM | ROHS DEVICE WITH BACKWARD COMPATIBILITY | OEM TAPE AND REEL PACKING ONLY.,RESISTOR CHIP SMD 0603 121R 1% 0.1W 100PPM,STANDARD,121R,0.1W,UNSPECIFIED,0603,UNSPECIFIED,UNSPECIFIED,EE|RES|STANDARD|121R|0.1W|UNSPECIFIED|0603|UNSPECIFIED|UNSPECIFIED,NEW_CNMC_GENERATED
CNMC-EE-RES-000265,BHEL,DV0692350950,ELECTRICAL_AND_ELECTRONICS,RESISTOR,"RESISTOR, 0.1W, PKG 0603",RES CHIP SMD 0603 10K0 0.1% 0.1W | 25PPM | ROHS DEVICE WITH BACKWARD COMPATIBILITY | OEM TAPE AND REEL PACKING ONLY.,RESISTOR CHIP SMD 0603 10K0 0.1% 0.1W 25PPM,STANDARD,UNSPECIFIED,0.1W,UNSPECIFIED,0603,UNSPECIFIED,UNSPECIFIED,EE|RES|STANDARD|UNSPECIFIED|0.1W|UNSPECIFIED|0603|UNSPECIFIED|UNSPECIFIED,AUTO_MAPPED_TO_EXISTING_CNMC
CNMC-EE-RES-000287,BHEL,DV0692351787,ELECTRICAL_AND_ELECTRONICS,RESISTOR,"RESISTOR, 10R, 0.125W, PKG 0805",RES CHIP SMD 0805 10R 1% 0.125W | 100PPM | ROHS DEVICE WITH BACKWARD COMPATIBILITY. | OEM TAPE AND REEL PACKING ONLY.,RESISTOR CHIP SMD 0805 10R 1% 0.125W 100PPM,STANDARD,10R,0.125W,UNSPECIFIED,0805,UNSPECIFIED,UNSPECIFIED,EE|RES|STANDARD|10R|0.125W|UNSPECIFIED|0805|UNSPECIFIED|UNSPECIFIED,NEW_CNMC_GENERATED
CNMC-EE-RES-000288,BHEL,DV0692351809,ELECTRICAL_AND_ELECTRONICS,RESISTOR,"RESISTOR, 1K, 0.125W, PKG 0805",RES CHIP SMD 0805 1K 1% 0.125W | 100PPM | ROHS DEVICE WITH BACKWARD COMPATIBILITY. | OEM TAPE AND REEL PACKING ONLY.,RESISTOR CHIP SMD 0805 1K 1% 0.125W 100PPM,STANDARD,1K,0.125W,UNSPECIFIED,0805,UNSPECIFIED,UNSPECIFIED,EE|RES|STANDARD|1K|0.125W|UNSPECIFIED|0805|UNSPECIFIED|UNSPECIFIED,NEW_CNMC_GENERATED
CNMC-EE-RES-000098,BHEL,DV0692351876,ELECTRICAL_AND_ELECTRONICS,RESISTOR,"RESISTOR, WIREWOUND, 250R","RES WW/FOIL  RAD 250R 0,01%  MA | SPECIFIC | MA PART:62380250 | ROHS DEVICE WITH BACKWARD COMPATIBILITY.",RESISTOR WIREWOUND/FOIL RAD 250R 0 01% MA SPECIFIC MA PART:62380250,WIREWOUND,250R,UNSPECIFIED,UNSPECIFIED,UNSPECIFIED,UNSPECIFIED,UNSPECIFIED,EE|RES|WIREWOUND|250R|UNSPECIFIED|UNSPECIFIED|UNSPECIFIED|UNSPECIFIED|UNSPECIFIED,AUTO_MAPPED_TO_EXISTING_CNMC
CNMC-EE-RES-000289,BHEL,DV0692356347,ELECTRICAL_AND_ELECTRONICS,RESISTOR,"RESISTOR, 22K, 0.25W, PKG 1206",RES CHIP SMD 1206 22K 1% 0.25W | 100PPM | ROHS DEVICE WITH BACKWARD COMPATIBILITY | OEM TAPE AND REEL PACKING ONLY.,RESISTOR CHIP SMD 1206 22K 1% 0.25W 100PPM,STANDARD,22K,0.25W,UNSPECIFIED,1206,UNSPECIFIED,UNSPECIFIED,EE|RES|STANDARD|22K|0.25W|UNSPECIFIED|1206|UNSPECIFIED|UNSPECIFIED,NEW_CNMC_GENERATED
CNMC-EE-PWR-000001,BHEL,DV0692360204,ELECTRICAL_AND_ELECTRONICS,POWER_CONVERTER,"POWER_CONVERTER, DC DC CONVERTER","DC/DC CONVERTER 24V I/P, 5V O/P | DC/DC CONVERTER | SUCS62405,1.2A",DC/DC CONVERTER 24V I/P 5V O/P DC/DC CONVERTER SUCS62405 1.2A,DC_DC_CONVERTER,UNSPECIFIED,UNSPECIFIED,UNSPECIFIED,UNSPECIFIED,UNSPECIFIED,UNSPECIFIED,EE|PWR|DC_DC_CONVERTER|UNSPECIFIED|UNSPECIFIED|UNSPECIFIED|UNSPECIFIED|UNSPECIFIED|UNSPECIFIED,AUTO_MAPPED_TO_EXISTING_CNMC
CNMC-EE-PWR-000001,BHEL,DV0692360212,ELECTRICAL_AND_ELECTRONICS,POWER_CONVERTER,"POWER_CONVERTER, DC DC CONVERTER","DC/DC CONVRTR,DUAL O/P,24V | I/P,+/-15VO/P | ROHS DEVICE WITH BACKWARD COMPATIBILITY.",DC/DC CONVRTR DUAL O/P 24V I/P +/-15VO/P,DC_DC_CONVERTER,UNSPECIFIED,UNSPECIFIED,UNSPECIFIED,UNSPECIFIED,UNSPECIFIED,UNSPECIFIED,EE|PWR|DC_DC_CONVERTER|UNSPECIFIED|UNSPECIFIED|UNSPECIFIED|UNSPECIFIED|UNSPECIFIED|UNSPECIFIED,AUTO_MAPPED_TO_EXISTING_CNMC
CNMC-EE-PWR-000001,BHEL,DV0692361327,ELECTRICAL_AND_ELECTRONICS,POWER_CONVERTER,"POWER_CONVERTER, DC DC CONVERTER","DC/DC CONVRTR,24V I/P,+/-15VO/P | DC/DC CONVRTR, DUAL OUTPUT 24V | I/P,+/-15VO/P",DC/DC CONVRTR 24V I/P +/-15VO/P DC/DC CONVRTR DUAL OUTPUT 24V I/P +/-15VO/P,DC_DC_CONVERTER,UNSPECIFIED,UNSPECIFIED,UNSPECIFIED,UNSPECIFIED,UNSPECIFIED,UNSPECIFIED,EE|PWR|DC_DC_CONVERTER|UNSPECIFIED|UNSPECIFIED|UNSPECIFIED|UNSPECIFIED|UNSPECIFIED|UNSPECIFIED,AUTO_MAPPED_TO_EXISTING_CNMC
CNMC-EE-RES-000100,BHEL,DV0692361343,ELECTRICAL_AND_ELECTRONICS,RESISTOR,"RESISTOR, 11K, 0.25W, PKG 1206","RESISTOR 11K, 1% 1206 SMD 0.25W | RESISTOR 11K 1% 1206 SMD, 250mW, ± 100ppm/°C | OEM TAPE & REEL PACKING | ONLY. DATE CODE TO BE LESS THAN 24 | MONTHS FROM INVOICE DATE. BHEL'S | WRITTEN APPROVAL IS REQUIRED IN CASE OF | ANY DEVIATION FROM THE ABOVE.",RESISTOR 11K 1% 1206 SMD 0.25W RESISTOR 11K 1% 1206 SMD 250MW 100PPM/ C,STANDARD,11K,0.25W,UNSPECIFIED,1206,UNSPECIFIED,UNSPECIFIED,EE|RES|STANDARD|11K|0.25W|UNSPECIFIED|1206|UNSPECIFIED|UNSPECIFIED,AUTO_MAPPED_TO_EXISTING_CNMC
CNMC-EE-REL-000013,BHEL,DV0692361351,ELECTRICAL_AND_ELECTRONICS,RELAY,"RELAY, COIL_24VDC, CONTACT_12A","RELAY 24VDC 12A/250VAC | Relay, coil 24VDC, 12A/250VAC",RELAY 24VDC 12A/250VAC RELAY COIL 24VDC 12A/250VAC,STANDARD,COIL_24VDC,CONTACT_12A,UNSPECIFIED,UNSPECIFIED,UNSPECIFIED,UNSPECIFIED,EE|REL|STANDARD|COIL_24VDC|CONTACT_12A|UNSPECIFIED|UNSPECIFIED|UNSPECIFIED|UNSPECIFIED,AUTO_MAPPED_TO_EXISTING_CNMC
CNMC-EE-RES-000101,BHEL,DV0692361385,ELECTRICAL_AND_ELECTRONICS,RESISTOR,"RESISTOR, 20R, 0.25W, PKG 1206","RES THK FILM 20R 1206 SMD | SMD RESISTOR Thick film, 20 OHM, Case 1206, | 0.25W OEM TAPE & REEL | PACKING ONLY. DATE CODE TO BE LESS THAN | 24 MONTHS FROM INVOICE DATE.",RESISTOR THK FILM 20R 1206 SMD SMD RESISTOR THICK FILM 20R CASE 1206 0.25W,STANDARD,20R,0.25W,UNSPECIFIED,1206,UNSPECIFIED,UNSPECIFIED,EE|RES|STANDARD|20R|0.25W|UNSPECIFIED|1206|UNSPECIFIED|UNSPECIFIED,AUTO_MAPPED_TO_EXISTING_CNMC
CNMC-EE-RES-000290,BHEL,DV0692361435,ELECTRICAL_AND_ELECTRONICS,RESISTOR,"RESISTOR, 5.6K, 0.25W, PKG 1206","RES CHIP SMD 1206 5.6K 1% 0.25W | 100PPM | SMD Chip Resistor, 1206 [3216 Metric], 5.6 kohm, RC | Series, OEM TAPE & | REEL PACKING ONLY. DATE CODE TO BE LESS | THAN 24 MONTHS FROM INVOICE | DATE. BHEL'S WRITTEN APPROVAL IS REQUIRED",RESISTOR CHIP SMD 1206 5.6K 1% 0.25W 100PPM SMD CHIP RESISTOR 1206 3216 METRIC 5.6K RC SERIES,STANDARD,5.6K,0.25W,UNSPECIFIED,1206,UNSPECIFIED,UNSPECIFIED,EE|RES|STANDARD|5.6K|0.25W|UNSPECIFIED|1206|UNSPECIFIED|UNSPECIFIED,NEW_CNMC_GENERATED
CNMC-EE-RES-000291,BHEL,DV0692361443,ELECTRICAL_AND_ELECTRONICS,RESISTOR,"RESISTOR, 100R, 0.125W, PKG 1206","RES CHIP SMD 100R 1% 0.125W 100PPM | SMD Chip Resistor, 1206 [3216 Metric], 100 ohm, RC | Series, OEM TAPE & | REEL PACKING ONLY. DATE CODE TO BE LESS | THAN 24 MONTHS FROM INVOICE | DATE. BHEL'S WRITTEN APPROVAL IS REQUIRED",RESISTOR CHIP SMD 100R 1% 0.125W 100PPM SMD CHIP RESISTOR 1206 3216 METRIC 100R RC SERIES,STANDARD,100R,0.125W,UNSPECIFIED,1206,UNSPECIFIED,UNSPECIFIED,EE|RES|STANDARD|100R|0.125W|UNSPECIFIED|1206|UNSPECIFIED|UNSPECIFIED,NEW_CNMC_GENERATED
CNMC-EE-RES-000104,BHEL,DV0692400745,ELECTRICAL_AND_ELECTRONICS,RESISTOR,"RESISTOR, VARISTOR MOV, PKG THROUGH_HOLE",RES MOV 95 VAC 25J B72214S0950K101 | TH | VARISTOR 95VAC 25J TH | OEM:EPCOS,RESISTOR MOV 95 VAC 25J B72214S0950K101 THROUGH_HOLE VARISTOR 95VAC 25J THROUGH_HOLE,VARISTOR_MOV,UNSPECIFIED,UNSPECIFIED,UNSPECIFIED,THROUGH_HOLE,UNSPECIFIED,UNSPECIFIED,EE|RES|VARISTOR_MOV|UNSPECIFIED|UNSPECIFIED|UNSPECIFIED|THROUGH_HOLE|UNSPECIFIED|UNSPECIFIED,AUTO_MAPPED_TO_EXISTING_CNMC
CNMC-EE-RES-000104,BHEL,DV0692400753,ELECTRICAL_AND_ELECTRONICS,RESISTOR,"RESISTOR, VARISTOR MOV, PKG THROUGH_HOLE","RES MOV 95 VAC 50J B72220-S950-K101 | TH | VARISTOR 95VAC 50J TH | OEM:EPCOS | P/N:B72220-S950-K101 | ""OEM PACKAGING ONLY.",RESISTOR MOV 95 VAC 50J B72220-S950-K101 THROUGH_HOLE VARISTOR 95VAC 50J THROUGH_HOLE P/N:B72220-S950-K101,VARISTOR_MOV,UNSPECIFIED,UNSPECIFIED,UNSPECIFIED,THROUGH_HOLE,UNSPECIFIED,UNSPECIFIED,EE|RES|VARISTOR_MOV|UNSPECIFIED|UNSPECIFIED|UNSPECIFIED|THROUGH_HOLE|UNSPECIFIED|UNSPECIFIED,AUTO_MAPPED_TO_EXISTING_CNMC
CNMC-EE-RES-000068,BHEL,DV0692400761,ELECTRICAL_AND_ELECTRONICS,RESISTOR,"RESISTOR, VARISTOR MOV, PKG SMD","RES MOV 8 VAC 0.2J SMD | ""OEM PACKAGING ONLY.",RESISTOR MOV 8 VAC 0.2J SMD,VARISTOR_MOV,UNSPECIFIED,UNSPECIFIED,UNSPECIFIED,SMD,UNSPECIFIED,UNSPECIFIED,EE|RES|VARISTOR_MOV|UNSPECIFIED|UNSPECIFIED|UNSPECIFIED|SMD|UNSPECIFIED|UNSPECIFIED,AUTO_MAPPED_TO_EXISTING_CNMC
CNMC-EE-RES-000105,BHEL,DV0692400915,ELECTRICAL_AND_ELECTRONICS,RESISTOR,"RESISTOR, WIREWOUND, 22R, 3W, PKG THROUGH_HOLE","RES WW 22R 3W 5% 232232903229 TH | RES 22 OHM 3W 5% WIRE WOUND TH | OEM:PHOENIX | P/N: 232232903229 | ""OEM PACKAGING ONLY.",RESISTOR WIREWOUND 22R 3W 5% 232232903229 THROUGH_HOLE RESISTOR 22R 3W 5% WIRE WOUND THROUGH_HOLE P/N: 232232903229,WIREWOUND,22R,3W,UNSPECIFIED,THROUGH_HOLE,UNSPECIFIED,UNSPECIFIED,EE|RES|WIREWOUND|22R|3W|UNSPECIFIED|THROUGH_HOLE|UNSPECIFIED|UNSPECIFIED,AUTO_MAPPED_TO_EXISTING_CNMC
CNMC-EE-RES-000292,BHEL,DV0692401024,ELECTRICAL_AND_ELECTRONICS,RESISTOR,"RESISTOR, 100R, 0.25W, 1206P, PKG 1206","RES THICK SMD 100R 1% 0.25W 100PPM | RES 100 OHM .25W 1% 1206 | OEM:PHYCOMP/YAGEO | P/N:23227246101L | ""OEM PACKAGING ONLY.",RESISTOR THICK SMD 100R 1% 0.25W 100PPM RESISTOR 100R .25W 1% 1206 P/N:23227246101L,STANDARD,100R,0.25W,UNSPECIFIED,1206,1206P,UNSPECIFIED,EE|RES|STANDARD|100R|0.25W|UNSPECIFIED|1206|1206P|UNSPECIFIED,NEW_CNMC_GENERATED
CNMC-EE-RES-000293,BHEL,DV0692401032,ELECTRICAL_AND_ELECTRONICS,RESISTOR,"RESISTOR, 1K, 0.25W, 1206P, PKG 1206","RES THICK SMD 1K 1% 0.25W 100PPM | RES 1 KOHM .25W 1% 1206 | OEM:PHYCOMP/YAGEO | P/N:23227246102L | ""OEM PACKAGING ONLY.",RESISTOR THICK SMD 1K 1% 0.25W 100PPM RESISTOR 1K .25W 1% 1206 P/N:23227246102L,STANDARD,1K,0.25W,UNSPECIFIED,1206,1206P,UNSPECIFIED,EE|RES|STANDARD|1K|0.25W|UNSPECIFIED|1206|1206P|UNSPECIFIED,NEW_CNMC_GENERATED
CNMC-EE-RES-000294,BHEL,DV0692401040,ELECTRICAL_AND_ELECTRONICS,RESISTOR,"RESISTOR, 10K, 0.25W, 1206P, PKG 1206","RES THICK SMD 10K 1% 0.25W 100PPM | RES 10 KOHM .25W 1% 1206 | OEM:PHYCOMP/YAGEO | P/N:23227246103L | ""OEM PACKAGING ONLY.",RESISTOR THICK SMD 10K 1% 0.25W 100PPM RESISTOR 10K .25W 1% 1206 P/N:23227246103L,STANDARD,10K,0.25W,UNSPECIFIED,1206,1206P,UNSPECIFIED,EE|RES|STANDARD|10K|0.25W|UNSPECIFIED|1206|1206P|UNSPECIFIED,NEW_CNMC_GENERATED
CNMC-EE-RES-000295,BHEL,DV0692401059,ELECTRICAL_AND_ELECTRONICS,RESISTOR,"RESISTOR, 120R, 0.25W, 1206P, PKG 1206","RES THICK SMD 120R 1% 0.25W 100PPM | RES 120 OHM .25W 1% 1206 | OEM:PHYCOMP/YAGEO | P/N:23227246121L | ""OEM PACKAGING ONLY.",RESISTOR THICK SMD 120R 1% 0.25W 100PPM RESISTOR 120R .25W 1% 1206 P/N:23227246121L,STANDARD,120R,0.25W,UNSPECIFIED,1206,1206P,UNSPECIFIED,EE|RES|STANDARD|120R|0.25W|UNSPECIFIED|1206|1206P|UNSPECIFIED,NEW_CNMC_GENERATED
CNMC-EE-RES-000296,BHEL,DV0692401067,ELECTRICAL_AND_ELECTRONICS,RESISTOR,"RESISTOR, 22R, 0.25W, PKG 1206",RES THICK SMD 22R 1% 0.25W 100PPM | RES 22 OHM .25W 1% 1206,RESISTOR THICK SMD 22R 1% 0.25W 100PPM RESISTOR 22R .25W 1% 1206,STANDARD,22R,0.25W,UNSPECIFIED,1206,UNSPECIFIED,UNSPECIFIED,EE|RES|STANDARD|22R|0.25W|UNSPECIFIED|1206|UNSPECIFIED|UNSPECIFIED,NEW_CNMC_GENERATED
CNMC-EE-RES-000297,BHEL,DV0692401075,ELECTRICAL_AND_ELECTRONICS,RESISTOR,"RESISTOR, 220K, 0.25W, 1206P, PKG 1206","RES THICK SMD 220K 1% 0.25W 100PPM | RES 220 KOHM .25W 1% 1206 | OEM:PHYCOMP/YAGEO | P/N:23227246224L | ""OEM PACKAGING ONLY.",RESISTOR THICK SMD 220K 1% 0.25W 100PPM RESISTOR 220K .25W 1% 1206 P/N:23227246224L,STANDARD,220K,0.25W,UNSPECIFIED,1206,1206P,UNSPECIFIED,EE|RES|STANDARD|220K|0.25W|UNSPECIFIED|1206|1206P|UNSPECIFIED,NEW_CNMC_GENERATED
CNMC-EE-RES-000298,BHEL,DV0692401083,ELECTRICAL_AND_ELECTRONICS,RESISTOR,"RESISTOR, 33K, 0.25W, 1206P, PKG 1206","RES THICK SMD 33K 1% 0.25W 100PPM | RES 33 KOHM .25W 1% 1206 | OEM:PHYCOMP/YAGEO | P/N:23227246333L | ""OEM PACKAGING ONLY.",RESISTOR THICK SMD 33K 1% 0.25W 100PPM RESISTOR 33K .25W 1% 1206 P/N:23227246333L,STANDARD,33K,0.25W,UNSPECIFIED,1206,1206P,UNSPECIFIED,EE|RES|STANDARD|33K|0.25W|UNSPECIFIED|1206|1206P|UNSPECIFIED,NEW_CNMC_GENERATED
CNMC-EE-RES-000299,BHEL,DV0692401113,ELECTRICAL_AND_ELECTRONICS,RESISTOR,"RESISTOR, 47K, 0.25W, 1206P, PKG 1206","RES THICK SMD 47K 1% 0.25W 100PPM | RES 47 KOHM .25W 1% 1206 | OEM:PHYCOMP/YAGEO | P/N:23227246473L | ""OEM PACKAGING ONLY.",RESISTOR THICK SMD 47K 1% 0.25W 100PPM RESISTOR 47K .25W 1% 1206 P/N:23227246473L,STANDARD,47K,0.25W,UNSPECIFIED,1206,1206P,UNSPECIFIED,EE|RES|STANDARD|47K|0.25W|UNSPECIFIED|1206|1206P|UNSPECIFIED,NEW_CNMC_GENERATED
CNMC-EE-RES-000300,BHEL,DV0692401121,ELECTRICAL_AND_ELECTRONICS,RESISTOR,"RESISTOR, 56R, 0.25W, 1206P, PKG 1206","RES THICK SMD 56R 1% 0.25W 100PPM | RES 56 OHM .25W 1% 1206 | OEM:PHYCOMP/YAGEO | P/N:232272465609L | ""OEM PACKAGING ONLY.",RESISTOR THICK SMD 56R 1% 0.25W 100PPM RESISTOR 56R .25W 1% 1206 P/N:232272465609L,STANDARD,56R,0.25W,UNSPECIFIED,1206,1206P,UNSPECIFIED,EE|RES|STANDARD|56R|0.25W|UNSPECIFIED|1206|1206P|UNSPECIFIED,NEW_CNMC_GENERATED
CNMC-EE-RES-000301,BHEL,DV0692401130,ELECTRICAL_AND_ELECTRONICS,RESISTOR,"RESISTOR, 68R, 0.25W, 1206P, PKG 1206","RES THICK SMD 68R 1% 0.25W 100PPM | RES 68 OHM .25W 1% 1206 | OEM:PHYCOMP/YAGEO | P/N:232272466809L | ""OEM PACKAGING ONLY.",RESISTOR THICK SMD 68R 1% 0.25W 100PPM RESISTOR 68R .25W 1% 1206 P/N:232272466809L,STANDARD,68R,0.25W,UNSPECIFIED,1206,1206P,UNSPECIFIED,EE|RES|STANDARD|68R|0.25W|UNSPECIFIED|1206|1206P|UNSPECIFIED,NEW_CNMC_GENERATED
CNMC-EE-RES-000302,BHEL,DV0692401148,ELECTRICAL_AND_ELECTRONICS,RESISTOR,"RESISTOR, 680R, 0.25W, 1206P, PKG 1206","RES THICK SMD 680R 1% 0.25W 100PPM | RES 680 OHM .25W 1% 1206 | OEM:PHYCOMP/YAGEO | P/N:23227246681L | ""OEM PACKAGING ONLY.",RESISTOR THICK SMD 680R 1% 0.25W 100PPM RESISTOR 680R .25W 1% 1206 P/N:23227246681L,STANDARD,680R,0.25W,UNSPECIFIED,1206,1206P,UNSPECIFIED,EE|RES|STANDARD|680R|0.25W|UNSPECIFIED|1206|1206P|UNSPECIFIED,NEW_CNMC_GENERATED
CNMC-EE-RES-000303,BHEL,DV0692401156,ELECTRICAL_AND_ELECTRONICS,RESISTOR,"RESISTOR, 75R, 0.25W, 1206P, PKG 1206","RES THICK SMD 75R 1% 0.25W 100PPM | RES 75 OHM .25W 1% 1206 | OEM:PHYCOMP/YAGEO | P/N:232272467509L | ""OEM PACKAGING ONLY.",RESISTOR THICK SMD 75R 1% 0.25W 100PPM RESISTOR 75R .25W 1% 1206 P/N:232272467509L,STANDARD,75R,0.25W,UNSPECIFIED,1206,1206P,UNSPECIFIED,EE|RES|STANDARD|75R|0.25W|UNSPECIFIED|1206|1206P|UNSPECIFIED,NEW_CNMC_GENERATED
CNMC-EE-RES-000304,BHEL,DV0692401164,ELECTRICAL_AND_ELECTRONICS,RESISTOR,"RESISTOR, 1R, 0.1W, 0805P, PKG 0805","RES THICK SMD 1R 1% 0.1W 200PPM | RES 1 OHM .1W 1% 0805 | OEM:PHYCOMP/YAGEO | P/N:232273461008L | ""OEM PACKAGING ONLY.",RESISTOR THICK SMD 1R 1% 0.1W 200PPM RESISTOR 1R .1W 1% 0805 P/N:232273461008L,STANDARD,1R,0.1W,UNSPECIFIED,0805,0805P,UNSPECIFIED,EE|RES|STANDARD|1R|0.1W|UNSPECIFIED|0805|0805P|UNSPECIFIED,NEW_CNMC_GENERATED
CNMC-EE-RES-000305,BHEL,DV0692401172,ELECTRICAL_AND_ELECTRONICS,RESISTOR,"RESISTOR, 10R, 0.1W, PKG 0805","RES THICK SMD 10R 1% 0.1W 100PPM | RES 10 OHM .1W 1% 0805 | OEM:PHYCOMP/YAGEO | ""OEM PACKAGING ONLY.",RESISTOR THICK SMD 10R 1% 0.1W 100PPM RESISTOR 10R .1W 1% 0805,STANDARD,10R,0.1W,UNSPECIFIED,0805,UNSPECIFIED,UNSPECIFIED,EE|RES|STANDARD|10R|0.1W|UNSPECIFIED|0805|UNSPECIFIED|UNSPECIFIED,NEW_CNMC_GENERATED
CNMC-EE-RES-000306,BHEL,DV0692401180,ELECTRICAL_AND_ELECTRONICS,RESISTOR,"RESISTOR, 100R, 0.1W, 0805P, PKG 0805","RES THICK SMD 100R 1% 0.1W 100PPM | RES 100R 0.1W 1% 0805 | OEM:PHYCOMP/YAGEO | P/N:23227346101L | ""OEM PACKAGING ONLY.",RESISTOR THICK SMD 100R 1% 0.1W 100PPM RESISTOR 100R 0.1W 1% 0805 P/N:23227346101L,STANDARD,100R,0.1W,UNSPECIFIED,0805,0805P,UNSPECIFIED,EE|RES|STANDARD|100R|0.1W|UNSPECIFIED|0805|0805P|UNSPECIFIED,NEW_CNMC_GENERATED
CNMC-EE-RES-000307,BHEL,DV0692401199,ELECTRICAL_AND_ELECTRONICS,RESISTOR,"RESISTOR, 1K, 0.1W, 0805P, PKG 0805","RES THICK SMD 1K 1% 0.1W 100PPM | RES 1 KOHM .1W 1% 0805 | OEM:PHYCOMP/YAGEO | P/N:23227346102L | ""OEM PACKAGING ONLY.",RESISTOR THICK SMD 1K 1% 0.1W 100PPM RESISTOR 1K .1W 1% 0805 P/N:23227346102L,STANDARD,1K,0.1W,UNSPECIFIED,0805,0805P,UNSPECIFIED,EE|RES|STANDARD|1K|0.1W|UNSPECIFIED|0805|0805P|UNSPECIFIED,NEW_CNMC_GENERATED
CNMC-EE-RES-000308,BHEL,DV0692401202,ELECTRICAL_AND_ELECTRONICS,RESISTOR,"RESISTOR, 10K, 0.1W, 0805P, PKG 0805","RES THICK SMD 10K 1% 0.1W 100PPM | RES 10 KOHM .1W 1% 0805 | OEM:PHYCOMP/YAGEO | P/N:23227346103L | ""OEM PACKAGING ONLY.",RESISTOR THICK SMD 10K 1% 0.1W 100PPM RESISTOR 10K .1W 1% 0805 P/N:23227346103L,STANDARD,10K,0.1W,UNSPECIFIED,0805,0805P,UNSPECIFIED,EE|RES|STANDARD|10K|0.1W|UNSPECIFIED|0805|0805P|UNSPECIFIED,NEW_CNMC_GENERATED
CNMC-EE-RES-000309,BHEL,DV0692401210,ELECTRICAL_AND_ELECTRONICS,RESISTOR,"RESISTOR, 100K, 0.1W, 0805P, PKG 0805","RES THICK SMD 100K 1% 0.1W 100PPM | RES 100 KOHM .1W 1% 0805 | OEM:PHYCOMP/YAGEO | P/N:23227346104L | ""OEM PACKAGING ONLY.",RESISTOR THICK SMD 100K 1% 0.1W 100PPM RESISTOR 100K .1W 1% 0805 P/N:23227346104L,STANDARD,100K,0.1W,UNSPECIFIED,0805,0805P,UNSPECIFIED,EE|RES|STANDARD|100K|0.1W|UNSPECIFIED|0805|0805P|UNSPECIFIED,NEW_CNMC_GENERATED
CNMC-EE-RES-000310,BHEL,DV0692401229,ELECTRICAL_AND_ELECTRONICS,RESISTOR,"RESISTOR, 1.2K, 0.1W, 0805P, PKG 0805","RES THICK SMD 1.2K 1% 0.1W 100PPM | RES 1.2 KOHM .1W 1% 0805 | OEM:PHYCOMP/YAGEO | P/N:23227346122L | ""OEM PACKAGING ONLY.",RESISTOR THICK SMD 1.2K 1% 0.1W 100PPM RESISTOR 1.2K .1W 1% 0805 P/N:23227346122L,STANDARD,1.2K,0.1W,UNSPECIFIED,0805,0805P,UNSPECIFIED,EE|RES|STANDARD|1.2K|0.1W|UNSPECIFIED|0805|0805P|UNSPECIFIED,NEW_CNMC_GENERATED
CNMC-EE-RES-000311,BHEL,DV0692401237,ELECTRICAL_AND_ELECTRONICS,RESISTOR,"RESISTOR, 12K, 0.1W, 0805P, PKG 0805","RES THICK SMD 12K 1% 0.1W 100PPM | RES 12 KOHM .1W 1% 0805 | OEM:PHYCOMP/YAGEO | P/N:23227346123L | ""OEM PACKAGING ONLY.",RESISTOR THICK SMD 12K 1% 0.1W 100PPM RESISTOR 12K .1W 1% 0805 P/N:23227346123L,STANDARD,12K,0.1W,UNSPECIFIED,0805,0805P,UNSPECIFIED,EE|RES|STANDARD|12K|0.1W|UNSPECIFIED|0805|0805P|UNSPECIFIED,NEW_CNMC_GENERATED
CNMC-EE-RES-000312,BHEL,DV0692401245,ELECTRICAL_AND_ELECTRONICS,RESISTOR,"RESISTOR, 150R, 0.1W, 0805P, PKG 0805","RES THICK SMD 150R 1% 0.1W 100PPM | RES 150 OHM .1W 1% 0805 | OEM:PHYCOMP/YAGEO | P/N:23227346151L | ""OEM PACKAGING ONLY.",RESISTOR THICK SMD 150R 1% 0.1W 100PPM RESISTOR 150R .1W 1% 0805 P/N:23227346151L,STANDARD,150R,0.1W,UNSPECIFIED,0805,0805P,UNSPECIFIED,EE|RES|STANDARD|150R|0.1W|UNSPECIFIED|0805|0805P|UNSPECIFIED,NEW_CNMC_GENERATED
CNMC-EE-RES-000313,BHEL,DV0692401253,ELECTRICAL_AND_ELECTRONICS,RESISTOR,"RESISTOR, 1.5K, 0.1W, 0805P, PKG 0805","RES THICK SMD 1.5K 1% 0.1W 100PPM | RES 1.5 KOHM .1W 1% 0805 | OEM:PHYCOMP/YAGEO | P/N:23227346152L | ""OEM PACKAGING ONLY.",RESISTOR THICK SMD 1.5K 1% 0.1W 100PPM RESISTOR 1.5K .1W 1% 0805 P/N:23227346152L,STANDARD,1.5K,0.1W,UNSPECIFIED,0805,0805P,UNSPECIFIED,EE|RES|STANDARD|1.5K|0.1W|UNSPECIFIED|0805|0805P|UNSPECIFIED,NEW_CNMC_GENERATED
CNMC-EE-RES-000314,BHEL,DV0692401261,ELECTRICAL_AND_ELECTRONICS,RESISTOR,"RESISTOR, 15K, 0.1W, 0805P, PKG 0805","RES THICK SMD 15K 1% 0.1W 100PPM | RES 15 KOHM .1W 1% 0805 | OEM:PHYCOMP/YAGEO | P/N:23227346153L | ""OEM PACKAGING ONLY.",RESISTOR THICK SMD 15K 1% 0.1W 100PPM RESISTOR 15K .1W 1% 0805 P/N:23227346153L,STANDARD,15K,0.1W,UNSPECIFIED,0805,0805P,UNSPECIFIED,EE|RES|STANDARD|15K|0.1W|UNSPECIFIED|0805|0805P|UNSPECIFIED,NEW_CNMC_GENERATED
CNMC-EE-RES-000315,BHEL,DV0692401288,ELECTRICAL_AND_ELECTRONICS,RESISTOR,"RESISTOR, 22R, 0.1W, 0805P, PKG 0805","RES THICK SMD 22R 1% 0.1W 100PPM | RES 22 OHM .1W 1% 0805 | OEM:PHYCOMP/YAGEO | P/N:232273462209L | ""OEM PACKAGING ONLY.",RESISTOR THICK SMD 22R 1% 0.1W 100PPM RESISTOR 22R .1W 1% 0805 P/N:232273462209L,STANDARD,22R,0.1W,UNSPECIFIED,0805,0805P,UNSPECIFIED,EE|RES|STANDARD|22R|0.1W|UNSPECIFIED|0805|0805P|UNSPECIFIED,NEW_CNMC_GENERATED
CNMC-EE-RES-000316,BHEL,DV0692401296,ELECTRICAL_AND_ELECTRONICS,RESISTOR,"RESISTOR, 220R, 0.1W, PKG 0805",RES#THICK#SMD#220R#1%#0.1W#100PPM#0805 | RES 220 OHM .1W 1% 0805,RESISTOR THICK SMD 220R 1% 0.1W 100PPM 0805 RESISTOR 220R .1W 1% 0805,STANDARD,220R,0.1W,UNSPECIFIED,0805,UNSPECIFIED,UNSPECIFIED,EE|RES|STANDARD|220R|0.1W|UNSPECIFIED|0805|UNSPECIFIED|UNSPECIFIED,NEW_CNMC_GENERATED
CNMC-EE-RES-000317,BHEL,DV0692401300,ELECTRICAL_AND_ELECTRONICS,RESISTOR,"RESISTOR, 2.2K, 0.1W, 0805P, PKG 0805","RES THICK SMD 2.2K 1% 0.1W 100PPM | RES 2.2 KOHM 0.1W 1% 0805 | OEM:PHYCOMP/YAGEO | P/N:23227346222L | ""OEM PACKAGING ONLY.",RESISTOR THICK SMD 2.2K 1% 0.1W 100PPM RESISTOR 2.2K 0.1W 1% 0805 P/N:23227346222L,STANDARD,2.2K,0.1W,UNSPECIFIED,0805,0805P,UNSPECIFIED,EE|RES|STANDARD|2.2K|0.1W|UNSPECIFIED|0805|0805P|UNSPECIFIED,NEW_CNMC_GENERATED
CNMC-EE-RES-000318,BHEL,DV0692401318,ELECTRICAL_AND_ELECTRONICS,RESISTOR,"RESISTOR, 22K, 0.1W, 0805P, PKG 0805","RES THICK SMD 22K 1% 0.1W 100PPM | RES 22 KOHM .1W 1% 0805 | OEM:PHYCOMP/YAGEO | P/N:23227346223L | ""OEM PACKAGING ONLY.",RESISTOR THICK SMD 22K 1% 0.1W 100PPM RESISTOR 22K .1W 1% 0805 P/N:23227346223L,STANDARD,22K,0.1W,UNSPECIFIED,0805,0805P,UNSPECIFIED,EE|RES|STANDARD|22K|0.1W|UNSPECIFIED|0805|0805P|UNSPECIFIED,NEW_CNMC_GENERATED
CNMC-EE-RES-000319,BHEL,DV0692401326,ELECTRICAL_AND_ELECTRONICS,RESISTOR,"RESISTOR, 270R, 0.1W, 0805P, PKG 0805","RES THICK SMD 270R 1% 0.1W 100PPM | RES 270 OHM .1W 1% 0805 | OEM:PHYCOMP/YAGEO | P/N:23227346271L | ""OEM PACKAGING ONLY.",RESISTOR THICK SMD 270R 1% 0.1W 100PPM RESISTOR 270R .1W 1% 0805 P/N:23227346271L,STANDARD,270R,0.1W,UNSPECIFIED,0805,0805P,UNSPECIFIED,EE|RES|STANDARD|270R|0.1W|UNSPECIFIED|0805|0805P|UNSPECIFIED,NEW_CNMC_GENERATED
CNMC-EE-RES-000320,BHEL,DV0692401334,ELECTRICAL_AND_ELECTRONICS,RESISTOR,"RESISTOR, 33R, 0.1W, 0805P, PKG 0805","RES THICK SMD 33R 1% 0.1W 100PPM | RES 33 OHM .1W 1% 0805 | OEM:PHYCOMP/YAGEO | P/N:232273463309L | ""OEM PACKAGING ONLY.",RESISTOR THICK SMD 33R 1% 0.1W 100PPM RESISTOR 33R .1W 1% 0805 P/N:232273463309L,STANDARD,33R,0.1W,UNSPECIFIED,0805,0805P,UNSPECIFIED,EE|RES|STANDARD|33R|0.1W|UNSPECIFIED|0805|0805P|UNSPECIFIED,NEW_CNMC_GENERATED
CNMC-EE-RES-000321,BHEL,DV0692401342,ELECTRICAL_AND_ELECTRONICS,RESISTOR,"RESISTOR, 330R, 0.1W, 0805P, PKG 0805","RES THICK SMD 330R 1% 0.1W 100PPM | RES 330 OHM .1W 1% 0805 | OEM:PHYCOMP/YAGEO | P/N:23227346331L | ""OEM PACKAGING ONLY.",RESISTOR THICK SMD 330R 1% 0.1W 100PPM RESISTOR 330R .1W 1% 0805 P/N:23227346331L,STANDARD,330R,0.1W,UNSPECIFIED,0805,0805P,UNSPECIFIED,EE|RES|STANDARD|330R|0.1W|UNSPECIFIED|0805|0805P|UNSPECIFIED,NEW_CNMC_GENERATED
CNMC-EE-RES-000322,BHEL,DV0692401350,ELECTRICAL_AND_ELECTRONICS,RESISTOR,"RESISTOR, 3.3K, 0.1W, 0805P, PKG 0805","RES THICK SMD 3.3K 1% 0.1W 100PPM | RES 3.3 KOHM .1W 1% 0805 | OEM:PHYCOMP/YAGEO | P/N:23227346332L | ""OEM PACKAGING ONLY.",RESISTOR THICK SMD 3.3K 1% 0.1W 100PPM RESISTOR 3.3K .1W 1% 0805 P/N:23227346332L,STANDARD,3.3K,0.1W,UNSPECIFIED,0805,0805P,UNSPECIFIED,EE|RES|STANDARD|3.3K|0.1W|UNSPECIFIED|0805|0805P|UNSPECIFIED,NEW_CNMC_GENERATED
CNMC-EE-RES-000323,BHEL,DV0692401369,ELECTRICAL_AND_ELECTRONICS,RESISTOR,"RESISTOR, 33K, 0.1W, 0805P, PKG 0805","RES THICK SMD 33K 1% 0.1W 100PPM | RES 33 KOHM .1W 1% 0805 | OEM:PHYCOMP/YAGEO | P/N:23227346333L | ""OEM PACKAGING ONLY.",RESISTOR THICK SMD 33K 1% 0.1W 100PPM RESISTOR 33K .1W 1% 0805 P/N:23227346333L,STANDARD,33K,0.1W,UNSPECIFIED,0805,0805P,UNSPECIFIED,EE|RES|STANDARD|33K|0.1W|UNSPECIFIED|0805|0805P|UNSPECIFIED,NEW_CNMC_GENERATED
CNMC-EE-RES-000324,BHEL,DV0692401377,ELECTRICAL_AND_ELECTRONICS,RESISTOR,"RESISTOR, 330K, 0.1W, 0805P, PKG 0805","RES THICK SMD 330K 1% 0.1W 100PPM | RES 330 KOHM .1W 1% 0805 | OEM:PHYCOMP/YAGEO | P/N:23227346334L | ""OEM PACKAGING ONLY.",RESISTOR THICK SMD 330K 1% 0.1W 100PPM RESISTOR 330K .1W 1% 0805 P/N:23227346334L,STANDARD,330K,0.1W,UNSPECIFIED,0805,0805P,UNSPECIFIED,EE|RES|STANDARD|330K|0.1W|UNSPECIFIED|0805|0805P|UNSPECIFIED,NEW_CNMC_GENERATED
CNMC-EE-RES-000139,BHEL,DV0692401385,ELECTRICAL_AND_ELECTRONICS,RESISTOR,"RESISTOR, 47R, 0.1W, PKG SMD",RES THICK SMD 47R 1% 0.1W 100PPM,RESISTOR THICK SMD 47R 1% 0.1W 100PPM,STANDARD,47R,0.1W,UNSPECIFIED,SMD,UNSPECIFIED,UNSPECIFIED,EE|RES|STANDARD|47R|0.1W|UNSPECIFIED|SMD|UNSPECIFIED|UNSPECIFIED,AUTO_MAPPED_TO_EXISTING_CNMC
CNMC-EE-RES-000325,BHEL,DV0692401393,ELECTRICAL_AND_ELECTRONICS,RESISTOR,"RESISTOR, 470R, 0.1W, 0805P, PKG 0805","RES THICK SMD 470R 1% 0.1W 100PPM | RES 470 OHM .1W 1% 0805 | OEM:PHYCOMP/YAGEO | P/N:23227346471L | ""OEM PACKAGING ONLY.",RESISTOR THICK SMD 470R 1% 0.1W 100PPM RESISTOR 470R .1W 1% 0805 P/N:23227346471L,STANDARD,470R,0.1W,UNSPECIFIED,0805,0805P,UNSPECIFIED,EE|RES|STANDARD|470R|0.1W|UNSPECIFIED|0805|0805P|UNSPECIFIED,NEW_CNMC_GENERATED
CNMC-EE-RES-000326,BHEL,DV0692401407,ELECTRICAL_AND_ELECTRONICS,RESISTOR,"RESISTOR, 4.7K, 0.1W, 0805P, PKG 0805","RES THICK SMD 4.7K 1% 0.1W 100PPM | RES 4.7 KOHM .1W 1% 0805 | OEM:PHYCOMP/YAGEO | P/N:23227346472L | ""OEM PACKAGING ONLY.",RESISTOR THICK SMD 4.7K 1% 0.1W 100PPM RESISTOR 4.7K .1W 1% 0805 P/N:23227346472L,STANDARD,4.7K,0.1W,UNSPECIFIED,0805,0805P,UNSPECIFIED,EE|RES|STANDARD|4.7K|0.1W|UNSPECIFIED|0805|0805P|UNSPECIFIED,NEW_CNMC_GENERATED
CNMC-EE-RES-000327,BHEL,DV0692401415,ELECTRICAL_AND_ELECTRONICS,RESISTOR,"RESISTOR, 47K, 0.1W, 0805P, PKG 0805","RES#THICK#SMD#47K#1%#0.1W#100PPM#0805 | RES 47 KOHM .1W 1% 0805 | OEM:PHYCOMP/YAGEO | P/N:23227346473L | ""OEM PACKAGING ONLY.",RESISTOR THICK SMD 47K 1% 0.1W 100PPM 0805 RESISTOR 47K .1W 1% 0805 P/N:23227346473L,STANDARD,47K,0.1W,UNSPECIFIED,0805,0805P,UNSPECIFIED,EE|RES|STANDARD|47K|0.1W|UNSPECIFIED|0805|0805P|UNSPECIFIED,NEW_CNMC_GENERATED
CNMC-EE-RES-000328,BHEL,DV0692401423,ELECTRICAL_AND_ELECTRONICS,RESISTOR,"RESISTOR, 560R, 0.1W, 0805P, PKG 0805","RES THICK SMD 560R 1% 0.1W 100PPM | RES 560 OHM .1W 1% 0805 | OEM:PHYCOMP/YAGEO | P/N:23227346561L | ""OEM PACKAGING ONLY.",RESISTOR THICK SMD 560R 1% 0.1W 100PPM RESISTOR 560R .1W 1% 0805 P/N:23227346561L,STANDARD,560R,0.1W,UNSPECIFIED,0805,0805P,UNSPECIFIED,EE|RES|STANDARD|560R|0.1W|UNSPECIFIED|0805|0805P|UNSPECIFIED,NEW_CNMC_GENERATED
CNMC-EE-RES-000329,BHEL,DV0692401431,ELECTRICAL_AND_ELECTRONICS,RESISTOR,"RESISTOR, 56K, 0.1W, 0805P, PKG 0805","RES THICK SMD 56K 1%  0.1W 100PPM | RES 56 KOHM .1W 1% 0805 | OEM:PHYCOMP/YAGEO | P/N:23227346563L | ""OEM PACKAGING ONLY.",RESISTOR THICK SMD 56K 1% 0.1W 100PPM RESISTOR 56K .1W 1% 0805 P/N:23227346563L,STANDARD,56K,0.1W,UNSPECIFIED,0805,0805P,UNSPECIFIED,EE|RES|STANDARD|56K|0.1W|UNSPECIFIED|0805|0805P|UNSPECIFIED,NEW_CNMC_GENERATED
CNMC-EE-RES-000330,BHEL,DV0692401440,ELECTRICAL_AND_ELECTRONICS,RESISTOR,"RESISTOR, 560K, 0.1W, 0805P, PKG 0805","RES THICK SMD 560K 1% 0.1W 100PPM | RES 560 KOHM .1W 1% 0805 | OEM:PHYCOMP/YAGEO | P/N:23227346564L | ""OEM PACKAGING ONLY.",RESISTOR THICK SMD 560K 1% 0.1W 100PPM RESISTOR 560K .1W 1% 0805 P/N:23227346564L,STANDARD,560K,0.1W,UNSPECIFIED,0805,0805P,UNSPECIFIED,EE|RES|STANDARD|560K|0.1W|UNSPECIFIED|0805|0805P|UNSPECIFIED,NEW_CNMC_GENERATED
CNMC-EE-RES-000331,BHEL,DV0692401458,ELECTRICAL_AND_ELECTRONICS,RESISTOR,"RESISTOR, 68R, 0.1W, 0805P, PKG 0805","RES THICK SMD 68R 1% 0.1W 100PPM | RES 68 OHM .1W 1% 0805 | OEM:PHYCOMP/YAGEO | P/N:232273466809L | ""OEM PACKAGING ONLY.",RESISTOR THICK SMD 68R 1% 0.1W 100PPM RESISTOR 68R .1W 1% 0805 P/N:232273466809L,STANDARD,68R,0.1W,UNSPECIFIED,0805,0805P,UNSPECIFIED,EE|RES|STANDARD|68R|0.1W|UNSPECIFIED|0805|0805P|UNSPECIFIED,NEW_CNMC_GENERATED
CNMC-EE-RES-000332,BHEL,DV0692401466,ELECTRICAL_AND_ELECTRONICS,RESISTOR,"RESISTOR, 680R, 0.1W, 0805P, PKG 0805","RES THICK SMD 680R 1% 0.1W 100PPM | RES 680 OHM .1W 1% 0805 | OEM:PHYCOMP/YAGEO | P/N:23227346681L | ""OEM PACKAGING ONLY.",RESISTOR THICK SMD 680R 1% 0.1W 100PPM RESISTOR 680R .1W 1% 0805 P/N:23227346681L,STANDARD,680R,0.1W,UNSPECIFIED,0805,0805P,UNSPECIFIED,EE|RES|STANDARD|680R|0.1W|UNSPECIFIED|0805|0805P|UNSPECIFIED,NEW_CNMC_GENERATED
CNMC-EE-RES-000333,BHEL,DV0692401474,ELECTRICAL_AND_ELECTRONICS,RESISTOR,"RESISTOR, 6.8K, 0.1W, PKG 0805",RES THICK SMD 6.8K 1% 0.1W 100PPM | RES 6.8 KOHM .1W 1% 0805,RESISTOR THICK SMD 6.8K 1% 0.1W 100PPM RESISTOR 6.8K .1W 1% 0805,STANDARD,6.8K,0.1W,UNSPECIFIED,0805,UNSPECIFIED,UNSPECIFIED,EE|RES|STANDARD|6.8K|0.1W|UNSPECIFIED|0805|UNSPECIFIED|UNSPECIFIED,NEW_CNMC_GENERATED
CNMC-EE-RES-000334,BHEL,DV0692401482,ELECTRICAL_AND_ELECTRONICS,RESISTOR,"RESISTOR, 8.2K, 0.1W, 0805P, PKG 0805","RES THICK SMD 8.2K 1% 0.1W 100PPM | RES 8.2 KOHM .1W 1% 0805 | OEM:PHYCOMP/YAGEO | P/N:23227346822L | ""OEM PACKAGING ONLY.",RESISTOR THICK SMD 8.2K 1% 0.1W 100PPM RESISTOR 8.2K .1W 1% 0805 P/N:23227346822L,STANDARD,8.2K,0.1W,UNSPECIFIED,0805,0805P,UNSPECIFIED,EE|RES|STANDARD|8.2K|0.1W|UNSPECIFIED|0805|0805P|UNSPECIFIED,NEW_CNMC_GENERATED
CNMC-EE-PWR-000006,BHEL,DV0692401776,ELECTRICAL_AND_ELECTRONICS,POWER_CONVERTER,"POWER_CONVERTER, DC DC CONVERTER, 2W","DC-DC CONVTR 5V/2X12V 2W SIP | TMH0512D | DC/DC CONVERTER 5V/2X12V 2W SIP | OEM:TRACO | P/N:TMH0512D | ""OEM PACKAGING ONLY.",DC-DC CONVTR 5V/2X12V 2W SIP TMH0512D DC/DC CONVERTER 5V/2X12V 2W SIP P/N:TMH0512D,DC_DC_CONVERTER,2W,UNSPECIFIED,UNSPECIFIED,UNSPECIFIED,UNSPECIFIED,UNSPECIFIED,EE|PWR|DC_DC_CONVERTER|2W|UNSPECIFIED|UNSPECIFIED|UNSPECIFIED|UNSPECIFIED|UNSPECIFIED,AUTO_MAPPED_TO_EXISTING_CNMC
CNMC-EE-RES-000335,BHEL,DV0692401822,ELECTRICAL_AND_ELECTRONICS,RESISTOR,"RESISTOR, 130K, 0.1W, 0805P, PKG 0805","RES THIN SMD 130K 0.1% 0.1W 10PPM | RES 130 KOHM .1W .1% 10PPM 0805 | OEM:TYCO | P/N:RN73C2A130KB | ""OEM PACKAGING ONLY.",RESISTOR THIN SMD 130K 0.1% 0.1W 10PPM RESISTOR 130K .1W .1% 10PPM 0805 P/N:RN73C2A130KB,STANDARD,130K,0.1W,UNSPECIFIED,0805,0805P,UNSPECIFIED,EE|RES|STANDARD|130K|0.1W|UNSPECIFIED|0805|0805P|UNSPECIFIED,NEW_CNMC_GENERATED
CNMC-EE-RES-000336,BHEL,DV0692401830,ELECTRICAL_AND_ELECTRONICS,RESISTOR,"RESISTOR, 13K, 1W, 0805P, PKG 0805","RES THIN SMD 13K 0.1% .1W 10PPM 0805 | RES 13 KOHM .1W .1% 10PPM 0805 | OEM:TYCO | P/N:RN73C2A130KB | ""OEM PACKAGING ONLY.",RESISTOR THIN SMD 13K 0.1% .1W 10PPM 0805 RESISTOR 13K .1W .1% 10PPM 0805 P/N:RN73C2A130KB,STANDARD,13K,1W,UNSPECIFIED,0805,0805P,UNSPECIFIED,EE|RES|STANDARD|13K|1W|UNSPECIFIED|0805|0805P|UNSPECIFIED,NEW_CNMC_GENERATED
CNMC-EE-RES-000337,BHEL,DV0692401849,ELECTRICAL_AND_ELECTRONICS,RESISTOR,"RESISTOR, 16.2K, 0.1W, 0805P, PKG 0805","RES THIN SMD 16.2K 0.1% 0.1W 10PPM | RES 16.2 KOHM .1W .1% 10PPM 0805 | OEM:TYCO | P/N:RN73C2A16K2B | ""OEM PACKAGING ONLY.",RESISTOR THIN SMD 16.2K 0.1% 0.1W 10PPM RESISTOR 16.2K .1W .1% 10PPM 0805 P/N:RN73C2A16K2B,STANDARD,16.2K,0.1W,UNSPECIFIED,0805,0805P,UNSPECIFIED,EE|RES|STANDARD|16.2K|0.1W|UNSPECIFIED|0805|0805P|UNSPECIFIED,NEW_CNMC_GENERATED
CNMC-EE-RES-000338,BHEL,DV0692401857,ELECTRICAL_AND_ELECTRONICS,RESISTOR,"RESISTOR, 23.7K, 0.1W, 0805P, PKG 0805","RES THIN SMD 23.7K 0.1% 0.1W 10PPM | RES 23.7 KOHM .1W .1% 10PPM 0805 | OEM:TYCO | P/N:RN73C2A23K7B | ""OEM PACKAGING ONLY.",RESISTOR THIN SMD 23.7K 0.1% 0.1W 10PPM RESISTOR 23.7K .1W .1% 10PPM 0805 P/N:RN73C2A23K7B,STANDARD,23.7K,0.1W,UNSPECIFIED,0805,0805P,UNSPECIFIED,EE|RES|STANDARD|23.7K|0.1W|UNSPECIFIED|0805|0805P|UNSPECIFIED,NEW_CNMC_GENERATED
CNMC-EE-RES-000339,BHEL,DV0692401865,ELECTRICAL_AND_ELECTRONICS,RESISTOR,"RESISTOR, 75K, 0.1W, PKG 0805",RES THIN SMD 75K 0.1% 0.1W 10PPM | RES 75 KOHM .1W .1% 10PPM 0805,RESISTOR THIN SMD 75K 0.1% 0.1W 10PPM RESISTOR 75K .1W .1% 10PPM 0805,STANDARD,75K,0.1W,UNSPECIFIED,0805,UNSPECIFIED,UNSPECIFIED,EE|RES|STANDARD|75K|0.1W|UNSPECIFIED|0805|UNSPECIFIED|UNSPECIFIED,NEW_CNMC_GENERATED
CNMC-EE-RES-000340,BHEL,DV0692401873,ELECTRICAL_AND_ELECTRONICS,RESISTOR,"RESISTOR, 8.25K, 0.1W, 0805P, PKG 0805","RES THIN SMD 8.25K 0.1% 0.1W 10PPM | RES 8.25 KOHM .1W .1% 10PPM 0805 | OEM:TYCO | P/N:RN73C2A8K25B | ""OEM PACKAGING ONLY.",RESISTOR THIN SMD 8.25K 0.1% 0.1W 10PPM RESISTOR 8.25K .1W .1% 10PPM 0805 P/N:RN73C2A8K25B,STANDARD,8.25K,0.1W,UNSPECIFIED,0805,0805P,UNSPECIFIED,EE|RES|STANDARD|8.25K|0.1W|UNSPECIFIED|0805|0805P|UNSPECIFIED,NEW_CNMC_GENERATED
CNMC-EE-RES-000341,BHEL,DV0692401970,ELECTRICAL_AND_ELECTRONICS,RESISTOR,"RESISTOR, 0.2R, 2W, PKG 2512","RES THICK FILM 0.2 OHM 2W 1% 2512 | SMD | RES THIN FILM 0.2 OHM 2W 1% 2512 SMD | OEM:WELWYN | P/N:LR2512-0R20F | ""OEM PACKAGING ONLY.",RESISTOR THICK FILM 0.2R 2W 1% 2512 SMD RESISTOR THIN FILM 0.2R 2W 1% 2512 SMD P/N:LR2512-0R20F,STANDARD,0.2R,2W,UNSPECIFIED,2512,UNSPECIFIED,UNSPECIFIED,EE|RES|STANDARD|0.2R|2W|UNSPECIFIED|2512|UNSPECIFIED|UNSPECIFIED,NEW_CNMC_GENERATED
CNMC-EE-RES-000342,BHEL,DV0692402004,ELECTRICAL_AND_ELECTRONICS,RESISTOR,"RESISTOR, 1K, 0.33W, 1206P, PKG 1206","RES SMD SURG CUR 1K 1% 0.33W | 200PPM 1206 | RESISTOR SURGE 1K 200PPM/K 1% 1206 | OEM:KOA P/N:SG73P2BTTD1001F | ""OEM PACKAGING ONLY.",RESISTOR SMD SURG CUR 1K 1% 0.33W 200PPM 1206 RESISTOR SURGE 1K 200PPM/K 1% 1206 P/N:SG73P2BTTD1001F,STANDARD,1K,0.33W,UNSPECIFIED,1206,1206P,UNSPECIFIED,EE|RES|STANDARD|1K|0.33W|UNSPECIFIED|1206|1206P|UNSPECIFIED,NEW_CNMC_GENERATED
CNMC-EE-RES-000343,BHEL,DV0692402241,ELECTRICAL_AND_ELECTRONICS,RESISTOR,"RESISTOR, METAL FILM, 150R, 0.25W, PKG 1206",RES THICK SMD 150R 1% 0.25W 100PPM | RES MF SMD 150R 1% .25W 50PPM 1206 | OEM PACKAGING ONLY.,RESISTOR THICK SMD 150R 1% 0.25W 100PPM RESISTOR METAL_FILM SMD 150R 1% .25W 50PPM 1206,METAL_FILM,150R,0.25W,UNSPECIFIED,1206,UNSPECIFIED,UNSPECIFIED,EE|RES|METAL_FILM|150R|0.25W|UNSPECIFIED|1206|UNSPECIFIED|UNSPECIFIED,NEW_CNMC_GENERATED
CNMC-EE-RES-000344,BHEL,DV0692402250,ELECTRICAL_AND_ELECTRONICS,RESISTOR,"RESISTOR, METAL FILM, 1R, 2W, PKG 2512","RES THICK FILM SMD 1R  1% 2W 50PPM | RES MF SMD 1R  1% 2W 50PPM 2512 | OEM:WELWYN | ""OEM PACKAGING ONLY.",RESISTOR THICK FILM SMD 1R 1% 2W 50PPM RESISTOR METAL_FILM SMD 1R 1% 2W 50PPM 2512,METAL_FILM,1R,2W,UNSPECIFIED,2512,UNSPECIFIED,UNSPECIFIED,EE|RES|METAL_FILM|1R|2W|UNSPECIFIED|2512|UNSPECIFIED|UNSPECIFIED,NEW_CNMC_GENERATED
CNMC-EE-PWR-000007,BHEL,DV0692402551,ELECTRICAL_AND_ELECTRONICS,POWER_CONVERTER,"POWER_CONVERTER, DC DC CONVERTER, 1W",DC/DC CONVTR 24V/2X12V 1W SIP | DC/DC CONVERTER | 24V/2X12V 1W SIP | OEM:C and D TECH | P/N:NMA2412SC | OEM PACKAGING ONLY.,DC/DC CONVTR 24V/2X12V 1W SIP DC/DC CONVERTER 24V/2X12V 1W SIP AND D TECH P/N:NMA2412SC,DC_DC_CONVERTER,1W,UNSPECIFIED,UNSPECIFIED,UNSPECIFIED,UNSPECIFIED,UNSPECIFIED,EE|PWR|DC_DC_CONVERTER|1W|UNSPECIFIED|UNSPECIFIED|UNSPECIFIED|UNSPECIFIED|UNSPECIFIED,AUTO_MAPPED_TO_EXISTING_CNMC
CNMC-EE-PWR-000008,BHEL,DV0692402586,ELECTRICAL_AND_ELECTRONICS,POWER_CONVERTER,"POWER_CONVERTER, DC DC CONVERTER, 1W, PKG SMD",DC/DC CONVERTER 3V/5V 1W NTE0305M | SMD | DC/DC CONVTR 3V/5V 1W | NTE0305M DIL SMD | OEM:C and D TECH | P/N:NTE0305M | OEM PACKAGING ONLY.,DC/DC CONVERTER 3V/5V 1W NTE0305M SMD DC/DC CONVTR 3V/5V 1W NTE0305M DIL SMD AND D TECH P/N:NTE0305M,DC_DC_CONVERTER,1W,UNSPECIFIED,UNSPECIFIED,SMD,UNSPECIFIED,3V/5V,EE|PWR|DC_DC_CONVERTER|1W|UNSPECIFIED|UNSPECIFIED|SMD|UNSPECIFIED|UNSPECIFIED,AUTO_MAPPED_TO_EXISTING_CNMC
CNMC-EE-XFMR-000001,BHEL,DV0692402810,ELECTRICAL_AND_ELECTRONICS,TRANSFORMER,"TRANSFORMER, 1P, PKG SMD",TRANSFORMER 10/100BASE-T SINGLE PORT | SMD | TRANSFORMER MAGNETICS 10/100 BASE-T | SINGLE PORT SMD TX1:1 RX1:1 | OEM:PULSE | P/N:HX1198NL,TRANSFORMER 10/100BASE-T SINGLE PORT SMD TRANSFORMER MAGNETICS 10/100 BASE-T SINGLE PORT SMD TX1:1 RX1:1 P/N:HX1198NL,STANDARD,UNSPECIFIED,UNSPECIFIED,UNSPECIFIED,SMD,1P,UNSPECIFIED,EE|XFMR|STANDARD|UNSPECIFIED|UNSPECIFIED|UNSPECIFIED|SMD|1P|UNSPECIFIED,AUTO_MAPPED_TO_EXISTING_CNMC
CNMC-EE-RES-000345,BHEL,DV0692402934,ELECTRICAL_AND_ELECTRONICS,RESISTOR,"RESISTOR, METAL FILM, 10R, 0.25W, 1206P, PKG 1206","RES THICK SMD 10R 1% 0.25W 200PPM | RES MF SMD 10R 1% .25W 50PPM 1206 | OEM:PHYCOMP/YAGEO | P/N:232272461009L/RC1206FR-0710R | ""OEM PACKAGING ONLY.",RESISTOR THICK SMD 10R 1% 0.25W 200PPM RESISTOR METAL_FILM SMD 10R 1% .25W 50PPM 1206 P/N:232272461009L/RC1206FR-0710R,METAL_FILM,10R,0.25W,UNSPECIFIED,1206,1206P,UNSPECIFIED,EE|RES|METAL_FILM|10R|0.25W|UNSPECIFIED|1206|1206P|UNSPECIFIED,NEW_CNMC_GENERATED
CNMC-EE-RES-000346,BHEL,DV0692402950,ELECTRICAL_AND_ELECTRONICS,RESISTOR,"RESISTOR, METAL FILM, 2.2R, 0.25W, 1206P, PKG 1206","RES THICK SMD 2.2R 1% 0.25W 200PPM | RES MF SMD 2.2R 1% .25W 50PPM 1206 | OEM:PHYCOMP/YAGEO | P/N:232272462208L/RC1206FR-072R2 | ""OEM PACKAGING ONLY.",RESISTOR THICK SMD 2.2R 1% 0.25W 200PPM RESISTOR METAL_FILM SMD 2.2R 1% .25W 50PPM 1206 P/N:232272462208L/RC1206FR-072R2,METAL_FILM,2.2R,0.25W,UNSPECIFIED,1206,1206P,UNSPECIFIED,EE|RES|METAL_FILM|2.2R|0.25W|UNSPECIFIED|1206|1206P|UNSPECIFIED,NEW_CNMC_GENERATED
CNMC-EE-RES-000347,BHEL,DV0692402969,ELECTRICAL_AND_ELECTRONICS,RESISTOR,"RESISTOR, METAL FILM, 2.2K, 0.25W, 1206P, PKG 1206","RES THICK SMD 2.2K 1% 0.25W 100PPM | RES MF SMD 2.2K 1% .25W 50PPM 1206 | OEM:PHYCOMP/YAGEO | P/N:23227246222L/RC1206FR-072K2 | ""OEM PACKAGING ONLY.",RESISTOR THICK SMD 2.2K 1% 0.25W 100PPM RESISTOR METAL_FILM SMD 2.2K 1% .25W 50PPM 1206 P/N:23227246222L/RC1206FR-072K2,METAL_FILM,2.2K,0.25W,UNSPECIFIED,1206,1206P,UNSPECIFIED,EE|RES|METAL_FILM|2.2K|0.25W|UNSPECIFIED|1206|1206P|UNSPECIFIED,NEW_CNMC_GENERATED
CNMC-EE-RES-000348,BHEL,DV0692402977,ELECTRICAL_AND_ELECTRONICS,RESISTOR,"RESISTOR, METAL FILM, 3.3R, 0.25W, PKG 1206",RES THICK SMD 3.3R 1% 0.25W 200PPM | RES MF SMD 3.3R 1% .25W 50PPM 1206 | OEM PACKAGING ONLY.,RESISTOR THICK SMD 3.3R 1% 0.25W 200PPM RESISTOR METAL_FILM SMD 3.3R 1% .25W 50PPM 1206,METAL_FILM,3.3R,0.25W,UNSPECIFIED,1206,UNSPECIFIED,UNSPECIFIED,EE|RES|METAL_FILM|3.3R|0.25W|UNSPECIFIED|1206|UNSPECIFIED|UNSPECIFIED,NEW_CNMC_GENERATED
CNMC-EE-RES-000349,BHEL,DV0692402985,ELECTRICAL_AND_ELECTRONICS,RESISTOR,"RESISTOR, METAL FILM, 6.8R, 0.25W, PKG 1206",RES MF SMD 6.8R 1% 0.25W 200PPM | RES MF SMD 6.8R 1% .25W 50PPM 1206,RESISTOR METAL_FILM SMD 6.8R 1% 0.25W 200PPM RESISTOR METAL_FILM SMD 6.8R 1% .25W 50PPM 1206,METAL_FILM,6.8R,0.25W,UNSPECIFIED,1206,UNSPECIFIED,UNSPECIFIED,EE|RES|METAL_FILM|6.8R|0.25W|UNSPECIFIED|1206|UNSPECIFIED|UNSPECIFIED,NEW_CNMC_GENERATED
CNMC-EE-RES-000350,BHEL,DV0692403000,ELECTRICAL_AND_ELECTRONICS,RESISTOR,"RESISTOR, METAL FILM, 82R, 0.25W, 1206P, PKG 1206","RES THICK SMD 82R 1% 0.25W 200PPM | RES MF SMD 82R 1% .25W 50PPM 1206 | OEM:PHYCOMP/YAGEO | P/N:232272468209L/RC1206FR-0782R | ""OEM PACKAGING ONLY.",RESISTOR THICK SMD 82R 1% 0.25W 200PPM RESISTOR METAL_FILM SMD 82R 1% .25W 50PPM 1206 P/N:232272468209L/RC1206FR-0782R,METAL_FILM,82R,0.25W,UNSPECIFIED,1206,1206P,UNSPECIFIED,EE|RES|METAL_FILM|82R|0.25W|UNSPECIFIED|1206|1206P|UNSPECIFIED,NEW_CNMC_GENERATED
CNMC-EE-RES-000351,BHEL,DV0692403027,ELECTRICAL_AND_ELECTRONICS,RESISTOR,"RESISTOR, METAL FILM, 1M, 0.1W, 0805P, PKG 0805","RES THICK SMD 1M 1% 0.1W 100PPM | RES MF SMD 1M 1% .1W 50PPM 0805 | OEM:PHYCOMP/YAGEO | P/N:23227346105L/RC0805FR-071M | ""OEM PACKAGING ONLY.",RESISTOR THICK SMD 1M 1% 0.1W 100PPM RESISTOR METAL_FILM SMD 1M 1% .1W 50PPM 0805 P/N:23227346105L/RC0805FR-071M,METAL_FILM,1M,0.1W,UNSPECIFIED,0805,0805P,UNSPECIFIED,EE|RES|METAL_FILM|1M|0.1W|UNSPECIFIED|0805|0805P|UNSPECIFIED,NEW_CNMC_GENERATED
CNMC-EE-RES-000352,BHEL,DV0692403043,ELECTRICAL_AND_ELECTRONICS,RESISTOR,"RESISTOR, METAL FILM, 120K, 0.1W, 0805P, PKG 0805","RES THICK SMD 120K 1% 0.1W 100PPM | RES MF SMD 120K 1% .1W 50PPM 0805 | OEM:PHYCOMP/YAGEO | P/N:23227346124L/RC0805FR-07120K | ""OEM PACKAGING ONLY.",RESISTOR THICK SMD 120K 1% 0.1W 100PPM RESISTOR METAL_FILM SMD 120K 1% .1W 50PPM 0805 P/N:23227346124L/RC0805FR-07120K,METAL_FILM,120K,0.1W,UNSPECIFIED,0805,0805P,UNSPECIFIED,EE|RES|METAL_FILM|120K|0.1W|UNSPECIFIED|0805|0805P|UNSPECIFIED,NEW_CNMC_GENERATED
CNMC-EE-RES-000353,BHEL,DV0692403060,ELECTRICAL_AND_ELECTRONICS,RESISTOR,"RESISTOR, METAL FILM, 18K, 0.1W, 0805P, PKG 0805","RES THICK SMD 18K 1% 0.1W 100PPM | RES MF SMD 18K 1% .1W 50PPM 0805 | OEM:PHYCOMP/YAGEO | P/N:23227346183L/RC0805FR-0718K | ""OEM PACKAGING ONLY.",RESISTOR THICK SMD 18K 1% 0.1W 100PPM RESISTOR METAL_FILM SMD 18K 1% .1W 50PPM 0805 P/N:23227346183L/RC0805FR-0718K,METAL_FILM,18K,0.1W,UNSPECIFIED,0805,0805P,UNSPECIFIED,EE|RES|METAL_FILM|18K|0.1W|UNSPECIFIED|0805|0805P|UNSPECIFIED,NEW_CNMC_GENERATED
CNMC-EE-RES-000354,BHEL,DV0692403086,ELECTRICAL_AND_ELECTRONICS,RESISTOR,"RESISTOR, METAL FILM, 220K, 0.1W, PKG 0805",RES MF SMD 220K 1% 0.1W 100PPM 0805 | RES MF SMD 220K 1% .1W 50PPM 0805 | OEM PACKAGING ONLY.,RESISTOR METAL_FILM SMD 220K 1% 0.1W 100PPM 0805 RESISTOR METAL_FILM SMD 220K 1% .1W 50PPM 0805,METAL_FILM,220K,0.1W,UNSPECIFIED,0805,UNSPECIFIED,UNSPECIFIED,EE|RES|METAL_FILM|220K|0.1W|UNSPECIFIED|0805|UNSPECIFIED|UNSPECIFIED,NEW_CNMC_GENERATED
CNMC-EE-RES-000355,BHEL,DV0692403094,ELECTRICAL_AND_ELECTRONICS,RESISTOR,"RESISTOR, METAL FILM, 2.7K, 0.1W, 0805P, PKG 0805","RES THICK SMD 2.7K 1% 0.1W 100PPM | RES MF SMD 2.7K 1% .1W 50PPM 0805 | OEM:PHYCOMP/YAGEO | P/N:23227346272L/RC0805FR-072K7 | ""OEM PACKAGING ONLY.",RESISTOR THICK SMD 2.7K 1% 0.1W 100PPM RESISTOR METAL_FILM SMD 2.7K 1% .1W 50PPM 0805 P/N:23227346272L/RC0805FR-072K7,METAL_FILM,2.7K,0.1W,UNSPECIFIED,0805,0805P,UNSPECIFIED,EE|RES|METAL_FILM|2.7K|0.1W|UNSPECIFIED|0805|0805P|UNSPECIFIED,NEW_CNMC_GENERATED
CNMC-EE-RES-000356,BHEL,DV0692403116,ELECTRICAL_AND_ELECTRONICS,RESISTOR,"RESISTOR, METAL FILM, 3.9K, 0.1W, 0805P, PKG 0805","RES THICK SMD 3.9K 1% 0.1W 100PPM | RES MF SMD 3.9K 1% .1W 50PPM 0805 | OEM:PHYCOMP/YAGEO | P/N:23227346392L/RC0805FR-073K9 | ""OEM PACKAGING ONLY.",RESISTOR THICK SMD 3.9K 1% 0.1W 100PPM RESISTOR METAL_FILM SMD 3.9K 1% .1W 50PPM 0805 P/N:23227346392L/RC0805FR-073K9,METAL_FILM,3.9K,0.1W,UNSPECIFIED,0805,0805P,UNSPECIFIED,EE|RES|METAL_FILM|3.9K|0.1W|UNSPECIFIED|0805|0805P|UNSPECIFIED,NEW_CNMC_GENERATED
CNMC-EE-RES-000357,BHEL,DV0692403159,ELECTRICAL_AND_ELECTRONICS,RESISTOR,"RESISTOR, METAL FILM, 390R, 0.1W, 0805P, PKG 0805","RES THICK SMD 390R 1% 0.1W 100PPM | RES MF SMD 390R 1% .1W 50PPM 0805 | OEM:PHYCOMP/YAGEO | P/N:23227346391L/RC0805FR-07390R | ""OEM PACKAGING ONLY.",RESISTOR THICK SMD 390R 1% 0.1W 100PPM RESISTOR METAL_FILM SMD 390R 1% .1W 50PPM 0805 P/N:23227346391L/RC0805FR-07390R,METAL_FILM,390R,0.1W,UNSPECIFIED,0805,0805P,UNSPECIFIED,EE|RES|METAL_FILM|390R|0.1W|UNSPECIFIED|0805|0805P|UNSPECIFIED,NEW_CNMC_GENERATED
CNMC-EE-RES-000358,BHEL,DV0692403167,ELECTRICAL_AND_ELECTRONICS,RESISTOR,"RESISTOR, METAL FILM, 820R, 0.1W, 0805P, PKG 0805",RES THICK SMD 820R 1% 0.1W 100PPM | RES MF SMD 820R 1% .1W 50PPM 0805 | OEM:PHYCOMP/YAGEO | P/N:23227346821L/RC0805FR-07820R,RESISTOR THICK SMD 820R 1% 0.1W 100PPM RESISTOR METAL_FILM SMD 820R 1% .1W 50PPM 0805 P/N:23227346821L/RC0805FR-07820R,METAL_FILM,820R,0.1W,UNSPECIFIED,0805,0805P,UNSPECIFIED,EE|RES|METAL_FILM|820R|0.1W|UNSPECIFIED|0805|0805P|UNSPECIFIED,NEW_CNMC_GENERATED
CNMC-EE-RES-000359,BHEL,DV0692403175,ELECTRICAL_AND_ELECTRONICS,RESISTOR,"RESISTOR, 0R, PKG 0805","RES THICK FILM 0R SMD 0805 5% | RES 0R 5% 0805 SMD | OEM:PHYCOMP/YAGEO | P/N:RC0805JR070RL | ""OEM PACKAGING ONLY.",RESISTOR THICK FILM 0R SMD 0805 5% RESISTOR 0R 5% 0805 SMD P/N:RC0805JR070RL,STANDARD,0R,UNSPECIFIED,UNSPECIFIED,0805,UNSPECIFIED,UNSPECIFIED,EE|RES|STANDARD|0R|UNSPECIFIED|UNSPECIFIED|0805|UNSPECIFIED|UNSPECIFIED,NEW_CNMC_GENERATED
CNMC-EE-RES-000309,BHEL,DV0692403299,ELECTRICAL_AND_ELECTRONICS,RESISTOR,"RESISTOR, 100K, 0.1W, 0805P, PKG 0805","RES THIN SMD 100K 0.1W 0.1% 10PPM | RES 100K .1W .1% 10PPM 0805 | OEM:TYCO | P/N:RN73C2A100KB | ""OEM PACKAGING ONLY.",RESISTOR THIN SMD 100K 0.1W 0.1% 10PPM RESISTOR 100K .1W .1% 10PPM 0805 P/N:RN73C2A100KB,STANDARD,100K,0.1W,UNSPECIFIED,0805,0805P,UNSPECIFIED,EE|RES|STANDARD|100K|0.1W|UNSPECIFIED|0805|0805P|UNSPECIFIED,AUTO_MAPPED_TO_EXISTING_CNMC
CNMC-EE-RES-000306,BHEL,DV0692403302,ELECTRICAL_AND_ELECTRONICS,RESISTOR,"RESISTOR, 100R, 0.1W, 0805P, PKG 0805","RES THIN SMD 100R 0.1W 0.1% 10PPM | RES 100R .1W .1% 10PPM 0805 | OEM:TYCO | P/N:RN73C2A100RB | ""OEM PACKAGING ONLY.",RESISTOR THIN SMD 100R 0.1W 0.1% 10PPM RESISTOR 100R .1W .1% 10PPM 0805 P/N:RN73C2A100RB,STANDARD,100R,0.1W,UNSPECIFIED,0805,0805P,UNSPECIFIED,EE|RES|STANDARD|100R|0.1W|UNSPECIFIED|0805|0805P|UNSPECIFIED,AUTO_MAPPED_TO_EXISTING_CNMC
CNMC-EE-RES-000314,BHEL,DV0692403310,ELECTRICAL_AND_ELECTRONICS,RESISTOR,"RESISTOR, 15K, 0.1W, 0805P, PKG 0805","RES THIN SMD 15K 0.1W 0.1% 10PPM | RES 15K .1W .1% 10PPM 0805 | OEM:TYCO P/N:RN73C2A15KB | ""OEM PACKAGING ONLY.",RESISTOR THIN SMD 15K 0.1W 0.1% 10PPM RESISTOR 15K .1W .1% 10PPM 0805 P/N:RN73C2A15KB,STANDARD,15K,0.1W,UNSPECIFIED,0805,0805P,UNSPECIFIED,EE|RES|STANDARD|15K|0.1W|UNSPECIFIED|0805|0805P|UNSPECIFIED,AUTO_MAPPED_TO_EXISTING_CNMC
CNMC-EE-RES-000360,BHEL,DV0692403329,ELECTRICAL_AND_ELECTRONICS,RESISTOR,"RESISTOR, 2K, 0.1W, 0805P, PKG 0805","RES THIN SMD 2K 0.1W 0.1% 10PPM 0805 | RES 2K .1W .1% 10PPM 0805 | OEM:TYCO | P/N:RN73C2A2K00B | ""OEM PACKAGING ONLY.",RESISTOR THIN SMD 2K 0.1W 0.1% 10PPM 0805 RESISTOR 2K .1W .1% 10PPM 0805 P/N:RN73C2A2K00B,STANDARD,2K,0.1W,UNSPECIFIED,0805,0805P,UNSPECIFIED,EE|RES|STANDARD|2K|0.1W|UNSPECIFIED|0805|0805P|UNSPECIFIED,NEW_CNMC_GENERATED
CNMC-EE-RES-000176,BHEL,DV0692403388,ELECTRICAL_AND_ELECTRONICS,RESISTOR,"RESISTOR, METAL FILM, 15R, 0.25W, PKG AXIAL","RES MF 15R 0.25W 0.1% 10 PPM AXIAL | RES 15R .25W .1% AXIAL | OEM:TYCO | P/N:YR1B15RCC | ""OEM PACKAGING ONLY.",RESISTOR METAL_FILM 15R 0.25W 0.1% 10 PPM AXIAL RESISTOR 15R .25W .1% AXIAL P/N:YR1B15RCC,METAL_FILM,15R,0.25W,UNSPECIFIED,AXIAL,UNSPECIFIED,UNSPECIFIED,EE|RES|METAL_FILM|15R|0.25W|UNSPECIFIED|AXIAL|UNSPECIFIED|UNSPECIFIED,AUTO_MAPPED_TO_EXISTING_CNMC
CNMC-EE-RES-000361,BHEL,DV0692403400,ELECTRICAL_AND_ELECTRONICS,RESISTOR,"RESISTOR, 200K, 0.1W, 0805P, PKG 0805",RES THIN SMD 200K 0.1W 0.1% 25PPM | RES 200K .1W .1% 25PPM 0805 | OEM:WELWYN | P/N:PCF0805R-200KB,RESISTOR THIN SMD 200K 0.1W 0.1% 25PPM RESISTOR 200K .1W .1% 25PPM 0805 P/N:PCF0805R-200KB,STANDARD,200K,0.1W,UNSPECIFIED,0805,0805P,UNSPECIFIED,EE|RES|STANDARD|200K|0.1W|UNSPECIFIED|0805|0805P|UNSPECIFIED,NEW_CNMC_GENERATED
CNMC-EE-REL-000014,BHEL,DV0692403523,ELECTRICAL_AND_ELECTRONICS,RELAY,"RELAY, 1CO, COIL_24V, CONTACT_6A","RELAY 24V 1CO 6A 250VAC | V23092A1024-A201 | RELAY V23092-A1024-A201 | OEM:TYCO | P/N:2-1393236-1 | ""OEM PACKAGING ONLY.",RELAY 24V 1CO 6A 250VAC V23092A1024-A201 RELAY V23092-A1024-A201 P/N:2-1393236-1,1CO,COIL_24V,CONTACT_6A,UNSPECIFIED,UNSPECIFIED,UNSPECIFIED,UNSPECIFIED,EE|REL|1CO|COIL_24V|CONTACT_6A|UNSPECIFIED|UNSPECIFIED|UNSPECIFIED|UNSPECIFIED,AUTO_MAPPED_TO_EXISTING_CNMC
CNMC-EE-RES-000362,BHEL,DV0692403922,ELECTRICAL_AND_ELECTRONICS,RESISTOR,"RESISTOR, METAL FILM, 0R, PKG 1206","RES MF SMD 0R 1206 | RESISTOR 0R 1206 SMD | OEM:YAGEO/PHYCOMP | P/N:RC1206FR-070RL | ""OEM PACKAGING ONLY.",RESISTOR METAL_FILM SMD 0R 1206 RESISTOR 0R 1206 SMD P/N:RC1206FR-070RL,METAL_FILM,0R,UNSPECIFIED,UNSPECIFIED,1206,UNSPECIFIED,UNSPECIFIED,EE|RES|METAL_FILM|0R|UNSPECIFIED|UNSPECIFIED|1206|UNSPECIFIED|UNSPECIFIED,NEW_CNMC_GENERATED
CNMC-EE-RES-000363,BHEL,DV0692403930,ELECTRICAL_AND_ELECTRONICS,RESISTOR,"RESISTOR, 1R0, 0.25W, 1206P, PKG 1206","RES THICK SMD 1R0 0.25W 1% 200PPM | RESISTOR 1R .25W 1% 1206 | OEM:YAGEO/PHYCOMP | P/N:RC1206FR-071RL | ""OEM PACKAGING ONLY.",RESISTOR THICK SMD 1R0 0.25W 1% 200PPM RESISTOR 1R .25W 1% 1206 P/N:RC1206FR-071RL,STANDARD,1R0,0.25W,UNSPECIFIED,1206,1206P,UNSPECIFIED,EE|RES|STANDARD|1R0|0.25W|UNSPECIFIED|1206|1206P|UNSPECIFIED,NEW_CNMC_GENERATED
CNMC-EE-RES-000364,BHEL,DV0692403957,ELECTRICAL_AND_ELECTRONICS,RESISTOR,"RESISTOR, METAL FILM, 18R0, 0.25W, 1206P, PKG 1206","RES MF SMD 18R0 0.25W 1% 100PPM | RESISTOR 18R .25W 1% 1206 | OEM:YAGEO/PHYCOMP | P/N:RC1206FR-0718RL | ""OEM PACKAGING ONLY.",RESISTOR METAL_FILM SMD 18R0 0.25W 1% 100PPM RESISTOR 18R .25W 1% 1206 P/N:RC1206FR-0718RL,METAL_FILM,18R0,0.25W,UNSPECIFIED,1206,1206P,UNSPECIFIED,EE|RES|METAL_FILM|18R0|0.25W|UNSPECIFIED|1206|1206P|UNSPECIFIED,NEW_CNMC_GENERATED
CNMC-EE-RES-000365,BHEL,DV0692403973,ELECTRICAL_AND_ELECTRONICS,RESISTOR,"RESISTOR, METAL FILM, 2.7R, 0.25W, 1206P, PKG 1206","RES MF SMD 2.7R 0.25W 1% 200PPM | RESISTOR 2.7R .25W 1% 1206 | OEM:YAGEO/PHYCOMP | P/N:RC1206FR-072R7L | ""OEM PACKAGING ONLY.",RESISTOR METAL_FILM SMD 2.7R 0.25W 1% 200PPM RESISTOR 2.7R .25W 1% 1206 P/N:RC1206FR-072R7L,METAL_FILM,2.7R,0.25W,UNSPECIFIED,1206,1206P,UNSPECIFIED,EE|RES|METAL_FILM|2.7R|0.25W|UNSPECIFIED|1206|1206P|UNSPECIFIED,NEW_CNMC_GENERATED
CNMC-EE-RES-000366,BHEL,DV0692403981,ELECTRICAL_AND_ELECTRONICS,RESISTOR,"RESISTOR, METAL FILM, 39R, 0.25W, 1206P, PKG 1206","RES MF SMD 39R 0.25W 1% 100PPM 1206 | RESISTOR 39R .25W 1% 1206 | OEM:YAGEO/PHYCOMP | P/N:RC1206FR-0739RL | ""OEM PACKAGING ONLY.",RESISTOR METAL_FILM SMD 39R 0.25W 1% 100PPM 1206 RESISTOR 39R .25W 1% 1206 P/N:RC1206FR-0739RL,METAL_FILM,39R,0.25W,UNSPECIFIED,1206,1206P,UNSPECIFIED,EE|RES|METAL_FILM|39R|0.25W|UNSPECIFIED|1206|1206P|UNSPECIFIED,NEW_CNMC_GENERATED
CNMC-EE-RES-000183,BHEL,DV0692403990,ELECTRICAL_AND_ELECTRONICS,RESISTOR,"RESISTOR, METAL FILM, 4.7R, 0.25W, PKG SMD",RES MF SMD 4.7R 0.25W 1% 200PPM,RESISTOR METAL_FILM SMD 4.7R 0.25W 1% 200PPM,METAL_FILM,4.7R,0.25W,UNSPECIFIED,SMD,UNSPECIFIED,UNSPECIFIED,EE|RES|METAL_FILM|4.7R|0.25W|UNSPECIFIED|SMD|UNSPECIFIED|UNSPECIFIED,AUTO_MAPPED_TO_EXISTING_CNMC
CNMC-EE-RES-000367,BHEL,DV0692404007,ELECTRICAL_AND_ELECTRONICS,RESISTOR,"RESISTOR, METAL FILM, 47R, 0.25W, 1206P, PKG 1206","RES MF SMD 47R 0.25W 1% 100PPM 1206 | RESISTOR 47R .25W 1% 1206 | OEM:YAGEO/PHYCOMP | P/N:RC1206FR-0747RL | ""OEM PACKAGING ONLY.",RESISTOR METAL_FILM SMD 47R 0.25W 1% 100PPM 1206 RESISTOR 47R .25W 1% 1206 P/N:RC1206FR-0747RL,METAL_FILM,47R,0.25W,UNSPECIFIED,1206,1206P,UNSPECIFIED,EE|RES|METAL_FILM|47R|0.25W|UNSPECIFIED|1206|1206P|UNSPECIFIED,NEW_CNMC_GENERATED
CNMC-EE-RES-000368,BHEL,DV0692404023,ELECTRICAL_AND_ELECTRONICS,RESISTOR,"RESISTOR, METAL FILM, 39K, 0.1W, 0805P, PKG 0805","RES MF SMD 39K 0.1W 1% 100PPM 0805 | RESISTOR 39K .1W 1% 0805 | OEM:YAGEO/PHYCOMP | P/N:RC0805FR-0739KL | ""OEM PACKAGING ONLY.",RESISTOR METAL_FILM SMD 39K 0.1W 1% 100PPM 0805 RESISTOR 39K .1W 1% 0805 P/N:RC0805FR-0739KL,METAL_FILM,39K,0.1W,UNSPECIFIED,0805,0805P,UNSPECIFIED,EE|RES|METAL_FILM|39K|0.1W|UNSPECIFIED|0805|0805P|UNSPECIFIED,NEW_CNMC_GENERATED
CNMC-EE-RES-000186,BHEL,DV0692404082,ELECTRICAL_AND_ELECTRONICS,RESISTOR,"RESISTOR, CARBON OR CERAMIC, 10R, 0.5W, PKG THROUGH_HOLE","RES CARBON COMPOSITE 10R 0.5W 5% TH | RES 10R .5W CARBON COMPOSITE TH | OEM:TYCO | P/N:CBT50J10R | ""OEM PACKAGING ONLY.",RESISTOR CARBON COMPOSITE 10R 0.5W 5% THROUGH_HOLE RESISTOR 10R .5W CARBON COMPOSITE THROUGH_HOLE P/N:CBT50J10R,CARBON_OR_CERAMIC,10R,0.5W,UNSPECIFIED,THROUGH_HOLE,UNSPECIFIED,UNSPECIFIED,EE|RES|CARBON_OR_CERAMIC|10R|0.5W|UNSPECIFIED|THROUGH_HOLE|UNSPECIFIED|UNSPECIFIED,AUTO_MAPPED_TO_EXISTING_CNMC
CNMC-EE-REL-000015,BHEL,DV0692404104,ELECTRICAL_AND_ELECTRONICS,RELAY,"RELAY, 1CO, COIL_230VAC, CONTACT_16A, PKG THROUGH_HOLE","RELAY 1CO 16A COIL 230VAC RT314730 | TH | RELAY 1CO 16A COIL 230VAC TH | OEM:TYCO | P/N:RT314730 | ""OEM PACKAGING ONLY.",RELAY 1CO 16A COIL 230VAC RT314730 THROUGH_HOLE RELAY 1CO 16A COIL 230VAC THROUGH_HOLE P/N:RT314730,1CO,COIL_230VAC,CONTACT_16A,UNSPECIFIED,THROUGH_HOLE,UNSPECIFIED,UNSPECIFIED,EE|REL|1CO|COIL_230VAC|CONTACT_16A|UNSPECIFIED|THROUGH_HOLE|UNSPECIFIED|UNSPECIFIED,AUTO_MAPPED_TO_EXISTING_CNMC
CNMC-EE-RES-000369,BHEL,DV0692404473,ELECTRICAL_AND_ELECTRONICS,RESISTOR,"RESISTOR, 100K, 1W, PKG 2512",RES THICK FILM SMD 100K 1W 1% 2512 | RES 100K 1W 1% 2512 PRC221 SMD | OEM:PHYCOMP/YAGEO,RESISTOR THICK FILM SMD 100K 1W 1% 2512 RESISTOR 100K 1W 1% 2512 PRC221 SMD,STANDARD,100K,1W,UNSPECIFIED,2512,UNSPECIFIED,UNSPECIFIED,EE|RES|STANDARD|100K|1W|UNSPECIFIED|2512|UNSPECIFIED|UNSPECIFIED,NEW_CNMC_GENERATED
CNMC-EE-RES-000370,BHEL,DV0692404503,ELECTRICAL_AND_ELECTRONICS,RESISTOR,"RESISTOR, 1R, 1W, 2512P, PKG 2512","RES THICK FILM SMD 1R 1W 1% 2512 | PRC221 | RES PRC221 SMD 1R 1W 1% 2512 | OEM:PHYCOMP/YAGEO | P/N:232276260108 | ""OEM PACKAGING ONLY.",RESISTOR THICK FILM SMD 1R 1W 1% 2512 PRC221 RESISTOR PRC221 SMD 1R 1W 1% 2512 P/N:232276260108,STANDARD,1R,1W,UNSPECIFIED,2512,2512P,UNSPECIFIED,EE|RES|STANDARD|1R|1W|UNSPECIFIED|2512|2512P|UNSPECIFIED,NEW_CNMC_GENERATED
CNMC-EE-XFMR-000002,BHEL,DV0692404562,ELECTRICAL_AND_ELECTRONICS,TRANSFORMER,"TRANSFORMER, 2P, PKG SMD",TRANSFORMER PULSE 1:1.2 GT07009 SMD | TRANSFORMER PULSE 1:1.2 | P/N:GT07009 REV1 | To be supplied in tape & reel only.,TRANSFORMER PULSE 1:1.2 GT07009 SMD TRANSFORMER PULSE 1:1.2 P/N:GT07009 REV1 TO BE SUPPLIED IN TAPE REEL ONLY.,STANDARD,UNSPECIFIED,UNSPECIFIED,UNSPECIFIED,SMD,2P,UNSPECIFIED,EE|XFMR|STANDARD|UNSPECIFIED|UNSPECIFIED|UNSPECIFIED|SMD|2P|UNSPECIFIED,AUTO_MAPPED_TO_EXISTING_CNMC
CNMC-EE-RES-000189,BHEL,DV0692404589,ELECTRICAL_AND_ELECTRONICS,RESISTOR,"RESISTOR, METAL FILM, 1K, 0.6W, PKG AXIAL","RES MF 1K 0.6W 1% 50PPM AXIAL | RES MF 1K 0.6W 1% 50PPM AXIAL | OEM:VISHAY/BC | P/N:MRS25000C1001F/232215611002 | ""OEM PACKAGING ONLY.",RESISTOR METAL_FILM 1K 0.6W 1% 50PPM AXIAL RESISTOR METAL_FILM 1K 0.6W 1% 50PPM AXIAL P/N:MRS25000C1001F/232215611002,METAL_FILM,1K,0.6W,UNSPECIFIED,AXIAL,UNSPECIFIED,UNSPECIFIED,EE|RES|METAL_FILM|1K|0.6W|UNSPECIFIED|AXIAL|UNSPECIFIED|UNSPECIFIED,AUTO_MAPPED_TO_EXISTING_CNMC
CNMC-EE-RES-000190,BHEL,DV0692404597,ELECTRICAL_AND_ELECTRONICS,RESISTOR,"RESISTOR, METAL FILM, 2R, 0.6W, PKG AXIAL","RES MF 2R 0.6W 1% 50PPM AXIAL | RES MF 2R 0.6W 1% 50PPM AXIAL | OEM:VISHAY/BC | P/N:MRS25000C2008F/232215612008 | ""OEM PACKAGING ONLY.",RESISTOR METAL_FILM 2R 0.6W 1% 50PPM AXIAL RESISTOR METAL_FILM 2R 0.6W 1% 50PPM AXIAL P/N:MRS25000C2008F/232215612008,METAL_FILM,2R,0.6W,UNSPECIFIED,AXIAL,UNSPECIFIED,UNSPECIFIED,EE|RES|METAL_FILM|2R|0.6W|UNSPECIFIED|AXIAL|UNSPECIFIED|UNSPECIFIED,AUTO_MAPPED_TO_EXISTING_CNMC
CNMC-EE-RES-000371,BHEL,DV0692404872,ELECTRICAL_AND_ELECTRONICS,RESISTOR,"RESISTOR, METAL FILM, 220R, 0.1W, PKG 1206",RES MF SMD 220R 1% 0.1W 1206 100PPM | OEM PACKAGING ONLY.,RESISTOR METAL_FILM SMD 220R 1% 0.1W 1206 100PPM,METAL_FILM,220R,0.1W,UNSPECIFIED,1206,UNSPECIFIED,UNSPECIFIED,EE|RES|METAL_FILM|220R|0.1W|UNSPECIFIED|1206|UNSPECIFIED|UNSPECIFIED,NEW_CNMC_GENERATED
CNMC-EE-XFMR-000003,BHEL,DV0692404902,ELECTRICAL_AND_ELECTRONICS,TRANSFORMER,TRANSFORMER,TRANSFMR GATE DRIVE 1:1:1 | OEM PACKAGING ONLY.,TRANSFORMER GATE DRIVE 1:1:1,STANDARD,UNSPECIFIED,UNSPECIFIED,UNSPECIFIED,UNSPECIFIED,UNSPECIFIED,UNSPECIFIED,EE|XFMR|STANDARD|UNSPECIFIED|UNSPECIFIED|UNSPECIFIED|UNSPECIFIED|UNSPECIFIED|UNSPECIFIED,AUTO_MAPPED_TO_EXISTING_CNMC
CNMC-EE-RES-000372,BHEL,DV0692404945,ELECTRICAL_AND_ELECTRONICS,RESISTOR,"RESISTOR, METAL FILM, 2.7K, 0.25W, PKG 1206",RES MF SMD 2.7K 1% 0.25W 100PPM | RES MF SMD 2.7K 1% 0.25W 100PPM 1206,RESISTOR METAL_FILM SMD 2.7K 1% 0.25W 100PPM RESISTOR METAL_FILM SMD 2.7K 1% 0.25W 100PPM 1206,METAL_FILM,2.7K,0.25W,UNSPECIFIED,1206,UNSPECIFIED,UNSPECIFIED,EE|RES|METAL_FILM|2.7K|0.25W|UNSPECIFIED|1206|UNSPECIFIED|UNSPECIFIED,NEW_CNMC_GENERATED
CNMC-EE-RES-000193,BHEL,DV0692405712,ELECTRICAL_AND_ELECTRONICS,RESISTOR,"RESISTOR, WIREWOUND, 10R, 3W, PKG SMD","RES WW 10R 3 W SMD | OEM : Bourns | Part No: PWR5322W10R0JE | ""OEM PACKAGING ONLY.  DATE CODE TO BE | LESS THAN 24  MONTHS FROM  INVOICE | DATE.BHEL'S WRITTEN  APPROVAL IS | REQUIRED IN CASE OF ANY DEVIATION FROM | THE ABOVE.""",RESISTOR WIREWOUND 10R 3 W SMD PART NO: PWR5322W10R0JE,WIREWOUND,10R,3W,UNSPECIFIED,SMD,UNSPECIFIED,UNSPECIFIED,EE|RES|WIREWOUND|10R|3W|UNSPECIFIED|SMD|UNSPECIFIED|UNSPECIFIED,AUTO_MAPPED_TO_EXISTING_CNMC
CNMC-EE-RES-000194,BHEL,DV0692406010,ELECTRICAL_AND_ELECTRONICS,RESISTOR,"RESISTOR, WIREWOUND, 5R, 3W, PKG SMD","RES WW 5R 3 W SMD | EM : Bourns Part No: PWR5322W5R00JE ""OEM | PACKAGING ONLY. DATE CODE TO BE | LESS THAN 24 MONTHS FROM INVOICE | DATE.BHEL'S WRITTEN APPROVAL IS | REQUIRED IN CASE OF ANY DEVIATION FROM | THE ABOVE."" Loose packets and | boxes not acceptable",RESISTOR WIREWOUND 5R 3 W SMD EM : BOURNS PART NO: PWR5322W5R00JE,WIREWOUND,5R,3W,UNSPECIFIED,SMD,UNSPECIFIED,UNSPECIFIED,EE|RES|WIREWOUND|5R|3W|UNSPECIFIED|SMD|UNSPECIFIED|UNSPECIFIED,AUTO_MAPPED_TO_EXISTING_CNMC
CNMC-EE-RES-000195,BHEL,DV0692406045,ELECTRICAL_AND_ELECTRONICS,RESISTOR,"RESISTOR, 220R, 0.5W, PKG 1206",RES THICK FILM 220R 5% 1/2W 1206 SMD | OEM PACKAGING ONLY. DATE CODE TO BE | LESS THAN 24 MONTHS FROM INVOICE | DATE.BHEL'S WRITTEN APPROVAL IS REQUIRED,RESISTOR THICK FILM 220R 5% 0.5W 1206 SMD,STANDARD,220R,0.5W,UNSPECIFIED,1206,UNSPECIFIED,UNSPECIFIED,EE|RES|STANDARD|220R|0.5W|UNSPECIFIED|1206|UNSPECIFIED|UNSPECIFIED,AUTO_MAPPED_TO_EXISTING_CNMC
CNMC-EE-RES-000373,BHEL,DV0692411534,ELECTRICAL_AND_ELECTRONICS,RESISTOR,"RESISTOR, METAL FILM, 100K, 0.25W, 1206P, PKG 1206","Res MF SMD 100K 0.25W 1% 1206 | RES MF SMD 100K 1% 0.25W 50PPM 1206 | OEM:PHYCOMP/YAGEO | P/N:232272463308L/RC1206FR-07100KL ""OEM | PACKAGING ONLY. DATE CODE TO BE | LESS THAN 24 MONTHS FROM INVOICE | DATE.BHEL'S WRITTEN APPROVAL IS | REQUIRED IN CASE OF ANY DEVIATION FROM | THE ABOVE.",RESISTOR METAL_FILM SMD 100K 0.25W 1% 1206 RESISTOR METAL_FILM SMD 100K 1% 0.25W 50PPM 1206 P/N:232272463308L/RC1206FR-07100KL,METAL_FILM,100K,0.25W,UNSPECIFIED,1206,1206P,UNSPECIFIED,EE|RES|METAL_FILM|100K|0.25W|UNSPECIFIED|1206|1206P|UNSPECIFIED,NEW_CNMC_GENERATED
CNMC-EE-XFMR-000004,BHEL,DV0692411577,ELECTRICAL_AND_ELECTRONICS,TRANSFORMER,"TRANSFORMER, PKG SMD",TRANSFORMER MINI S5394-C SMT | TRANSFORMER MINI S5394-C SMT,TRANSFORMER MINI S5394-C SMD TRANSFORMER MINI S5394-C SMD,STANDARD,UNSPECIFIED,UNSPECIFIED,UNSPECIFIED,SMD,UNSPECIFIED,UNSPECIFIED,EE|XFMR|STANDARD|UNSPECIFIED|UNSPECIFIED|UNSPECIFIED|SMD|UNSPECIFIED|UNSPECIFIED,AUTO_MAPPED_TO_EXISTING_CNMC
CNMC-EE-RES-000374,BHEL,DV0692411623,ELECTRICAL_AND_ELECTRONICS,RESISTOR,"RESISTOR, 3R9, 0.25W, PKG 1206",RES THICK SMD 1206 3R9 1% 0.25W | OEM PACKAGING ONLY.,RESISTOR THICK SMD 1206 3R9 1% 0.25W,STANDARD,3R9,0.25W,UNSPECIFIED,1206,UNSPECIFIED,UNSPECIFIED,EE|RES|STANDARD|3R9|0.25W|UNSPECIFIED|1206|UNSPECIFIED|UNSPECIFIED,NEW_CNMC_GENERATED
CNMC-EE-PWR-000009,BHEL,DV0692411739,ELECTRICAL_AND_ELECTRONICS,POWER_CONVERTER,"POWER_CONVERTER, DC DC CONVERTER, 35W",DC DC CONVERTER 35W QUAD O/P | OEM PACKAGING ONLY.,DC DC CONVERTER 35W QUAD O/P,DC_DC_CONVERTER,35W,UNSPECIFIED,UNSPECIFIED,UNSPECIFIED,UNSPECIFIED,UNSPECIFIED,EE|PWR|DC_DC_CONVERTER|35W|UNSPECIFIED|UNSPECIFIED|UNSPECIFIED|UNSPECIFIED|UNSPECIFIED,AUTO_MAPPED_TO_EXISTING_CNMC
CNMC-EE-RES-000198,BHEL,DV0692412262,ELECTRICAL_AND_ELECTRONICS,RESISTOR,"RESISTOR, METAL FILM, 100K, 2W, PKG THROUGH_HOLE",RES MF 100K 2W 5% TH,RESISTOR METAL_FILM 100K 2W 5% THROUGH_HOLE,METAL_FILM,100K,2W,UNSPECIFIED,THROUGH_HOLE,UNSPECIFIED,UNSPECIFIED,EE|RES|METAL_FILM|100K|2W|UNSPECIFIED|THROUGH_HOLE|UNSPECIFIED|UNSPECIFIED,AUTO_MAPPED_TO_EXISTING_CNMC
CNMC-EE-RES-000104,BHEL,DV0692412270,ELECTRICAL_AND_ELECTRONICS,RESISTOR,"RESISTOR, VARISTOR MOV, PKG THROUGH_HOLE",RES MOV 380VAC 4500A | B72214S0381K101 TH,RESISTOR MOV 380VAC 4500A B72214S0381K101 THROUGH_HOLE,VARISTOR_MOV,UNSPECIFIED,UNSPECIFIED,UNSPECIFIED,THROUGH_HOLE,UNSPECIFIED,UNSPECIFIED,EE|RES|VARISTOR_MOV|UNSPECIFIED|UNSPECIFIED|UNSPECIFIED|THROUGH_HOLE|UNSPECIFIED|UNSPECIFIED,AUTO_MAPPED_TO_EXISTING_CNMC
CNMC-EE-RES-000199,BHEL,DV0692412312,ELECTRICAL_AND_ELECTRONICS,RESISTOR,"RESISTOR, 100R, 1W, PKG 2512",RES 100R 1W 1% 2512 SMD | OEM PACKAGING ONLY. DATE CODE TO BE | LESS THAN 24 MONTHS FROM INVOICE | DATE.BHEL'S WRITTEN APPROVAL IS REQUIRED,RESISTOR 100R 1W 1% 2512 SMD,STANDARD,100R,1W,UNSPECIFIED,2512,UNSPECIFIED,UNSPECIFIED,EE|RES|STANDARD|100R|1W|UNSPECIFIED|2512|UNSPECIFIED|UNSPECIFIED,AUTO_MAPPED_TO_EXISTING_CNMC
CNMC-EE-RES-000375,BHEL,DV0692412362,ELECTRICAL_AND_ELECTRONICS,RESISTOR,"RESISTOR, 10K, 0.063W, PKG 0603","RES THIN SMD 10K 0.063W 0.1% 10PPM | RES THIN SMD 10K 0.063W 0.1% 10PPM 0603 | ""OEM PACKAGING ONLY. DATE CODE | TO BE LESS THAN 24 MONTHS FROM INVOICE | DATE.BHEL'S WRITTEN APPROVAL IS | REQUIRED IN CASE OF ANY DEVIATION FROM | THE ABOVE."" Loose packets and | boxes not acceptable Tape and Reel only",RESISTOR THIN SMD 10K 0.063W 0.1% 10PPM RESISTOR THIN SMD 10K 0.063W 0.1% 10PPM 0603,STANDARD,10K,0.063W,UNSPECIFIED,0603,UNSPECIFIED,UNSPECIFIED,EE|RES|STANDARD|10K|0.063W|UNSPECIFIED|0603|UNSPECIFIED|UNSPECIFIED,NEW_CNMC_GENERATED
CNMC-EE-RES-000193,BHEL,DV0692420070,ELECTRICAL_AND_ELECTRONICS,RESISTOR,"RESISTOR, WIREWOUND, 10R, 3W, PKG SMD",RES WW 10R 5% 3W SMD WSC6927 | ROHS DEVICE WITH BACKWARD COMPATIBILITY. | OEM TAPE AND REEL PACKING ONLY. DATE | CODE | TO BE LESS THAN 36 MONTHS FROM INVOICE | DATE.,RESISTOR WIREWOUND 10R 5% 3W SMD WSC6927,WIREWOUND,10R,3W,UNSPECIFIED,SMD,UNSPECIFIED,UNSPECIFIED,EE|RES|WIREWOUND|10R|3W|UNSPECIFIED|SMD|UNSPECIFIED|UNSPECIFIED,AUTO_MAPPED_TO_EXISTING_CNMC
CNMC-EE-RES-000201,BHEL,DV0692420266,ELECTRICAL_AND_ELECTRONICS,RESISTOR,"RESISTOR, WIREWOUND, 2R, 4W",RES WW 2R 5% 4W 50 PPM | ROHS DEVICE WITH BACKWARD COMPATIBILITY. | OEM TAPE AND REEL PACKING ONLY.,RESISTOR WIREWOUND 2R 5% 4W 50 PPM,WIREWOUND,2R,4W,UNSPECIFIED,UNSPECIFIED,UNSPECIFIED,UNSPECIFIED,EE|RES|WIREWOUND|2R|4W|UNSPECIFIED|UNSPECIFIED|UNSPECIFIED|UNSPECIFIED,AUTO_MAPPED_TO_EXISTING_CNMC
CNMC-EE-PWR-000010,BHEL,DV0692420371,ELECTRICAL_AND_ELECTRONICS,POWER_CONVERTER,"POWER_CONVERTER, DC DC CONVERTER, 10W",DC-DC CONV 10W ±12V ±410MA | THL10-2422WI | Date-code and  decoding information of the date-code to | be made | available along with the item,DC-DC CONV 10W 12V 410MA THL10-2422WI,DC_DC_CONVERTER,10W,UNSPECIFIED,UNSPECIFIED,UNSPECIFIED,UNSPECIFIED,UNSPECIFIED,EE|PWR|DC_DC_CONVERTER|10W|UNSPECIFIED|UNSPECIFIED|UNSPECIFIED|UNSPECIFIED|UNSPECIFIED,AUTO_MAPPED_TO_EXISTING_CNMC
CNMC-EE-PWR-000011,BHEL,DV0692420380,ELECTRICAL_AND_ELECTRONICS,POWER_CONVERTER,"POWER_CONVERTER, DC DC CONVERTER, 6W, PKG SMD",DC-DC CON 6W ±15V±200MA | MSGWI0624D15 SMD | Date-code and  decoding information of the date-code to | be made | available along with the item,DC-DC CON 6W 15V 200MA MSGWI0624D15 SMD,DC_DC_CONVERTER,6W,UNSPECIFIED,UNSPECIFIED,SMD,UNSPECIFIED,UNSPECIFIED,EE|PWR|DC_DC_CONVERTER|6W|UNSPECIFIED|UNSPECIFIED|SMD|UNSPECIFIED|UNSPECIFIED,AUTO_MAPPED_TO_EXISTING_CNMC
CNMC-GN-GEN-000003,BHEL,MSGWI06-24D12,GENERAL_MATERIALS,GENERAL_MATERIAL,"GENERAL_MATERIAL, PKG SMD",SMD | Date-code and  decoding information of the date-code to | be made | available along with the item,SMD,STANDARD,UNSPECIFIED,UNSPECIFIED,UNSPECIFIED,SMD,UNSPECIFIED,UNSPECIFIED,GN|GEN|STANDARD|UNSPECIFIED|UNSPECIFIED|UNSPECIFIED|SMD|UNSPECIFIED|UNSPECIFIED,AUTO_MAPPED_TO_EXISTING_CNMC
CNMC-EE-PWR-000010,BHEL,DV0692420410,ELECTRICAL_AND_ELECTRONICS,POWER_CONVERTER,"POWER_CONVERTER, DC DC CONVERTER, 10W",DC-DC CONV 10W ±15V ±330MA MJW | I10-24D15 | Date-code and  decoding information of the date-code to | be made | available along with the item,DC-DC CONV 10W 15V 330MA MJW I10-24D15,DC_DC_CONVERTER,10W,UNSPECIFIED,UNSPECIFIED,UNSPECIFIED,UNSPECIFIED,UNSPECIFIED,EE|PWR|DC_DC_CONVERTER|10W|UNSPECIFIED|UNSPECIFIED|UNSPECIFIED|UNSPECIFIED|UNSPECIFIED,AUTO_MAPPED_TO_EXISTING_CNMC
CNMC-EE-PWR-000012,BHEL,DV0692420444,ELECTRICAL_AND_ELECTRONICS,POWER_CONVERTER,"POWER_CONVERTER, DC DC CONVERTER, 20W",DC-DC CONV 20W ±12V ±835MA | MJWI20-24D12 | Date-code and  decoding information of the date-code to | be made | available along with the item,DC-DC CONV 20W 12V 835MA MJWI20-24D12,DC_DC_CONVERTER,20W,UNSPECIFIED,UNSPECIFIED,UNSPECIFIED,UNSPECIFIED,UNSPECIFIED,EE|PWR|DC_DC_CONVERTER|20W|UNSPECIFIED|UNSPECIFIED|UNSPECIFIED|UNSPECIFIED|UNSPECIFIED,AUTO_MAPPED_TO_EXISTING_CNMC
CNMC-EE-PWR-000013,BHEL,DV0692420452,ELECTRICAL_AND_ELECTRONICS,POWER_CONVERTER,"POWER_CONVERTER, DC DC CONVERTER, 40W",DC-DC CONV 40W ±12V ±1666MA | MKW40-24D12 | Date-code and  decoding information of the date-code to | be made | available along with the item,DC-DC CONV 40W 12V 1666MA MKW40-24D12,DC_DC_CONVERTER,40W,UNSPECIFIED,UNSPECIFIED,UNSPECIFIED,UNSPECIFIED,UNSPECIFIED,EE|PWR|DC_DC_CONVERTER|40W|UNSPECIFIED|UNSPECIFIED|UNSPECIFIED|UNSPECIFIED|UNSPECIFIED,AUTO_MAPPED_TO_EXISTING_CNMC
CNMC-EE-SW-000011,BHEL,DV0692420606,ELECTRICAL_AND_ELECTRONICS,SWITCH,"SWITCH, DPDT, PKG SMD",RELAY DPDT 24V 2A SMD | IM07GR-4-1462037-7 | RELAY DPDT 24V 2A SMD IM07GR-4-1462037-7 | Date-code and  decoding information of the | date-code to be made | available along with the item,RELAY DPDT 24V 2A SMD IM07GR-4-1462037-7 RELAY DPDT 24V 2A SMD IM07GR-4-1462037-7,DPDT,UNSPECIFIED,UNSPECIFIED,UNSPECIFIED,SMD,UNSPECIFIED,24V,EE|SW|DPDT|UNSPECIFIED|UNSPECIFIED|UNSPECIFIED|SMD|UNSPECIFIED|UNSPECIFIED,AUTO_MAPPED_TO_EXISTING_CNMC
CNMC-EE-RES-000376,BHEL,DV0692421114,ELECTRICAL_AND_ELECTRONICS,RESISTOR,"RESISTOR, THICK FILM, 10R, 50W, PKG TO-220","RES TH THK FLM 10R, 5%, 50W, TO-220 | RES TH THK FLM 10R, 50W, 5%,TO-220 | PART NO: RTO050F10R00JTU50",RESISTOR THROUGH_HOLE THICK_FILM 10R 5% 50W TO-220 RESISTOR THROUGH_HOLE THICK_FILM 10R 50W 5% TO-220 PART NO: RTO050F10R00JTU50,THICK_FILM,10R,50W,UNSPECIFIED,TO-220,UNSPECIFIED,UNSPECIFIED,EE|RES|THICK_FILM|10R|50W|UNSPECIFIED|TO-220|UNSPECIFIED|UNSPECIFIED,NEW_CNMC_GENERATED
CNMC-EE-RES-000203,BHEL,DV0692430051,ELECTRICAL_AND_ELECTRONICS,RESISTOR,"RESISTOR, 47R, PKG SMD","RES SMD CHIP ARRAY (X4) 47R 5% | RES SMD CHIP ARRAY (X4) 47R 5% OEM:BOURNS | P/N:CAY16-470J4LF ""OEM | PACKAGING ONLY. DATE CODE TO BE LESS | THAN 24 MONTHS FROM INVOICE | DATE.BHEL'S WRITTEN APPROVAL IS REQUIRED",RESISTOR SMD CHIP ARRAY X4 47R 5% RESISTOR SMD CHIP ARRAY X4 47R 5% P/N:CAY16-470J4LF,STANDARD,47R,UNSPECIFIED,UNSPECIFIED,SMD,UNSPECIFIED,UNSPECIFIED,EE|RES|STANDARD|47R|UNSPECIFIED|UNSPECIFIED|SMD|UNSPECIFIED|UNSPECIFIED,AUTO_MAPPED_TO_EXISTING_CNMC
CNMC-EE-RES-000377,BHEL,DV0692430069,ELECTRICAL_AND_ELECTRONICS,RESISTOR,"RESISTOR, 47R, 0.1W, PKG 0603","RES SMD CHIP 47R 0.1W 0603 1% 100PPM | RES SMD CHIP 47R 0.1W 0603 1% 100PPM | OEM:PHYCOMP/YAGEO P/N:232270464709L | / RC0603FR-0747RL ""OEM PACKAGING ONLY.",RESISTOR SMD CHIP 47R 0.1W 0603 1% 100PPM RESISTOR SMD CHIP 47R 0.1W 0603 1% 100PPM P/N:232270464709L / RC0603FR-0747RL,STANDARD,47R,0.1W,UNSPECIFIED,0603,UNSPECIFIED,UNSPECIFIED,EE|RES|STANDARD|47R|0.1W|UNSPECIFIED|0603|UNSPECIFIED|UNSPECIFIED,NEW_CNMC_GENERATED
CNMC-EE-RES-000378,BHEL,DV0692430151,ELECTRICAL_AND_ELECTRONICS,RESISTOR,"RESISTOR, 1M, 0.25W, PKG 1206",RES THICK SMD 1M 1% 0.25W 1206 | 100PPM | RES THICK SMD 1M 1% 0.25W 1206 100PPM OEM: | PHYCOMP/YAGEO,RESISTOR THICK SMD 1M 1% 0.25W 1206 100PPM RESISTOR THICK SMD 1M 1% 0.25W 1206 100PPM,STANDARD,1M,0.25W,UNSPECIFIED,1206,UNSPECIFIED,UNSPECIFIED,EE|RES|STANDARD|1M|0.25W|UNSPECIFIED|1206|UNSPECIFIED|UNSPECIFIED,NEW_CNMC_GENERATED
CNMC-EE-RES-000379,BHEL,DV0692430177,ELECTRICAL_AND_ELECTRONICS,RESISTOR,"RESISTOR, 2.2K, 0.1W, PKG 0603","RES SMD CHIP 2.2K 0.1W 0603 1% | 100PPM | OEM:PHYCOMP/YAGEO | P/N:23227046222L/RC0603FR-072K2L ""OEM | PACKAGING ONLY.",RESISTOR SMD CHIP 2.2K 0.1W 0603 1% 100PPM P/N:23227046222L/RC0603FR-072K2L,STANDARD,2.2K,0.1W,UNSPECIFIED,0603,UNSPECIFIED,UNSPECIFIED,EE|RES|STANDARD|2.2K|0.1W|UNSPECIFIED|0603|UNSPECIFIED|UNSPECIFIED,NEW_CNMC_GENERATED
CNMC-EE-RES-000206,BHEL,DV0692430827,ELECTRICAL_AND_ELECTRONICS,RESISTOR,"RESISTOR, METAL FILM, 1M, 0.25W, PKG 1206",RES MF 1M 5% 200PPM 0.25W 1206 800V | SMD | MAX WORKING V-800V OEM PACKAGING ONLY.,RESISTOR METAL_FILM 1M 5% 200PPM 0.25W 1206 800V SMD MAX WORKING V-800V,METAL_FILM,1M,0.25W,UNSPECIFIED,1206,UNSPECIFIED,UNSPECIFIED,EE|RES|METAL_FILM|1M|0.25W|UNSPECIFIED|1206|UNSPECIFIED|UNSPECIFIED,AUTO_MAPPED_TO_EXISTING_CNMC
CNMC-EE-RES-000380,BHEL,DV0692430935,ELECTRICAL_AND_ELECTRONICS,RESISTOR,"RESISTOR, 3.3K, 0.1W, PKG 0603",RES THICK SMD 3.3K 1% 0.1W 100PPM | RES THICK SMD 3.3K 1% 0.1W 100PPM 0603 | OEM PACKAGING ONLY.,RESISTOR THICK SMD 3.3K 1% 0.1W 100PPM RESISTOR THICK SMD 3.3K 1% 0.1W 100PPM 0603,STANDARD,3.3K,0.1W,UNSPECIFIED,0603,UNSPECIFIED,UNSPECIFIED,EE|RES|STANDARD|3.3K|0.1W|UNSPECIFIED|0603|UNSPECIFIED|UNSPECIFIED,NEW_CNMC_GENERATED
CNMC-EE-RES-000208,BHEL,DV0692431119,ELECTRICAL_AND_ELECTRONICS,RESISTOR,"RESISTOR, 270R, 0.25W, PKG SMD",RES THICK SMD 270R 1% 0.25W 100PPM | OEM PACKAGING ONLY. DATE CODE TO BE | LESS THAN 24 MONTHS FROM INVOICE | DATE.BHEL'S WRITTEN APPROVAL IS REQUIRED,RESISTOR THICK SMD 270R 1% 0.25W 100PPM,STANDARD,270R,0.25W,UNSPECIFIED,SMD,UNSPECIFIED,UNSPECIFIED,EE|RES|STANDARD|270R|0.25W|UNSPECIFIED|SMD|UNSPECIFIED|UNSPECIFIED,AUTO_MAPPED_TO_EXISTING_CNMC
CNMC-EE-RES-000104,BHEL,DV0692431235,ELECTRICAL_AND_ELECTRONICS,RESISTOR,"RESISTOR, VARISTOR MOV, PKG THROUGH_HOLE","VARISTOR MOV S14K60 60VAC 17J TH | VARISTOR MOV S14K60 60VAC 17J TH OEM:Epcos | Ag P/N.B72214S0600K101 ""OEM | PACKAGING ONLY. DATE CODE TO BE LESS | THAN 24 MONTHS FROM INVOICE | DATE.BHEL'S WRITTEN APPROVAL IS REQUIRED",VARISTOR MOV S14K60 60VAC 17J THROUGH_HOLE VARISTOR MOV S14K60 60VAC 17J THROUGH_HOLE AG P/N.B72214S0600K101,VARISTOR_MOV,UNSPECIFIED,UNSPECIFIED,UNSPECIFIED,THROUGH_HOLE,UNSPECIFIED,UNSPECIFIED,EE|RES|VARISTOR_MOV|UNSPECIFIED|UNSPECIFIED|UNSPECIFIED|THROUGH_HOLE|UNSPECIFIED|UNSPECIFIED,AUTO_MAPPED_TO_EXISTING_CNMC
CNMC-EE-PWR-000008,BHEL,DV0692431519,ELECTRICAL_AND_ELECTRONICS,POWER_CONVERTER,"POWER_CONVERTER, DC DC CONVERTER, 1W, PKG SMD",DC-DC 3V in 3V out 1W SMD | OEM- MURATA SMD OEM TUBE PACKAGING | ONLY. DATE CODE TO BE LESS THAN 24 | MONTHS FROM INVOICE DATE.BHEL'S WRITTEN,DC-DC 3V IN 3V OUT 1W SMD MURATA SMD,DC_DC_CONVERTER,1W,UNSPECIFIED,UNSPECIFIED,SMD,UNSPECIFIED,UNSPECIFIED,EE|PWR|DC_DC_CONVERTER|1W|UNSPECIFIED|UNSPECIFIED|SMD|UNSPECIFIED|UNSPECIFIED,AUTO_MAPPED_TO_EXISTING_CNMC
CNMC-EE-PWR-000014,BHEL,DV0692431753,ELECTRICAL_AND_ELECTRONICS,POWER_CONVERTER,"POWER_CONVERTER, DC DC CONVERTER, 40W, PKG THROUGH_HOLE",DC-DC 43-160Vin 24V out 40W TH | OEM PACKAGING ONLY. DATE CODE TO BE | LESS THAN 24 MONTHS FROM INVOICE | DATE.BHEL'S WRITTEN APPROVAL IS REQUIRED,DC-DC 43-160VIN 24V OUT 40W THROUGH_HOLE,DC_DC_CONVERTER,40W,UNSPECIFIED,UNSPECIFIED,THROUGH_HOLE,UNSPECIFIED,UNSPECIFIED,EE|PWR|DC_DC_CONVERTER|40W|UNSPECIFIED|UNSPECIFIED|THROUGH_HOLE|UNSPECIFIED|UNSPECIFIED,AUTO_MAPPED_TO_EXISTING_CNMC
CNMC-EE-RES-000381,BHEL,DV0692432027,ELECTRICAL_AND_ELECTRONICS,RESISTOR,"RESISTOR, 10K, PKG 1206","Resistor Array (x4) 10k 5% SMD | Resistor Array (x4) 10k 5% SMD ""OEM- BOURNS | PACKAGE - 1206 OEM PACKAGING | ONLY. DATE CODE TO BE LESS THAN 24 | MONTHS FROM INVOICE DATE.BHEL'S | WRITTEN APPROVAL IS REQUIRED IN CASE OF | ANY DEVIATION FROM THE | ABOVE.LOOSE PACKAGE AND BOXES NOT | ACCEPTABLE.""",RESISTOR ARRAY X4 10K 5% SMD RESISTOR ARRAY X4 10K 5% SMD BOURNS PACKAGE - 1206,STANDARD,10K,UNSPECIFIED,UNSPECIFIED,1206,UNSPECIFIED,UNSPECIFIED,EE|RES|STANDARD|10K|UNSPECIFIED|UNSPECIFIED|1206|UNSPECIFIED|UNSPECIFIED,NEW_CNMC_GENERATED
CNMC-EE-RES-000382,BHEL,DV0692432035,ELECTRICAL_AND_ELECTRONICS,RESISTOR,"RESISTOR, 47K, PKG 1206","Resistor Array (x4) 47K 5% SMD | Resistor Array (x4) 47K 5% SMD ""OEM- BOURNS | PACKAGE - 1206 OEM PACKAGING | ONLY. DATE CODE TO BE LESS THAN 24 | MONTHS FROM INVOICE DATE.BHEL'S | WRITTEN APPROVAL IS REQUIRED IN CASE OF | ANY DEVIATION FROM THE | ABOVE.LOOSE PACKAGE AND BOXES NOT | ACCEPTABLE.""",RESISTOR ARRAY X4 47K 5% SMD RESISTOR ARRAY X4 47K 5% SMD BOURNS PACKAGE - 1206,STANDARD,47K,UNSPECIFIED,UNSPECIFIED,1206,UNSPECIFIED,UNSPECIFIED,EE|RES|STANDARD|47K|UNSPECIFIED|UNSPECIFIED|1206|UNSPECIFIED|UNSPECIFIED,NEW_CNMC_GENERATED
CNMC-EE-RES-000211,BHEL,DV0692432051,ELECTRICAL_AND_ELECTRONICS,RESISTOR,"RESISTOR, METAL FILM, 180R, PKG 0603","RESISTOR MF 180R  1% 100PPM 0603 | RESISTOR METAL FILM 180R  1% <= 100PPM | 82mW 0603 ""OEM PACKAGING ONLY.",RESISTOR METAL_FILM 180R 1% 100PPM 0603 RESISTOR METAL FILM 180R 1% 100PPM 82MW 0603,METAL_FILM,180R,UNSPECIFIED,UNSPECIFIED,0603,UNSPECIFIED,UNSPECIFIED,EE|RES|METAL_FILM|180R|UNSPECIFIED|UNSPECIFIED|0603|UNSPECIFIED|UNSPECIFIED,AUTO_MAPPED_TO_EXISTING_CNMC
CNMC-EE-RES-000383,BHEL,DV0692500499,ELECTRICAL_AND_ELECTRONICS,RESISTOR,"RESISTOR, 39K, 0.1W, PKG 0603",RES CHIP 39K 1% 0.1W SMD 0603,RESISTOR CHIP 39K 1% 0.1W SMD 0603,STANDARD,39K,0.1W,UNSPECIFIED,0603,UNSPECIFIED,UNSPECIFIED,EE|RES|STANDARD|39K|0.1W|UNSPECIFIED|0603|UNSPECIFIED|UNSPECIFIED,NEW_CNMC_GENERATED
CNMC-EE-RES-000384,BHEL,DV0692501405,ELECTRICAL_AND_ELECTRONICS,RESISTOR,"RESISTOR, 82R, 0.0625W, PKG 0402",RES 82 OHM 0.0625W 1% 0402 SMD | ROHS DEVICE WITH BACKWARD COMPATIBILITY | OEM TAPE AND REEL PACKING ONLY.,RESISTOR 82R 0.0625W 1% 0402 SMD,STANDARD,82R,0.0625W,UNSPECIFIED,0402,UNSPECIFIED,UNSPECIFIED,EE|RES|STANDARD|82R|0.0625W|UNSPECIFIED|0402|UNSPECIFIED|UNSPECIFIED,NEW_CNMC_GENERATED
CNMC-EE-XFMR-000004,BHEL,DV0692504317,ELECTRICAL_AND_ELECTRONICS,TRANSFORMER,"TRANSFORMER, PKG SMD",TRANSFORMER FLYBACK 2.5:1SMD | XFMR FLYBACK 2.5:1 14uH 11.5A ISO 4kV SMD-12 | ROHS DEVICE WITH BACKWARD | COMPATIBILITY OEM TAPE AND REEL PACKING | ONLY. DATE CODE TO BE LESS THAN | 30 MONTHS FROM INVOICE DATE. BHEL'S | WRITTEN APPROVAL IS REQUIRED IN CASE | OF ANY DEVIATION FROM THE ABOVE.,TRANSFORMER FLYBACK 2.5:1SMD TRANSFORMER FLYBACK 2.5:1 14UH 11.5A ISO 4KV SMD-12,STANDARD,UNSPECIFIED,UNSPECIFIED,UNSPECIFIED,SMD,UNSPECIFIED,UNSPECIFIED,EE|XFMR|STANDARD|UNSPECIFIED|UNSPECIFIED|UNSPECIFIED|SMD|UNSPECIFIED|UNSPECIFIED,AUTO_MAPPED_TO_EXISTING_CNMC
CNMC-EE-RES-000235,BHEL,DV0692504486,ELECTRICAL_AND_ELECTRONICS,RESISTOR,"RESISTOR, POTENTIOMETER, 20K, 0.25W, PKG SMD",RES POT 20K 10% 12 TURN 0.25W SMD | TRIMPOT 20K 10% 12 TURN 0.25W SIDE ADJUST | SMD DATE CODE TO BE LESS THAN | 24 MONTHS FROM INVOICE DATE. BHEL'S | WRITTEN APPROVAL IS REQUIRED IN CASE | OF ANY DEVIATION FROM THE ABOVE.,RESISTOR POT 20K 10% 12 TURN 0.25W SMD TRIMPOT 20K 10% 12 TURN 0.25W SIDE ADJUST SMD,POTENTIOMETER,20K,0.25W,UNSPECIFIED,SMD,UNSPECIFIED,UNSPECIFIED,EE|RES|POTENTIOMETER|20K|0.25W|UNSPECIFIED|SMD|UNSPECIFIED|UNSPECIFIED,AUTO_MAPPED_TO_EXISTING_CNMC
CNMC-EE-RES-000385,BHEL,DV0692510563,ELECTRICAL_AND_ELECTRONICS,RESISTOR,"RESISTOR, 47.5K, 0.25W, 1206P, PKG 1206","RES THIN SMD 47.5K 0.1% 0.25W 1206 | RES THIN SMD 47.5K 0.1% 0.25W 1206 | OEM:PANASONIC P/N:ERA-8AEB4752V/ERA- | 8APB4752V ""OEM PACKAGING ONLY. DATE CODE",RESISTOR THIN SMD 47.5K 0.1% 0.25W 1206 RESISTOR THIN SMD 47.5K 0.1% 0.25W 1206 P/N:ERA-8AEB4752V/ERA- 8APB4752V,STANDARD,47.5K,0.25W,UNSPECIFIED,1206,1206P,UNSPECIFIED,EE|RES|STANDARD|47.5K|0.25W|UNSPECIFIED|1206|1206P|UNSPECIFIED,NEW_CNMC_GENERATED
CNMC-EE-RES-000216,BHEL,DV0692510682,ELECTRICAL_AND_ELECTRONICS,RESISTOR,"RESISTOR, METAL FILM, 1K, 1W, PKG AXIAL","RES MF 1K 1W 0.1% AXIAL TH | RES MF 1K 1W 0.1% AXIAL TH OEM:VISHAY | P/N:CMF601K0000BEBF ""OEM PACKAGING | ONLY. DATE CODE TO BE LESS THAN 24 | MONTHS FROM INVOICE DATE.BHEL'S | WRITTEN APPROVAL IS REQUIRED IN CASE OF | ANY DEVIATION FROM THE ABOVE.""",RESISTOR METAL_FILM 1K 1W 0.1% AXIAL THROUGH_HOLE RESISTOR METAL_FILM 1K 1W 0.1% AXIAL THROUGH_HOLE P/N:CMF601K0000BEBF,METAL_FILM,1K,1W,UNSPECIFIED,AXIAL,UNSPECIFIED,UNSPECIFIED,EE|RES|METAL_FILM|1K|1W|UNSPECIFIED|AXIAL|UNSPECIFIED|UNSPECIFIED,AUTO_MAPPED_TO_EXISTING_CNMC
CNMC-EE-RES-000386,BHEL,DV0692510854,ELECTRICAL_AND_ELECTRONICS,RESISTOR,"RESISTOR, 100K, 0.25W, 1206P, PKG 1206","RES THIN SMD 100K 0.1% 0.25W 1206 | RES THIN SMD 100K 0.1% 0.25W 1206 | OEM:VISHAY P/N:D55342E07B100BRT5 ""OEM | PACKAGING ONLY. DATE CODE TO BE LESS | THAN 24 MONTHS FROM INVOICE | DATE.BHEL'S WRITTEN APPROVAL IS REQUIRED",RESISTOR THIN SMD 100K 0.1% 0.25W 1206 RESISTOR THIN SMD 100K 0.1% 0.25W 1206 P/N:D55342E07B100BRT5,STANDARD,100K,0.25W,UNSPECIFIED,1206,1206P,UNSPECIFIED,EE|RES|STANDARD|100K|0.25W|UNSPECIFIED|1206|1206P|UNSPECIFIED,NEW_CNMC_GENERATED
CNMC-EE-RES-000218,BHEL,DV0692511028,ELECTRICAL_AND_ELECTRONICS,RESISTOR,"RESISTOR, METAL FILM, 330R, 0.25W, PKG AXIAL","RES MF 330R 0.25W 1% AXIAL TH | RES MF 330R 0.25W 1% AXIAL TH OEM: Stackpole | P/N:RNMF14FTC330R ""OEM | PACKAGING ONLY. DATE CODE TO BE LESS | THAN 24 MONTHS FROM INVOICE | DATE.BHEL'S WRITTEN APPROVAL IS REQUIRED",RESISTOR METAL_FILM 330R 0.25W 1% AXIAL THROUGH_HOLE RESISTOR METAL_FILM 330R 0.25W 1% AXIAL THROUGH_HOLE P/N:RNMF14FTC330R,METAL_FILM,330R,0.25W,UNSPECIFIED,AXIAL,UNSPECIFIED,UNSPECIFIED,EE|RES|METAL_FILM|330R|0.25W|UNSPECIFIED|AXIAL|UNSPECIFIED|UNSPECIFIED,AUTO_MAPPED_TO_EXISTING_CNMC
CNMC-EE-RES-000293,BHEL,DV0692511395,ELECTRICAL_AND_ELECTRONICS,RESISTOR,"RESISTOR, 1K, 0.25W, 1206P, PKG 1206","RES THIN SMD 1K 0.1% 0.25W 1206 | RES THIN SMD 1K 0.1% 0.25W 1206 | OEM:SUSUMU/Panasonic/STACKPOLE | P/N:RG3216P-1001-B-T1 /ERA-8AEB102V / | RNCF1206BKE1K00 ""OEM PACKAGING | ONLY. DATE CODE TO BE LESS THAN 24 | MONTHS FROM INVOICE DATE.BHEL'S | WRITTEN APPROVAL IS REQUIRED IN CASE OF | ANY DEVIATION FROM THE ABOVE.""",RESISTOR THIN SMD 1K 0.1% 0.25W 1206 RESISTOR THIN SMD 1K 0.1% 0.25W 1206 P/N:RG3216P-1001-B-T1 /ERA-8AEB102V / RNCF1206BKE1K00,STANDARD,1K,0.25W,UNSPECIFIED,1206,1206P,UNSPECIFIED,EE|RES|STANDARD|1K|0.25W|UNSPECIFIED|1206|1206P|UNSPECIFIED,AUTO_MAPPED_TO_EXISTING_CNMC
CNMC-EE-RES-000219,BHEL,ED7461402366,ELECTRICAL_AND_ELECTRONICS,RESISTOR,"RESISTOR, 680R, 2W",RES MTL OXD 680R 2% 2W 150PPM | RES MTL OXD 2W 2% | 680R 150PPM | MOR-412,RESISTOR METAL_OXIDE 680R 2% 2W 150PPM RESISTOR METAL_OXIDE 2W 2% 680R 150PPM MOR-412,STANDARD,680R,2W,UNSPECIFIED,UNSPECIFIED,UNSPECIFIED,UNSPECIFIED,EE|RES|STANDARD|680R|2W|UNSPECIFIED|UNSPECIFIED|UNSPECIFIED|UNSPECIFIED,AUTO_MAPPED_TO_EXISTING_CNMC
CNMC-EE-PWR-000015,BHEL,ED7470105999,ELECTRICAL_AND_ELECTRONICS,POWER_CONVERTER,"POWER_CONVERTER, DC DC CONVERTER, 50W","DC/DC CONVERTER | 150/300VDC/24VDC,50W | DC/DC CONVERTER | INPUT: 150/300VDC | OUTPUT: 24VDC, 50W",DC/DC CONVERTER 150/300VDC/24VDC 50W DC/DC CONVERTER INPUT: 150/300VDC OUTPUT: 24VDC 50W,DC_DC_CONVERTER,50W,UNSPECIFIED,UNSPECIFIED,UNSPECIFIED,UNSPECIFIED,300VDC/24VDC,EE|PWR|DC_DC_CONVERTER|50W|UNSPECIFIED|UNSPECIFIED|UNSPECIFIED|UNSPECIFIED|UNSPECIFIED,AUTO_MAPPED_TO_EXISTING_CNMC
CNMC-EE-RES-000220,BHEL,EN7460135305,ELECTRICAL_AND_ELECTRONICS,RESISTOR,"RESISTOR, METAL FILM, 1K, 0.25W, TOL 1%, PKG SMD",RES MF SMD 1K 1% 0.25W 50PPM | RES MTL FLM 1K 50PPM 1% 0.25W SMD | MMA0204-50 1%BL1K | HETT402370P0201,RESISTOR METAL_FILM SMD 1K 1% 0.25W 50PPM RESISTOR METAL_FILM 1K 50PPM 1% 0.25W SMD MMA0204-50 1%BL1K HETT402370P0201,METAL_FILM,1K,0.25W,1%,SMD,UNSPECIFIED,UNSPECIFIED,EE|RES|METAL_FILM|1K|0.25W|1%|SMD|UNSPECIFIED|UNSPECIFIED,AUTO_MAPPED_TO_EXISTING_CNMC
CNMC-EE-RES-000221,BHEL,EN7460135640,ELECTRICAL_AND_ELECTRONICS,RESISTOR,"RESISTOR, METAL FILM, 3.32K, 0.25W, TOL 1%, PKG SMD",RES MF SMD 3.32K 1% 0.25W 50PPM | RES MTL FLM 3.32K 50PPM 1% 0.25W SMD | MMA0204-50 1%BL3K32,RESISTOR METAL_FILM SMD 3.32K 1% 0.25W 50PPM RESISTOR METAL_FILM 3.32K 50PPM 1% 0.25W SMD MMA0204-50 1%BL3K32,METAL_FILM,3.32K,0.25W,1%,SMD,UNSPECIFIED,UNSPECIFIED,EE|RES|METAL_FILM|3.32K|0.25W|1%|SMD|UNSPECIFIED|UNSPECIFIED,AUTO_MAPPED_TO_EXISTING_CNMC
CNMC-EE-RES-000222,BHEL,EN7460135747,ELECTRICAL_AND_ELECTRONICS,RESISTOR,"RESISTOR, METAL FILM, 18.2K, 0.25W, TOL 1%, PKG SMD",RES MF SMD 18.2K 1% 0.25W 50PPM | RES MTL FLM 18.2K 50PPM 1% 0.25W SMD | MMA0204-50 1%BL18K2,RESISTOR METAL_FILM SMD 18.2K 1% 0.25W 50PPM RESISTOR METAL_FILM 18.2K 50PPM 1% 0.25W SMD MMA0204-50 1%BL18K2,METAL_FILM,18.2K,0.25W,1%,SMD,UNSPECIFIED,UNSPECIFIED,EE|RES|METAL_FILM|18.2K|0.25W|1%|SMD|UNSPECIFIED|UNSPECIFIED,AUTO_MAPPED_TO_EXISTING_CNMC
CNMC-EE-RES-000223,BHEL,EN7460135810,ELECTRICAL_AND_ELECTRONICS,RESISTOR,"RESISTOR, METAL FILM, 47K, 0.25W, PKG SMD",RES MF SMD 47K 1% 0.25W 50PPM | RES MTL FLM 47K 50PPM 1% 0.25W | MMA0204-50 1% BL47K,RESISTOR METAL_FILM SMD 47K 1% 0.25W 50PPM RESISTOR METAL_FILM 47K 50PPM 1% 0.25W MMA0204-50 1% BL47K,METAL_FILM,47K,0.25W,UNSPECIFIED,SMD,UNSPECIFIED,UNSPECIFIED,EE|RES|METAL_FILM|47K|0.25W|UNSPECIFIED|SMD|UNSPECIFIED|UNSPECIFIED,AUTO_MAPPED_TO_EXISTING_CNMC
CNMC-EE-RES-000224,BHEL,EN7460136468,ELECTRICAL_AND_ELECTRONICS,RESISTOR,"RESISTOR, METAL FILM, 1.3K, 0.25W, TOL 1%, PKG SMD",RES MF SMD 1.3K 1% 0.25W 50PPM | RES MTL FLM 1.3K SMD 0.25W 1% 50PPM | MMA0204-50 1%B1 1K3,RESISTOR METAL_FILM SMD 1.3K 1% 0.25W 50PPM RESISTOR METAL_FILM 1.3K SMD 0.25W 1% 50PPM MMA0204-50 1%B1 1K3,METAL_FILM,1.3K,0.25W,1%,SMD,UNSPECIFIED,UNSPECIFIED,EE|RES|METAL_FILM|1.3K|0.25W|1%|SMD|UNSPECIFIED|UNSPECIFIED,AUTO_MAPPED_TO_EXISTING_CNMC
CNMC-EE-RES-000225,BHEL,EN7460136743,ELECTRICAL_AND_ELECTRONICS,RESISTOR,"RESISTOR, METAL FILM, 100R, 0.25W, TOL 1%, PKG SMD",RES MF SMD 100R 1% 0.25W 50PPM | RES MTL FLM 100R 50PPM 1% 0.25W | MMA0204-50 1%BL100R,RESISTOR METAL_FILM SMD 100R 1% 0.25W 50PPM RESISTOR METAL_FILM 100R 50PPM 1% 0.25W MMA0204-50 1%BL100R,METAL_FILM,100R,0.25W,1%,SMD,UNSPECIFIED,UNSPECIFIED,EE|RES|METAL_FILM|100R|0.25W|1%|SMD|UNSPECIFIED|UNSPECIFIED,AUTO_MAPPED_TO_EXISTING_CNMC
CNMC-EE-RES-000226,BHEL,EN7460136760,ELECTRICAL_AND_ELECTRONICS,RESISTOR,"RESISTOR, METAL FILM, 200R, 0.25W, TOL 1%, PKG SMD","RES MF SMD 200R 1% 0.25W 50PPM | RES MTL FLM 200R SMD 50PPM, 1%, 0.25W | MMA0204-50 1%BL200R",RESISTOR METAL_FILM SMD 200R 1% 0.25W 50PPM RESISTOR METAL_FILM 200R SMD 50PPM 1% 0.25W MMA0204-50 1%BL200R,METAL_FILM,200R,0.25W,1%,SMD,UNSPECIFIED,UNSPECIFIED,EE|RES|METAL_FILM|200R|0.25W|1%|SMD|UNSPECIFIED|UNSPECIFIED,AUTO_MAPPED_TO_EXISTING_CNMC
CNMC-EE-RES-000227,BHEL,EN7460136964,ELECTRICAL_AND_ELECTRONICS,RESISTOR,"RESISTOR, METAL FILM, 4.75K, 0.25W, PKG SMD","RES MF SMD 4.75K 1% 0.25W 50PPM | RES MTL FLM 4.75K 1% 50PPM, 0.25W  SMD | MMA0204-50 1% BL4K75",RESISTOR METAL_FILM SMD 4.75K 1% 0.25W 50PPM RESISTOR METAL_FILM 4.75K 1% 50PPM 0.25W SMD MMA0204-50 1% BL4K75,METAL_FILM,4.75K,0.25W,UNSPECIFIED,SMD,UNSPECIFIED,UNSPECIFIED,EE|RES|METAL_FILM|4.75K|0.25W|UNSPECIFIED|SMD|UNSPECIFIED|UNSPECIFIED,AUTO_MAPPED_TO_EXISTING_CNMC
CNMC-EE-RES-000228,BHEL,EN7460139718,ELECTRICAL_AND_ELECTRONICS,RESISTOR,"RESISTOR, METAL FILM, 40K, 0.25W, TOL 25.1%, PKG SMD",RES MF SMD 40K 0.1% 0.25W 25PPM | RES MTL FLM SMD 40K 0.1% 0.25W 25PPM | MMA0204-25.1%BL40K,RESISTOR METAL_FILM SMD 40K 0.1% 0.25W 25PPM RESISTOR METAL_FILM SMD 40K 0.1% 0.25W 25PPM MMA0204-25.1%BL40K,METAL_FILM,40K,0.25W,25.1%,SMD,UNSPECIFIED,UNSPECIFIED,EE|RES|METAL_FILM|40K|0.25W|25.1%|SMD|UNSPECIFIED|UNSPECIFIED,AUTO_MAPPED_TO_EXISTING_CNMC
CNMC-EE-RES-000229,BHEL,EN7460182176,ELECTRICAL_AND_ELECTRONICS,RESISTOR,"RESISTOR, METAL FILM, 1.2K, 0.5W",RES MF 1.2K 2% 0.5W 50PPM | RES MTL FLM 0.5W | 1.2K 2% 50PPM | NK5,RESISTOR METAL_FILM 1.2K 2% 0.5W 50PPM RESISTOR METAL_FILM 0.5W 1.2K 2% 50PPM NK5,METAL_FILM,1.2K,0.5W,UNSPECIFIED,UNSPECIFIED,UNSPECIFIED,UNSPECIFIED,EE|RES|METAL_FILM|1.2K|0.5W|UNSPECIFIED|UNSPECIFIED|UNSPECIFIED|UNSPECIFIED,AUTO_MAPPED_TO_EXISTING_CNMC
CNMC-EE-RES-000230,BHEL,EN7461403010,ELECTRICAL_AND_ELECTRONICS,RESISTOR,"RESISTOR, 40R",THERMISTOR 40R @ +25_C | RES THERMISTOR | 40R @ +25øC | 2322 661 91003,THERMISTOR 40R +25_C RESISTOR THERMISTOR 40R +25ØC 2322 661 91003,STANDARD,40R,UNSPECIFIED,UNSPECIFIED,UNSPECIFIED,UNSPECIFIED,UNSPECIFIED,EE|RES|STANDARD|40R|UNSPECIFIED|UNSPECIFIED|UNSPECIFIED|UNSPECIFIED|UNSPECIFIED,AUTO_MAPPED_TO_EXISTING_CNMC
CNMC-EE-RES-000231,BHEL,EN7461418904,ELECTRICAL_AND_ELECTRONICS,RESISTOR,"RESISTOR, CARBON OR CERAMIC, 1.5K, 2W",RES CER COMP 1.5K 2W | RESISTOR CERAMIC COMPOSITION | 1.5K 10% 2W,RESISTOR CERAMIC_COMPOSITION 1.5K 2W RESISTOR CERAMIC COMPOSITION 1.5K 10% 2W,CARBON_OR_CERAMIC,1.5K,2W,UNSPECIFIED,UNSPECIFIED,UNSPECIFIED,UNSPECIFIED,EE|RES|CARBON_OR_CERAMIC|1.5K|2W|UNSPECIFIED|UNSPECIFIED|UNSPECIFIED|UNSPECIFIED,AUTO_MAPPED_TO_EXISTING_CNMC
CNMC-EE-RES-000232,BHEL,EN7461418939,ELECTRICAL_AND_ELECTRONICS,RESISTOR,"RESISTOR, CARBON OR CERAMIC, 18K, 2W",RES CER COMP 18K 2W | RESISTOR CERAMIC COMPOSITION | 18K 10% 2W,RESISTOR CERAMIC_COMPOSITION 18K 2W RESISTOR CERAMIC COMPOSITION 18K 10% 2W,CARBON_OR_CERAMIC,18K,2W,UNSPECIFIED,UNSPECIFIED,UNSPECIFIED,UNSPECIFIED,EE|RES|CARBON_OR_CERAMIC|18K|2W|UNSPECIFIED|UNSPECIFIED|UNSPECIFIED|UNSPECIFIED,AUTO_MAPPED_TO_EXISTING_CNMC
CNMC-EE-RES-000233,BHEL,EN7461418947,ELECTRICAL_AND_ELECTRONICS,RESISTOR,"RESISTOR, CARBON OR CERAMIC, 5.6K, 2W",RES CER COMP 5.6K 2W | RESISTOR CERAMIC COMPOSITION | 5.6K 10% 2W,RESISTOR CERAMIC_COMPOSITION 5.6K 2W RESISTOR CERAMIC COMPOSITION 5.6K 10% 2W,CARBON_OR_CERAMIC,5.6K,2W,UNSPECIFIED,UNSPECIFIED,UNSPECIFIED,UNSPECIFIED,EE|RES|CARBON_OR_CERAMIC|5.6K|2W|UNSPECIFIED|UNSPECIFIED|UNSPECIFIED|UNSPECIFIED,AUTO_MAPPED_TO_EXISTING_CNMC
CNMC-EE-RES-000234,BHEL,EN7461418955,ELECTRICAL_AND_ELECTRONICS,RESISTOR,"RESISTOR, CARBON OR CERAMIC, 3.3K, 2W",RES CER COMP 3.3K 2W | RESISTOR CERAMIC COMPOSITION | 3.3K 10% 2W,RESISTOR CERAMIC_COMPOSITION 3.3K 2W RESISTOR CERAMIC COMPOSITION 3.3K 10% 2W,CARBON_OR_CERAMIC,3.3K,2W,UNSPECIFIED,UNSPECIFIED,UNSPECIFIED,UNSPECIFIED,EE|RES|CARBON_OR_CERAMIC|3.3K|2W|UNSPECIFIED|UNSPECIFIED|UNSPECIFIED|UNSPECIFIED,AUTO_MAPPED_TO_EXISTING_CNMC
CNMC-EE-PWR-000016,BHEL,EN7467099541,ELECTRICAL_AND_ELECTRONICS,POWER_CONVERTER,"POWER_CONVERTER, DC DC CONVERTER, 25W","DC/DC CONVERTER 250VDC/15VDC,25W | DC/DC CONVERTER | INPUT: 250VDC | OUTPUT: 15VDC, 25W | OEM/ AUTHORISED DISTRIBUTOR /DEALER COC | TO BE SUBMITTED ALONG WITH | SUPPLY.  IN CASE OF DEALER COC , VENDOR | HAS TO PROVIDE  CERTIFICATE ON | VENDOR#S LETTER HEAD CERTIFYING | PROCUREMENT FROM OEM/AUTHORISED | DISTRIBUTOR.",DC/DC CONVERTER 250VDC/15VDC 25W DC/DC CONVERTER INPUT: 250VDC OUTPUT: 15VDC 25W AUTHORISED DISTRIBUTOR /DEALER COC TO BE SUBMITTED ALONG WITH SUPPLY. IN CASE OF DEALER COC VENDOR HAS TO PROVIDE CERTIFICATE ON VENDOR S LETTER HEAD CERTIFYING PROCUREMENT FROM DISTRIBUTOR.,DC_DC_CONVERTER,25W,UNSPECIFIED,UNSPECIFIED,UNSPECIFIED,UNSPECIFIED,250VDC/15VDC,EE|PWR|DC_DC_CONVERTER|25W|UNSPECIFIED|UNSPECIFIED|UNSPECIFIED|UNSPECIFIED|UNSPECIFIED,AUTO_MAPPED_TO_EXISTING_CNMC
CNMC-EE-PWR-000016,BHEL,EN7467099550,ELECTRICAL_AND_ELECTRONICS,POWER_CONVERTER,"POWER_CONVERTER, DC DC CONVERTER, 25W","DC/DC CONVERTER 110VDC/15VDC,25W | DC/DC CONVERTER | INPUT: 110VDC | OUTPUT: 15VDC, 25W",DC/DC CONVERTER 110VDC/15VDC 25W DC/DC CONVERTER INPUT: 110VDC OUTPUT: 15VDC 25W,DC_DC_CONVERTER,25W,UNSPECIFIED,UNSPECIFIED,UNSPECIFIED,UNSPECIFIED,110VDC/15VDC,EE|PWR|DC_DC_CONVERTER|25W|UNSPECIFIED|UNSPECIFIED|UNSPECIFIED|UNSPECIFIED|UNSPECIFIED,AUTO_MAPPED_TO_EXISTING_CNMC
CNMC-EE-PWR-000016,BHEL,EN7467099568,ELECTRICAL_AND_ELECTRONICS,POWER_CONVERTER,"POWER_CONVERTER, DC DC CONVERTER, 25W","DC/DC CONVERTER 250VDC/5VDC,25W | DC/DC CONVERTER | INPUT: 250VDC | OUTPUT: 5VDC, 25W | OEM/ AUTHORISED DISTRIBUTOR /DEALER | COC TO BE SUBMITTED ALONG WITH | SUPPLY.  IN CASE OF DEALER COC , | VENDOR HAS TO PROVIDE  CERTIFICATE ON | VENDOR#S LETTER HEAD CERTIFYING | PROCUREMENT | FROM OEM/AUTHORISED | DISTRIBUTOR",DC/DC CONVERTER 250VDC/5VDC 25W DC/DC CONVERTER INPUT: 250VDC OUTPUT: 5VDC 25W AUTHORISED DISTRIBUTOR /DEALER COC TO BE SUBMITTED ALONG WITH SUPPLY. IN CASE OF DEALER COC VENDOR HAS TO PROVIDE CERTIFICATE ON VENDOR S LETTER HEAD CERTIFYING PROCUREMENT FROM DISTRIBUTOR,DC_DC_CONVERTER,25W,UNSPECIFIED,UNSPECIFIED,UNSPECIFIED,UNSPECIFIED,250VDC/5VDC,EE|PWR|DC_DC_CONVERTER|25W|UNSPECIFIED|UNSPECIFIED|UNSPECIFIED|UNSPECIFIED|UNSPECIFIED,AUTO_MAPPED_TO_EXISTING_CNMC
CNMC-EE-PWR-000016,BHEL,EN7467099576,ELECTRICAL_AND_ELECTRONICS,POWER_CONVERTER,"POWER_CONVERTER, DC DC CONVERTER, 25W","DC/DC CONVERTER 110VDC/5VDC,25W | DC/DC CONVERTER | INPUT: 110VDC | OUTPUT: 5VDC, 25W",DC/DC CONVERTER 110VDC/5VDC 25W DC/DC CONVERTER INPUT: 110VDC OUTPUT: 5VDC 25W,DC_DC_CONVERTER,25W,UNSPECIFIED,UNSPECIFIED,UNSPECIFIED,UNSPECIFIED,110VDC/5VDC,EE|PWR|DC_DC_CONVERTER|25W|UNSPECIFIED|UNSPECIFIED|UNSPECIFIED|UNSPECIFIED|UNSPECIFIED,AUTO_MAPPED_TO_EXISTING_CNMC
CNMC-EE-PWR-000003,BHEL,EN7467099584,ELECTRICAL_AND_ELECTRONICS,POWER_CONVERTER,"POWER_CONVERTER, DC DC CONVERTER, 100W","DC/DC CONVERTER 250VDC/24VDC,100W | DC/DC CONVERTER | INPUT: 250VDC | OUTPUT: 24VDC, 100W | OEM/ AUTHORISED DISTRIBUTOR /DEALER COC | TO BE SUBMITTED ALONG WITH | SUPPLY.  IN CASE OF DEALER COC , VENDOR | HAS TO PROVIDE  CERTIFICATE ON | VENDOR#S LETTER HEAD CERTIFYING | PROCUREMENT FROM OEM/AUTHORISED | DISTRIBUTOR.",DC/DC CONVERTER 250VDC/24VDC 100W DC/DC CONVERTER INPUT: 250VDC OUTPUT: 24VDC 100W AUTHORISED DISTRIBUTOR /DEALER COC TO BE SUBMITTED ALONG WITH SUPPLY. IN CASE OF DEALER COC VENDOR HAS TO PROVIDE CERTIFICATE ON VENDOR S LETTER HEAD CERTIFYING PROCUREMENT FROM DISTRIBUTOR.,DC_DC_CONVERTER,100W,UNSPECIFIED,UNSPECIFIED,UNSPECIFIED,UNSPECIFIED,250VDC/24VDC,EE|PWR|DC_DC_CONVERTER|100W|UNSPECIFIED|UNSPECIFIED|UNSPECIFIED|UNSPECIFIED|UNSPECIFIED,AUTO_MAPPED_TO_EXISTING_CNMC
CNMC-EE-PWR-000003,BHEL,EN7467099592,ELECTRICAL_AND_ELECTRONICS,POWER_CONVERTER,"POWER_CONVERTER, DC DC CONVERTER, 100W","DC/DC CONVERTER 110VDC/24VDC,100W | DC/DC CONVERTER",DC/DC CONVERTER 110VDC/24VDC 100W DC/DC CONVERTER,DC_DC_CONVERTER,100W,UNSPECIFIED,UNSPECIFIED,UNSPECIFIED,UNSPECIFIED,110VDC/24VDC,EE|PWR|DC_DC_CONVERTER|100W|UNSPECIFIED|UNSPECIFIED|UNSPECIFIED|UNSPECIFIED|UNSPECIFIED,AUTO_MAPPED_TO_EXISTING_CNMC
CNMC-EE-PWR-000017,BHEL,EN7467099606,ELECTRICAL_AND_ELECTRONICS,POWER_CONVERTER,"POWER_CONVERTER, DC DC CONVERTER, 30W","DC/DC CON ±12V; BMP-12/1.65-Q48 | DC-DC CONVRTR +/-12V, 1.65MA, 30W | BMP-12/1.65-Q48",DC/DC CON 12V BMP-12/1.65-Q48 DC-DC CONVRTR +/-12V 1.65MA 30W BMP-12/1.65-Q48,DC_DC_CONVERTER,30W,UNSPECIFIED,UNSPECIFIED,UNSPECIFIED,UNSPECIFIED,UNSPECIFIED,EE|PWR|DC_DC_CONVERTER|30W|UNSPECIFIED|UNSPECIFIED|UNSPECIFIED|UNSPECIFIED|UNSPECIFIED,AUTO_MAPPED_TO_EXISTING_CNMC
CNMC-EE-PWR-000001,BHEL,EN7467099614,ELECTRICAL_AND_ELECTRONICS,POWER_CONVERTER,"POWER_CONVERTER, DC DC CONVERTER",DC/DC CONVRTR +/- 12V | DC-DC CNVRTR I/P:48V O/P:+/-12V | TEN 20-4822WI,DC/DC CONVRTR +/- 12V DC-DC CNVRTR I/P:48V O/P:+/-12V TEN 20-4822WI,DC_DC_CONVERTER,UNSPECIFIED,UNSPECIFIED,UNSPECIFIED,UNSPECIFIED,UNSPECIFIED,UNSPECIFIED,EE|PWR|DC_DC_CONVERTER|UNSPECIFIED|UNSPECIFIED|UNSPECIFIED|UNSPECIFIED|UNSPECIFIED|UNSPECIFIED,AUTO_MAPPED_TO_EXISTING_CNMC
CNMC-EE-PWR-000012,BHEL,EN7467099673,ELECTRICAL_AND_ELECTRONICS,POWER_CONVERTER,"POWER_CONVERTER, DC DC CONVERTER, 20W",DC/DC CONVERTER  ±15V | BWR-15/670-D12A | IC LIN +/-15V 20W | DC/DC CONVRTR DUAL | BHR-15/670-D12,DC/DC CONVERTER 15V BWR-15/670-D12A IC LIN +/-15V 20W DC/DC CONVRTR DUAL BHR-15/670-D12,DC_DC_CONVERTER,20W,UNSPECIFIED,UNSPECIFIED,UNSPECIFIED,UNSPECIFIED,UNSPECIFIED,EE|PWR|DC_DC_CONVERTER|20W|UNSPECIFIED|UNSPECIFIED|UNSPECIFIED|UNSPECIFIED|UNSPECIFIED,AUTO_MAPPED_TO_EXISTING_CNMC
CNMC-EE-PWR-000018,BHEL,EN7467099924,ELECTRICAL_AND_ELECTRONICS,POWER_CONVERTER,"POWER_CONVERTER, DC DC CONVERTER, 5W",DC/DC CON  ±15V BWR-15/165-D24 | DC/DC CONVRTR 5W +/-15V | 165MA MINI BWR-15/165-D24,DC/DC CON 15V BWR-15/165-D24 DC/DC CONVRTR 5W +/-15V 165MA MINI BWR-15/165-D24,DC_DC_CONVERTER,5W,UNSPECIFIED,UNSPECIFIED,UNSPECIFIED,UNSPECIFIED,UNSPECIFIED,EE|PWR|DC_DC_CONVERTER|5W|UNSPECIFIED|UNSPECIFIED|UNSPECIFIED|UNSPECIFIED|UNSPECIFIED,AUTO_MAPPED_TO_EXISTING_CNMC
CNMC-EE-PWR-000017,BHEL,EN7470105956,ELECTRICAL_AND_ELECTRONICS,POWER_CONVERTER,"POWER_CONVERTER, DC DC CONVERTER, 30W",DC/DC CON +/-15V / 1A/10-40Vdc/30W | DAVR,DC/DC CON +/-15V / 1A/10-40VDC/30W DAVR,DC_DC_CONVERTER,30W,UNSPECIFIED,UNSPECIFIED,UNSPECIFIED,UNSPECIFIED,UNSPECIFIED,EE|PWR|DC_DC_CONVERTER|30W|UNSPECIFIED|UNSPECIFIED|UNSPECIFIED|UNSPECIFIED|UNSPECIFIED,AUTO_MAPPED_TO_EXISTING_CNMC
